{"type":"FeatureCollection","source":{"url":"https://api.openstreetmap.org/api/0.6/map.json?bbox=126.6925639,37.4340681,126.7218288,37.4610653","retrievedAt":"2026-09-22T00:21:31.614Z","license":"ODbL-1.0","scope":"Closed building ways in the downloaded map extent; not a complete building inventory","total":1551,"withHeight":397},"features":[{"type":"Feature","id":236369836,"properties":{"osmId":236369836,"name":"남인천우체국","height":null,"heightTag":null,"building":"yes","updatedAt":"2025-04-12T02:27:41Z"},"geometry":{"type":"Polygon","coordinates":[[[126.6961577,37.4605024],[126.6965631,37.4607063],[126.6966722,37.4605696],[126.6965017,37.4605061],[126.6966397,37.4603459],[126.6964097,37.4601999],[126.6963495,37.4602729],[126.6962776,37.4603522],[126.6961577,37.4605024]]]}},{"type":"Feature","id":238024537,"properties":{"osmId":238024537,"name":"인천광역시청","height":20,"heightTag":"20","building":"office","updatedAt":"2026-04-02T07:42:49Z"},"geometry":{"type":"Polygon","coordinates":[[[126.7047293,37.4557979],[126.7056495,37.4557163],[126.7057523,37.4564469],[126.704832,37.4565285],[126.7047293,37.4557979]]]}},{"type":"Feature","id":270520975,"properties":{"osmId":270520975,"name":"인천광역시중앙도서관","height":null,"heightTag":null,"building":"yes","updatedAt":"2026-04-02T07:42:49Z"},"geometry":{"type":"Polygon","coordinates":[[[126.7023733,37.4558333],[126.7022271,37.455844],[126.7022032,37.4556388],[126.7027681,37.4555975],[126.702792,37.4558026],[126.7026536,37.4558128],[126.7026598,37.4558655],[126.7023794,37.4558861],[126.7023733,37.4558333]]]}},{"type":"Feature","id":281753165,"properties":{"osmId":281753165,"name":"인천광역시 교육청","height":20,"heightTag":"20","building":"government","updatedAt":"2026-07-30T10:20:14Z"},"geometry":{"type":"Polygon","coordinates":[[[126.702756,37.4564518],[126.7026969,37.4564563],[126.7026822,37.456336],[126.7026844,37.456325],[126.7026968,37.456322],[126.7027282,37.4563195],[126.7027233,37.4562796],[126.7035485,37.4562158],[126.7035529,37.4562517],[126.7035777,37.4562494],[126.7035935,37.4562519],[126.7035999,37.4562645],[126.703615,37.4563904],[126.7035714,37.4563938],[126.7035659,37.4563487],[126.7032784,37.4563708],[126.7032869,37.4564407],[126.7029933,37.4564633],[126.7029851,37.4563968],[126.7027515,37.4564148],[126.702756,37.4564518]]]}},{"type":"Feature","id":281753166,"properties":{"osmId":281753166,"name":"주안도서관","height":null,"heightTag":null,"building":"yes","updatedAt":"2025-08-17T04:26:10Z"},"geometry":{"type":"Polygon","coordinates":[[[126.6925862,37.4556105],[126.6926087,37.4553086],[126.6928963,37.4553144],[126.6932124,37.4553439],[126.6931868,37.4556622],[126.6929773,37.4556463],[126.6929894,37.4555851],[126.6928295,37.4555763],[126.6928319,37.4556364],[126.6925862,37.4556105]]]}},{"type":"Feature","id":282238661,"properties":{"osmId":282238661,"name":"은석교회 교육관","height":null,"heightTag":null,"building":"yes","updatedAt":"2025-02-20T11:44:36Z"},"geometry":{"type":"Polygon","coordinates":[[[126.6924226,37.4610393],[126.6925347,37.4608836],[126.6926674,37.4609509],[126.692553,37.4611093],[126.6924226,37.4610393]]]}},{"type":"Feature","id":283738927,"properties":{"osmId":283738927,"name":"탑프라자투 빌딩","height":null,"heightTag":null,"building":"commercial","updatedAt":"2025-04-12T02:27:41Z"},"geometry":{"type":"Polygon","coordinates":[[[126.6967636,37.4608544],[126.6970043,37.4605426],[126.6973405,37.4607055],[126.6971812,37.4610876],[126.6967636,37.4608544]]]}},{"type":"Feature","id":286831631,"properties":{"osmId":286831631,"name":"","height":null,"heightTag":null,"building":"yes","updatedAt":"2016-07-28T04:29:17Z"},"geometry":{"type":"Polygon","coordinates":[[[126.697131,37.4443399],[126.6969312,37.4439012],[126.697051,37.4438628],[126.6970713,37.443892],[126.6976515,37.4437079],[126.6978538,37.4441296],[126.697131,37.4443399]]]}},{"type":"Feature","id":315204740,"properties":{"osmId":315204740,"name":"","height":null,"heightTag":null,"building":"commercial","updatedAt":"2014-11-30T19:46:40Z"},"geometry":{"type":"Polygon","coordinates":[[[126.6953754,37.4411888],[126.6954698,37.4412212],[126.6955334,37.4411041],[126.6954106,37.441062],[126.6953843,37.4411103],[126.6954127,37.4411201],[126.6953754,37.4411888]]]}},{"type":"Feature","id":315204741,"properties":{"osmId":315204741,"name":"","height":null,"heightTag":null,"building":"residential","updatedAt":"2014-11-30T19:46:40Z"},"geometry":{"type":"Polygon","coordinates":[[[126.6952077,37.4411313],[126.6952461,37.4410429],[126.6953629,37.4410831],[126.695317,37.4411671],[126.6952077,37.4411313]]]}},{"type":"Feature","id":315204743,"properties":{"osmId":315204743,"name":"","height":null,"heightTag":null,"building":"residential","updatedAt":"2014-11-30T19:46:40Z"},"geometry":{"type":"Polygon","coordinates":[[[126.6950468,37.4410663],[126.6950682,37.4409982],[126.695083,37.4409993],[126.6951084,37.4409311],[126.6951862,37.440945],[126.6951406,37.4410898],[126.6951259,37.441094],[126.6950468,37.4410663]]]}},{"type":"Feature","id":315204744,"properties":{"osmId":315204744,"name":"","height":null,"heightTag":null,"building":"residential","updatedAt":"2014-11-30T19:46:40Z"},"geometry":{"type":"Polygon","coordinates":[[[126.6948885,37.4409854],[126.6949582,37.44088],[126.6950494,37.4409162],[126.6949784,37.4410387],[126.6948979,37.4410067],[126.6948885,37.4409854]]]}},{"type":"Feature","id":315204746,"properties":{"osmId":315204746,"name":"","height":null,"heightTag":null,"building":"residential","updatedAt":"2014-11-30T19:46:40Z"},"geometry":{"type":"Polygon","coordinates":[[[126.6946873,37.4409184],[126.6947432,37.4408351],[126.694857,37.4408834],[126.6948011,37.4409666],[126.6946873,37.4409184]]]}},{"type":"Feature","id":315204747,"properties":{"osmId":315204747,"name":"","height":null,"heightTag":null,"building":"residential","updatedAt":"2014-11-30T19:46:40Z"},"geometry":{"type":"Polygon","coordinates":[[[126.6946122,37.4408789],[126.694678,37.4409024],[126.694749,37.4407969],[126.6946391,37.4407512],[126.694623,37.4407714],[126.6946297,37.440781],[126.6945948,37.4408363],[126.6946122,37.4408566],[126.6946122,37.4408789]]]}},{"type":"Feature","id":315204750,"properties":{"osmId":315204750,"name":"현대관교동 주유소","height":null,"heightTag":null,"building":"yes","updatedAt":"2014-11-30T19:46:40Z"},"geometry":{"type":"Polygon","coordinates":[[[126.6931808,37.4416974],[126.6932272,37.4417244],[126.6930617,37.4419032],[126.6930154,37.4418762],[126.6931808,37.4416974]]]}},{"type":"Feature","id":315204752,"properties":{"osmId":315204752,"name":"","height":null,"heightTag":null,"building":"commercial","updatedAt":"2014-11-30T19:46:40Z"},"geometry":{"type":"Polygon","coordinates":[[[126.6931176,37.4419576],[126.6931632,37.4419065],[126.6932678,37.4419597],[126.6932195,37.442013],[126.6931176,37.4419576]]]}},{"type":"Feature","id":409631018,"properties":{"osmId":409631018,"name":"롯데백화점","height":null,"heightTag":null,"building":"yes","updatedAt":"2025-07-28T09:01:28Z"},"geometry":{"type":"Polygon","coordinates":[[[126.7008237,37.4421375],[126.7012916,37.4421014],[126.7012744,37.4419829],[126.7018877,37.4419257],[126.7019003,37.442018],[126.7019541,37.4420127],[126.7019581,37.442049],[126.7019945,37.4420472],[126.702054,37.4426075],[126.7019324,37.4426149],[126.7018582,37.442635],[126.7017511,37.4426422],[126.7016578,37.442647],[126.7015236,37.4426427],[126.7008881,37.4426882],[126.7008237,37.4421375]]]}},{"type":"Feature","id":409631034,"properties":{"osmId":409631034,"name":"","height":null,"heightTag":null,"building":"commercial","updatedAt":"2016-10-19T06:11:30Z"},"geometry":{"type":"Polygon","coordinates":[[[126.7014115,37.4426512],[126.7008881,37.4426882],[126.7004646,37.4427182],[126.7005264,37.443207],[126.7006018,37.4432019],[126.7007173,37.4432088],[126.7008954,37.4432044],[126.7010054,37.4431983],[126.7011273,37.4431872],[126.7012788,37.4431662],[126.7013796,37.4431493],[126.7014705,37.4431431],[126.7014115,37.4426512]]]}},{"type":"Feature","id":410504045,"properties":{"osmId":410504045,"name":"","height":null,"heightTag":null,"building":"hospital","updatedAt":"2026-04-02T07:42:49Z"},"geometry":{"type":"Polygon","coordinates":[[[126.7088102,37.4523514],[126.7097168,37.4523089],[126.7096846,37.4519171],[126.7092823,37.4519554],[126.7094701,37.4518532],[126.7093716,37.4517169],[126.7092839,37.4517475],[126.7091813,37.4517643],[126.7090892,37.4517643],[126.709022,37.4517615],[126.7089406,37.4517334],[126.7088698,37.451888],[126.7090715,37.4519442],[126.7087884,37.4519779],[126.7088102,37.4523514]]]}},{"type":"Feature","id":410504471,"properties":{"osmId":410504471,"name":"장례식장","height":null,"heightTag":null,"building":"hospital","updatedAt":"2026-04-02T07:42:49Z"},"geometry":{"type":"Polygon","coordinates":[[[126.7098555,37.452181],[126.7098335,37.4519385],[126.7101156,37.4519223],[126.7101376,37.4521648],[126.7098555,37.452181]]]}},{"type":"Feature","id":410504971,"properties":{"osmId":410504971,"name":"","height":null,"heightTag":null,"building":"hospital","updatedAt":"2026-04-02T07:42:49Z"},"geometry":{"type":"Polygon","coordinates":[[[126.7086847,37.450872],[126.7090339,37.450856],[126.7090423,37.4509719],[126.7089756,37.4509749],[126.70898,37.4510353],[126.7089172,37.4510381],[126.7089212,37.4510944],[126.7088644,37.4510969],[126.7088677,37.4511437],[126.7087049,37.4511512],[126.7086847,37.450872]]]}},{"type":"Feature","id":410505014,"properties":{"osmId":410505014,"name":"","height":null,"heightTag":null,"building":"hospital","updatedAt":"2026-04-02T07:42:49Z"},"geometry":{"type":"Polygon","coordinates":[[[126.7092697,37.4511294],[126.709613,37.4511069],[126.7095954,37.4509074],[126.709252,37.4509299],[126.7092697,37.4511294]]]}},{"type":"Feature","id":427758688,"properties":{"osmId":427758688,"name":"","height":null,"heightTag":null,"building":"yes","updatedAt":"2025-02-20T11:44:36Z"},"geometry":{"type":"Polygon","coordinates":[[[126.6981673,37.4340989],[126.6981916,37.4340406],[126.698329,37.4340766],[126.6983047,37.4341349],[126.6981673,37.4340989]]]}},{"type":"Feature","id":427758689,"properties":{"osmId":427758689,"name":"","height":null,"heightTag":null,"building":"yes","updatedAt":"2025-02-20T11:44:36Z"},"geometry":{"type":"Polygon","coordinates":[[[126.6984347,37.4341016],[126.6985772,37.434139],[126.6986338,37.4340028],[126.6984913,37.4339654],[126.6984347,37.4341016]]]}},{"type":"Feature","id":427758690,"properties":{"osmId":427758690,"name":"","height":null,"heightTag":null,"building":"yes","updatedAt":"2025-02-20T11:44:36Z"},"geometry":{"type":"Polygon","coordinates":[[[126.6986214,37.4341135],[126.6986687,37.4340074],[126.698969,37.4340917],[126.6989217,37.4341978],[126.6986214,37.4341135]]]}},{"type":"Feature","id":427758691,"properties":{"osmId":427758691,"name":"","height":null,"heightTag":null,"building":"yes","updatedAt":"2025-02-20T11:44:36Z"},"geometry":{"type":"Polygon","coordinates":[[[126.6990054,37.4341562],[126.6990196,37.4341139],[126.6991007,37.434131],[126.6990846,37.4341789],[126.6990826,37.4341725],[126.6990054,37.4341562]]]}},{"type":"Feature","id":427758696,"properties":{"osmId":427758696,"name":"","height":null,"heightTag":null,"building":"yes","updatedAt":"2025-02-20T11:44:36Z"},"geometry":{"type":"Polygon","coordinates":[[[126.6986845,37.4361227],[126.6989929,37.4360879],[126.6989575,37.4358902],[126.6989338,37.4358929],[126.6989273,37.4358568],[126.6987602,37.4358757],[126.6987672,37.4359148],[126.6986497,37.4359281],[126.6986845,37.4361227]]]}},{"type":"Feature","id":427758697,"properties":{"osmId":427758697,"name":"","height":null,"heightTag":null,"building":"yes","updatedAt":"2025-02-20T11:44:36Z"},"geometry":{"type":"Polygon","coordinates":[[[126.6993642,37.4360861],[126.6995348,37.4360901],[126.6995389,37.4359778],[126.6993683,37.4359738],[126.6993642,37.4360861]]]}},{"type":"Feature","id":427758698,"properties":{"osmId":427758698,"name":"","height":null,"heightTag":null,"building":"yes","updatedAt":"2025-02-20T11:44:36Z"},"geometry":{"type":"Polygon","coordinates":[[[126.6991119,37.4359226],[126.699257,37.4359034],[126.6992694,37.4359625],[126.6991243,37.4359817],[126.6991119,37.4359226]]]}},{"type":"Feature","id":427758700,"properties":{"osmId":427758700,"name":"","height":null,"heightTag":null,"building":"yes","updatedAt":"2025-02-20T11:44:36Z"},"geometry":{"type":"Polygon","coordinates":[[[126.6993027,37.4359419],[126.6992702,37.4358587],[126.6992938,37.4358529],[126.6992697,37.4357909],[126.6993317,37.4357757],[126.6993883,37.4359208],[126.6993027,37.4359419]]]}},{"type":"Feature","id":427758701,"properties":{"osmId":427758701,"name":"","height":null,"heightTag":null,"building":"yes","updatedAt":"2025-02-20T11:44:36Z"},"geometry":{"type":"Polygon","coordinates":[[[126.6995886,37.4359868],[126.6994857,37.435701],[126.6996416,37.4356655],[126.6997038,37.4358381],[126.6997337,37.4358313],[126.6997745,37.4359446],[126.6995886,37.4359868]]]}},{"type":"Feature","id":427758702,"properties":{"osmId":427758702,"name":"","height":null,"heightTag":null,"building":"yes","updatedAt":"2025-02-20T11:44:36Z"},"geometry":{"type":"Polygon","coordinates":[[[126.701244,37.4387656],[126.7014204,37.4387645],[126.7014196,37.4386837],[126.7014703,37.4387101],[126.7015177,37.4386527],[126.7014125,37.438598],[126.7012423,37.4385991],[126.701244,37.4387656]]]}},{"type":"Feature","id":427758707,"properties":{"osmId":427758707,"name":"","height":null,"heightTag":null,"building":"yes","updatedAt":"2016-06-28T06:59:23Z"},"geometry":{"type":"Polygon","coordinates":[[[126.7020254,37.4400334],[126.7020074,37.4399129],[126.7019803,37.4399154],[126.701938,37.4396316],[126.7020468,37.4396214],[126.7020555,37.4396799],[126.702255,37.4396612],[126.7022933,37.4399185],[126.7022017,37.4399272],[126.7022149,37.4400156],[126.7020254,37.4400334]]]}},{"type":"Feature","id":427758708,"properties":{"osmId":427758708,"name":"","height":null,"heightTag":null,"building":"parking","updatedAt":"2019-08-19T07:13:01Z"},"geometry":{"type":"Polygon","coordinates":[[[126.7022346,37.4429818],[126.7025688,37.4429561],[126.7025661,37.4429338],[126.7025937,37.4429317],[126.7026175,37.4429187],[126.7026287,37.4429002],[126.7026334,37.4428724],[126.7026557,37.4428709],[126.7026074,37.4424166],[126.7025815,37.4424184],[126.7025797,37.4424015],[126.7025637,37.4423784],[126.7025377,37.4423718],[126.7025043,37.4423747],[126.702502,37.4423575],[126.7021617,37.4423867],[126.702157,37.4424015],[126.7021377,37.4424076],[126.7021216,37.4424233],[126.702112,37.4424426],[126.7021142,37.4424626],[126.7020965,37.4424645],[126.7021692,37.4429303],[126.7021865,37.4429283],[126.7021944,37.442945],[126.7022113,37.4429548],[126.7022319,37.4429596],[126.7022346,37.4429818]]]}},{"type":"Feature","id":427758710,"properties":{"osmId":427758710,"name":"인천종합터미널","height":null,"heightTag":null,"building":"yes","updatedAt":"2023-11-11T03:58:46Z"},"geometry":{"type":"Polygon","coordinates":[[[126.7012724,37.4419787],[126.7018304,37.4419203],[126.7018549,37.4419138],[126.7018818,37.4419036],[126.7019005,37.4418832],[126.7019075,37.44186],[126.7019075,37.4418387],[126.7019227,37.4418378],[126.7018901,37.4415803],[126.7018725,37.4415829],[126.7018619,37.4415671],[126.7018444,37.4415569],[126.7018152,37.4415486],[126.7017896,37.4415504],[126.7017872,37.4415328],[126.7012187,37.4415838],[126.701221,37.441607],[126.701186,37.4416088],[126.7011638,37.4416153],[126.7011556,37.4416255],[126.7011486,37.441645],[126.7011474,37.4416626],[126.7011323,37.4416644],[126.7011327,37.4416673],[126.7011696,37.4419166],[126.7011906,37.4419166],[126.7011953,37.4419333],[126.7012058,37.4419527],[126.7012198,37.4419592],[126.7012397,37.4419629],[126.7012665,37.4419601],[126.7012724,37.4419787]]]}},{"type":"Feature","id":427758711,"properties":{"osmId":427758711,"name":"","height":null,"heightTag":null,"building":"yes","updatedAt":"2016-06-28T06:59:24Z"},"geometry":{"type":"Polygon","coordinates":[[[126.7007294,37.4416537],[126.7009458,37.4416353],[126.7008804,37.4411512],[126.7006639,37.4411697],[126.7007294,37.4416537]]]}},{"type":"Feature","id":427758713,"properties":{"osmId":427758713,"name":"뉴코아","height":59,"heightTag":"59","building":"commercial","updatedAt":"2026-07-22T10:45:18Z"},"geometry":{"type":"Polygon","coordinates":[[[126.7005105,37.4442102],[126.7004497,37.4437221],[126.7005757,37.4436412],[126.7007247,37.4436278],[126.7007215,37.4436053],[126.7008493,37.4435939],[126.7009318,37.4441732],[126.7005105,37.4442102]]]}},{"type":"Feature","id":432308958,"properties":{"osmId":432308958,"name":"","height":null,"heightTag":null,"building":"yes","updatedAt":"2026-04-02T07:42:49Z"},"geometry":{"type":"Polygon","coordinates":[[[126.7009937,37.4446166],[126.7005921,37.444653],[126.7005609,37.4444359],[126.7009625,37.4443995],[126.7009937,37.4446166]]]}},{"type":"Feature","id":432308961,"properties":{"osmId":432308961,"name":"","height":null,"heightTag":null,"building":"commercial","updatedAt":"2026-07-22T10:45:18Z"},"geometry":{"type":"Polygon","coordinates":[[[126.7011232,37.4437278],[126.701222,37.4437442],[126.7013938,37.4437342],[126.7013717,37.443496],[126.701191,37.4435065],[126.7010937,37.443544],[126.7011232,37.4437278]]]}},{"type":"Feature","id":432308962,"properties":{"osmId":432308962,"name":"","height":66,"heightTag":"66","building":"commercial","updatedAt":"2026-07-22T10:45:18Z"},"geometry":{"type":"Polygon","coordinates":[[[126.701436,37.4437009],[126.7016734,37.4436916],[126.7016748,37.4437138],[126.7016822,37.4437267],[126.7016969,37.4437314],[126.7017235,37.4437337],[126.7017412,37.4437208],[126.7017382,37.4435124],[126.7017161,37.4434936],[126.701651,37.443496],[126.7016495,37.4434727],[126.7014223,37.4434817],[126.701436,37.4437009]]]}},{"type":"Feature","id":432308963,"properties":{"osmId":432308963,"name":"","height":null,"heightTag":null,"building":"commercial","updatedAt":"2026-04-02T07:42:49Z"},"geometry":{"type":"Polygon","coordinates":[[[126.7020087,37.4436963],[126.7019659,37.443674],[126.7019364,37.4434539],[126.7019895,37.4434],[126.7021942,37.443382],[126.7022352,37.4436764],[126.7020087,37.4436963]]]}},{"type":"Feature","id":432315467,"properties":{"osmId":432315467,"name":"","height":null,"heightTag":null,"building":"commercial","updatedAt":"2026-04-02T07:42:49Z"},"geometry":{"type":"Polygon","coordinates":[[[126.7022374,37.4433785],[126.7024844,37.4433555],[126.7025244,37.4436273],[126.7022774,37.4436502],[126.7022374,37.4433785]]]}},{"type":"Feature","id":432315468,"properties":{"osmId":432315468,"name":"","height":null,"heightTag":null,"building":"commercial","updatedAt":"2026-04-02T07:42:49Z"},"geometry":{"type":"Polygon","coordinates":[[[126.7027669,37.4436817],[126.7025611,37.4436882],[126.7025436,37.4433403],[126.7025767,37.4433393],[126.7025759,37.4433221],[126.7027163,37.4433177],[126.7027185,37.4433609],[126.7027636,37.4433595],[126.702798,37.4433983],[126.7028125,37.4436499],[126.7027669,37.4436817]]]}},{"type":"Feature","id":432315469,"properties":{"osmId":432315469,"name":"","height":44,"heightTag":"44","building":"commercial","updatedAt":"2026-07-22T10:45:18Z"},"geometry":{"type":"Polygon","coordinates":[[[126.703077,37.443572],[126.7033357,37.4435652],[126.703327,37.4433576],[126.7033013,37.4433582],[126.7033005,37.4433367],[126.7030992,37.443342],[126.7031001,37.4433637],[126.7030684,37.4433645],[126.703077,37.443572]]]}},{"type":"Feature","id":432315470,"properties":{"osmId":432315470,"name":"","height":null,"heightTag":null,"building":"commercial","updatedAt":"2026-04-02T07:42:49Z"},"geometry":{"type":"Polygon","coordinates":[[[126.7011624,37.4440933],[126.7014394,37.4440774],[126.7014233,37.4439005],[126.7011463,37.4439164],[126.7011624,37.4440933]]]}},{"type":"Feature","id":432315471,"properties":{"osmId":432315471,"name":"","height":null,"heightTag":null,"building":"commercial","updatedAt":"2026-04-02T07:42:49Z"},"geometry":{"type":"Polygon","coordinates":[[[126.7014588,37.4440737],[126.70171,37.4440606],[126.7016954,37.4438849],[126.7015179,37.4438942],[126.7015215,37.4439374],[126.7014478,37.4439412],[126.7014588,37.4440737]]]}},{"type":"Feature","id":432315472,"properties":{"osmId":432315472,"name":"","height":35,"heightTag":"35","building":"commercial","updatedAt":"2026-07-22T10:45:18Z"},"geometry":{"type":"Polygon","coordinates":[[[126.7011869,37.4443347],[126.7014913,37.4443194],[126.7014765,37.4441328],[126.7011721,37.444148],[126.7011869,37.4443347]]]}},{"type":"Feature","id":432315473,"properties":{"osmId":432315473,"name":"","height":null,"heightTag":null,"building":"commercial","updatedAt":"2026-04-02T07:42:49Z"},"geometry":{"type":"Polygon","coordinates":[[[126.7015243,37.4443318],[126.7018525,37.4443105],[126.7018374,37.4441387],[126.7015093,37.44416],[126.7015243,37.4443318]]]}},{"type":"Feature","id":432315474,"properties":{"osmId":432315474,"name":"","height":null,"heightTag":null,"building":"commercial","updatedAt":"2026-04-02T07:42:49Z"},"geometry":{"type":"Polygon","coordinates":[[[126.7023198,37.444305],[126.7021034,37.4443226],[126.7020701,37.4443121],[126.7020423,37.4441629],[126.7020745,37.4441337],[126.7022952,37.4441157],[126.7023198,37.444305]]]}},{"type":"Feature","id":432315475,"properties":{"osmId":432315475,"name":"","height":41,"heightTag":"41","building":"commercial","updatedAt":"2026-07-22T10:45:18Z"},"geometry":{"type":"Polygon","coordinates":[[[126.7023535,37.4442463],[126.7026115,37.4442279],[126.7025986,37.4441137],[126.7023405,37.4441321],[126.7023535,37.4442463]]]}},{"type":"Feature","id":432315476,"properties":{"osmId":432315476,"name":"","height":33,"heightTag":"33","building":"commercial","updatedAt":"2026-07-22T10:45:18Z"},"geometry":{"type":"Polygon","coordinates":[[[126.7026542,37.4442665],[126.7028913,37.4442515],[126.7029069,37.4442303],[126.7028925,37.444087],[126.7026378,37.4441031],[126.7026542,37.4442665]]]}},{"type":"Feature","id":432315477,"properties":{"osmId":432315477,"name":"","height":null,"heightTag":null,"building":"commercial","updatedAt":"2026-04-02T07:42:49Z"},"geometry":{"type":"Polygon","coordinates":[[[126.7025545,37.4439795],[126.7028788,37.4439637],[126.702869,37.4438364],[126.7028279,37.4438384],[126.7028259,37.4438128],[126.7025729,37.4438252],[126.7025755,37.4438579],[126.7025452,37.4438594],[126.7025545,37.4439795]]]}},{"type":"Feature","id":432315478,"properties":{"osmId":432315478,"name":"","height":37,"heightTag":"37","building":"commercial","updatedAt":"2026-07-22T10:45:18Z"},"geometry":{"type":"Polygon","coordinates":[[[126.7015429,37.4446483],[126.7012921,37.4446629],[126.7012185,37.4445795],[126.7012185,37.4445503],[126.7012474,37.4445253],[126.7012461,37.4444763],[126.7015245,37.4444523],[126.7015429,37.4446483]]]}},{"type":"Feature","id":432315479,"properties":{"osmId":432315479,"name":"","height":null,"heightTag":null,"building":"commercial","updatedAt":"2026-04-02T07:42:49Z"},"geometry":{"type":"Polygon","coordinates":[[[126.7015603,37.4446489],[126.7018931,37.4446257],[126.7018764,37.4444701],[126.7018344,37.4444346],[126.7015402,37.4444513],[126.7015603,37.4446489]]]}},{"type":"Feature","id":432315480,"properties":{"osmId":432315480,"name":"","height":39,"heightTag":"39","building":"commercial","updatedAt":"2026-07-22T10:45:18Z"},"geometry":{"type":"Polygon","coordinates":[[[126.7023791,37.4445904],[126.7021071,37.4446121],[126.7020884,37.4444636],[126.7021179,37.4444254],[126.7023559,37.4444065],[126.7023791,37.4445904]]]}},{"type":"Feature","id":432315482,"properties":{"osmId":432315482,"name":"","height":null,"heightTag":null,"building":"commercial","updatedAt":"2026-04-02T07:42:49Z"},"geometry":{"type":"Polygon","coordinates":[[[126.7023894,37.4445985],[126.7026449,37.4445823],[126.7026248,37.4443831],[126.7023693,37.4443994],[126.7023894,37.4445985]]]}},{"type":"Feature","id":432315483,"properties":{"osmId":432315483,"name":"","height":34,"heightTag":"34","building":"commercial","updatedAt":"2026-07-22T10:45:18Z"},"geometry":{"type":"Polygon","coordinates":[[[126.7029415,37.4445448],[126.7026844,37.4445597],[126.7026681,37.4443818],[126.7028854,37.4443693],[126.7029287,37.4444055],[126.7029415,37.4445448]]]}},{"type":"Feature","id":432315484,"properties":{"osmId":432315484,"name":"","height":29,"heightTag":"29","building":"commercial","updatedAt":"2026-07-22T10:45:18Z"},"geometry":{"type":"Polygon","coordinates":[[[126.7012913,37.4450419],[126.701442,37.4450291],[126.7014361,37.4449852],[126.7015768,37.4449732],[126.7015823,37.4450142],[126.7017356,37.4450011],[126.7017002,37.4447392],[126.7012555,37.4447771],[126.7012913,37.4450419]]]}},{"type":"Feature","id":432315485,"properties":{"osmId":432315485,"name":"","height":44,"heightTag":"44","building":"commercial","updatedAt":"2026-07-22T10:45:18Z"},"geometry":{"type":"Polygon","coordinates":[[[126.7023703,37.4449509],[126.7025383,37.4449368],[126.7025209,37.4448057],[126.7025803,37.4448007],[126.7025936,37.444901],[126.7027564,37.4448874],[126.7027432,37.4447881],[126.702779,37.4447851],[126.7027963,37.4449152],[126.7029743,37.4449003],[126.702943,37.4446647],[126.702339,37.4447153],[126.7023703,37.4449509]]]}},{"type":"Feature","id":432315488,"properties":{"osmId":432315488,"name":"","height":null,"heightTag":null,"building":"commercial","updatedAt":"2026-04-02T07:42:49Z"},"geometry":{"type":"Polygon","coordinates":[[[126.7013483,37.44544],[126.7017893,37.4453976],[126.7017346,37.4450386],[126.7013518,37.4450754],[126.7013655,37.4451648],[126.7013072,37.4451704],[126.7013483,37.44544]]]}},{"type":"Feature","id":432315489,"properties":{"osmId":432315489,"name":"","height":null,"heightTag":null,"building":"commercial","updatedAt":"2026-04-02T07:42:49Z"},"geometry":{"type":"Polygon","coordinates":[[[126.7018503,37.4454012],[126.7020308,37.445384],[126.7019734,37.4450052],[126.7017929,37.4450225],[126.7018503,37.4454012]]]}},{"type":"Feature","id":432315490,"properties":{"osmId":432315490,"name":"","height":null,"heightTag":null,"building":"commercial","updatedAt":"2026-04-02T07:42:49Z"},"geometry":{"type":"Polygon","coordinates":[[[126.7021715,37.445357],[126.7023679,37.4453393],[126.7023164,37.4449789],[126.7021201,37.4449965],[126.7021715,37.445357]]]}},{"type":"Feature","id":432315491,"properties":{"osmId":432315491,"name":"","height":null,"heightTag":null,"building":"commercial","updatedAt":"2026-04-02T07:42:49Z"},"geometry":{"type":"Polygon","coordinates":[[[126.7024216,37.4453134],[126.7026478,37.4452961],[126.7026327,37.4451718],[126.7030015,37.4451435],[126.7029838,37.444998],[126.7023888,37.4450436],[126.7024216,37.4453134]]]}},{"type":"Feature","id":432315492,"properties":{"osmId":432315492,"name":"","height":null,"heightTag":null,"building":"commercial","updatedAt":"2026-04-02T07:42:49Z"},"geometry":{"type":"Polygon","coordinates":[[[126.7014597,37.4460839],[126.7020955,37.4460266],[126.7020704,37.4458509],[126.7019481,37.445862],[126.7019278,37.4457204],[126.7020507,37.4457093],[126.7020329,37.4455823],[126.7019298,37.4455916],[126.7019334,37.4456187],[126.7014001,37.4456667],[126.7014597,37.4460839]]]}},{"type":"Feature","id":432315493,"properties":{"osmId":432315493,"name":"SK텔레콤 인천지점 (SK Telecom)","height":null,"heightTag":null,"building":"commercial","updatedAt":"2026-04-02T07:42:49Z"},"geometry":{"type":"Polygon","coordinates":[[[126.7030059,37.4458281],[126.7022721,37.4458917],[126.702243,37.44568],[126.7029768,37.4456164],[126.7030059,37.4458281]]]}},{"type":"Feature","id":432315494,"properties":{"osmId":432315494,"name":"","height":51,"heightTag":"51","building":"commercial","updatedAt":"2026-07-22T10:45:18Z"},"geometry":{"type":"Polygon","coordinates":[[[126.7009841,37.4454323],[126.7009784,37.4453889],[126.7010172,37.4453857],[126.7009746,37.4450181],[126.7007112,37.4450399],[126.7007166,37.4450816],[126.7006502,37.4450871],[126.700685,37.4453955],[126.700765,37.4454505],[126.7009841,37.4454323]]]}},{"type":"Feature","id":432315495,"properties":{"osmId":432315495,"name":"신용보증기금","height":null,"heightTag":null,"building":"commercial","updatedAt":"2026-04-02T07:42:49Z"},"geometry":{"type":"Polygon","coordinates":[[[126.7007677,37.4459535],[126.7011504,37.4459254],[126.7011263,37.4457176],[126.7008349,37.4457389],[126.7008381,37.4457659],[126.7008077,37.4457682],[126.7007875,37.4457812],[126.7007747,37.4457972],[126.7007711,37.4458176],[126.7007521,37.445819],[126.7007677,37.4459535]]]}},{"type":"Feature","id":432315496,"properties":{"osmId":432315496,"name":"","height":72,"heightTag":"72","building":"commercial","updatedAt":"2026-07-22T12:27:56Z"},"geometry":{"type":"Polygon","coordinates":[[[126.7008415,37.4466179],[126.701297,37.4465746],[126.7012088,37.445991],[126.7007533,37.4460344],[126.7008415,37.4466179]]]}},{"type":"Feature","id":432315497,"properties":{"osmId":432315497,"name":"","height":null,"heightTag":null,"building":"commercial","updatedAt":"2026-04-02T07:42:49Z"},"geometry":{"type":"Polygon","coordinates":[[[126.7014696,37.44612],[126.7017594,37.4460919],[126.7017836,37.4462489],[126.7019702,37.4462308],[126.7019446,37.4460744],[126.7020926,37.44606],[126.7021592,37.4464829],[126.7015347,37.4465434],[126.7014696,37.44612]]]}},{"type":"Feature","id":432315498,"properties":{"osmId":432315498,"name":"","height":null,"heightTag":null,"building":"commercial","updatedAt":"2026-04-02T07:42:49Z"},"geometry":{"type":"Polygon","coordinates":[[[126.7023232,37.4464582],[126.702568,37.4464355],[126.7025252,37.4461448],[126.7022804,37.4461674],[126.7023232,37.4464582]]]}},{"type":"Feature","id":432315499,"properties":{"osmId":432315499,"name":"","height":null,"heightTag":null,"building":"yes","updatedAt":"2026-04-02T07:42:49Z"},"geometry":{"type":"Polygon","coordinates":[[[126.702618,37.4464059],[126.70278,37.4463928],[126.7027357,37.4460473],[126.7026777,37.446052],[126.7026753,37.4460333],[126.7025713,37.4460417],[126.702618,37.4464059]]]}},{"type":"Feature","id":432320422,"properties":{"osmId":432320422,"name":"","height":null,"heightTag":null,"building":"yes","updatedAt":"2026-04-02T07:42:49Z"},"geometry":{"type":"Polygon","coordinates":[[[126.7024162,37.446811],[126.7025346,37.446799],[126.7025078,37.4466325],[126.7023895,37.4466445],[126.7024162,37.446811]]]}},{"type":"Feature","id":432320423,"properties":{"osmId":432320423,"name":"","height":null,"heightTag":null,"building":"commercial","updatedAt":"2026-04-02T07:42:49Z"},"geometry":{"type":"Polygon","coordinates":[[[126.7025693,37.4467997],[126.7027307,37.4467831],[126.7026969,37.4465753],[126.7025355,37.4465918],[126.7025693,37.4467997]]]}},{"type":"Feature","id":432320424,"properties":{"osmId":432320424,"name":"","height":null,"heightTag":null,"building":"commercial","updatedAt":"2026-04-02T07:42:49Z"},"geometry":{"type":"Polygon","coordinates":[[[126.7027694,37.4467776],[126.7029308,37.446761],[126.702897,37.4465532],[126.7027356,37.4465697],[126.7027694,37.4467776]]]}},{"type":"Feature","id":432320425,"properties":{"osmId":432320425,"name":"","height":null,"heightTag":null,"building":"commercial","updatedAt":"2026-04-02T07:42:49Z"},"geometry":{"type":"Polygon","coordinates":[[[126.7029827,37.4467551],[126.7031441,37.4467385],[126.7031103,37.4465307],[126.7029489,37.4465472],[126.7029827,37.4467551]]]}},{"type":"Feature","id":432320426,"properties":{"osmId":432320426,"name":"","height":null,"heightTag":null,"building":"commercial","updatedAt":"2026-04-02T07:42:49Z"},"geometry":{"type":"Polygon","coordinates":[[[126.7024543,37.4474145],[126.7027336,37.4473921],[126.7027044,37.4471617],[126.702425,37.447184],[126.7024543,37.4474145]]]}},{"type":"Feature","id":432320427,"properties":{"osmId":432320427,"name":"","height":null,"heightTag":null,"building":"commercial","updatedAt":"2026-04-02T07:42:49Z"},"geometry":{"type":"Polygon","coordinates":[[[126.7027858,37.4474165],[126.7031789,37.4473822],[126.703158,37.447231],[126.702765,37.4472652],[126.7027858,37.4474165]]]}},{"type":"Feature","id":432320428,"properties":{"osmId":432320428,"name":"","height":null,"heightTag":null,"building":"commercial","updatedAt":"2026-04-02T07:42:49Z"},"geometry":{"type":"Polygon","coordinates":[[[126.7030513,37.4470332],[126.7031728,37.4470249],[126.7031513,37.446827],[126.7030298,37.4468353],[126.7030513,37.4470332]]]}},{"type":"Feature","id":432320429,"properties":{"osmId":432320429,"name":"","height":null,"heightTag":null,"building":"commercial","updatedAt":"2026-04-02T07:42:49Z"},"geometry":{"type":"Polygon","coordinates":[[[126.7028643,37.4470382],[126.7030079,37.4470269],[126.7029873,37.4468127],[126.7028438,37.4468241],[126.7028643,37.4470382]]]}},{"type":"Feature","id":432320430,"properties":{"osmId":432320430,"name":"","height":null,"heightTag":null,"building":"commercial","updatedAt":"2026-04-02T07:42:49Z"},"geometry":{"type":"Polygon","coordinates":[[[126.7025347,37.4478631],[126.7030018,37.447827],[126.7029751,37.4476091],[126.7025079,37.4476453],[126.7025347,37.4478631]]]}},{"type":"Feature","id":432320431,"properties":{"osmId":432320431,"name":"","height":null,"heightTag":null,"building":"commercial","updatedAt":"2026-04-02T07:42:49Z"},"geometry":{"type":"Polygon","coordinates":[[[126.7031498,37.4478124],[126.7032973,37.447803],[126.7033256,37.4477762],[126.7033014,37.4476058],[126.7032622,37.4475801],[126.7031272,37.4475886],[126.7031498,37.4478124]]]}},{"type":"Feature","id":432320432,"properties":{"osmId":432320432,"name":"","height":null,"heightTag":null,"building":"commercial","updatedAt":"2026-04-02T07:42:49Z"},"geometry":{"type":"Polygon","coordinates":[[[126.7027724,37.4481597],[126.7025525,37.4481706],[126.7025366,37.4479695],[126.7025604,37.4479493],[126.702755,37.4479396],[126.7027724,37.4481597]]]}},{"type":"Feature","id":432320433,"properties":{"osmId":432320433,"name":"","height":null,"heightTag":null,"building":"commercial","updatedAt":"2026-04-02T07:42:49Z"},"geometry":{"type":"Polygon","coordinates":[[[126.7027723,37.447944],[126.702956,37.4479338],[126.7029738,37.4481357],[126.7027902,37.4481459],[126.7027723,37.447944]]]}},{"type":"Feature","id":432320434,"properties":{"osmId":432320434,"name":"","height":null,"heightTag":null,"building":"commercial","updatedAt":"2026-04-02T07:42:49Z"},"geometry":{"type":"Polygon","coordinates":[[[126.7029992,37.4481426],[126.7033604,37.44811],[126.7033313,37.4479066],[126.7029702,37.4479391],[126.7029992,37.4481426]]]}},{"type":"Feature","id":432320435,"properties":{"osmId":432320435,"name":"","height":null,"heightTag":null,"building":"yes","updatedAt":"2026-04-02T07:42:49Z"},"geometry":{"type":"Polygon","coordinates":[[[126.7034768,37.4478299],[126.7037173,37.4478172],[126.7037377,37.4480603],[126.7034972,37.448073],[126.7034768,37.4478299]]]}},{"type":"Feature","id":432320436,"properties":{"osmId":432320436,"name":"","height":null,"heightTag":null,"building":"yes","updatedAt":"2026-04-02T07:42:49Z"},"geometry":{"type":"Polygon","coordinates":[[[126.7016727,37.4486958],[126.7014733,37.4487037],[126.701461,37.4485074],[126.7015294,37.4485047],[126.7015287,37.4484923],[126.7020082,37.4484734],[126.7020091,37.4484878],[126.7020849,37.4484848],[126.702097,37.4486778],[126.7019151,37.448685],[126.7019269,37.4488732],[126.7016844,37.4488828],[126.7016727,37.4486958]]]}},{"type":"Feature","id":432320448,"properties":{"osmId":432320448,"name":"","height":null,"heightTag":null,"building":"yes","updatedAt":"2026-04-02T07:42:49Z"},"geometry":{"type":"Polygon","coordinates":[[[126.7021098,37.4490432],[126.7024208,37.4490293],[126.7024103,37.4488805],[126.7020993,37.4488943],[126.7021098,37.4490432]]]}},{"type":"Feature","id":432320449,"properties":{"osmId":432320449,"name":"","height":null,"heightTag":null,"building":"yes","updatedAt":"2016-07-21T07:26:47Z"},"geometry":{"type":"Polygon","coordinates":[[[126.7018085,37.4478199],[126.7018659,37.4478172],[126.7018625,37.4477706],[126.7017739,37.4477746],[126.7017611,37.4477805],[126.7017565,37.4477885],[126.7017592,37.4477979],[126.7017711,37.4478037],[126.7018072,37.4478021],[126.7018085,37.4478199]]]}},{"type":"Feature","id":434298937,"properties":{"osmId":434298937,"name":"","height":null,"heightTag":null,"building":"commercial","updatedAt":"2026-04-02T07:42:49Z"},"geometry":{"type":"Polygon","coordinates":[[[126.7036976,37.4474487],[126.7034562,37.447464],[126.7034418,37.4473206],[126.7035378,37.4473145],[126.7035399,37.447335],[126.7036852,37.4473258],[126.7036976,37.4474487]]]}},{"type":"Feature","id":434298938,"properties":{"osmId":434298938,"name":"","height":null,"heightTag":null,"building":"commercial","updatedAt":"2026-04-02T07:42:49Z"},"geometry":{"type":"Polygon","coordinates":[[[126.7034435,37.4472867],[126.7036746,37.4472722],[126.7036618,37.447143],[126.7034307,37.4471574],[126.7034435,37.4472867]]]}},{"type":"Feature","id":434298939,"properties":{"osmId":434298939,"name":"","height":null,"heightTag":null,"building":"commercial","updatedAt":"2026-04-02T07:42:49Z"},"geometry":{"type":"Polygon","coordinates":[[[126.7034114,37.446971],[126.7036536,37.4469574],[126.7036398,37.4468025],[126.7033976,37.4468161],[126.7034114,37.446971]]]}},{"type":"Feature","id":434298940,"properties":{"osmId":434298940,"name":"","height":null,"heightTag":null,"building":"commercial","updatedAt":"2026-04-02T07:42:49Z"},"geometry":{"type":"Polygon","coordinates":[[[126.7034305,37.4471272],[126.7036661,37.4471128],[126.7036532,37.4469798],[126.7034176,37.4469942],[126.7034305,37.4471272]]]}},{"type":"Feature","id":434298941,"properties":{"osmId":434298941,"name":"","height":null,"heightTag":null,"building":"commercial","updatedAt":"2026-04-02T07:42:49Z"},"geometry":{"type":"Polygon","coordinates":[[[126.703393,37.4466564],[126.7036463,37.4466441],[126.7036377,37.4465328],[126.7036145,37.4465119],[126.7033973,37.4465217],[126.7033834,37.4465328],[126.703393,37.4466564]]]}},{"type":"Feature","id":434298943,"properties":{"osmId":434298943,"name":"","height":null,"heightTag":null,"building":"commercial","updatedAt":"2026-04-02T07:42:49Z"},"geometry":{"type":"Polygon","coordinates":[[[126.7033697,37.4463864],[126.7035963,37.4463749],[126.7036212,37.4463426],[126.7035878,37.4459205],[126.7034698,37.4459264],[126.7034759,37.446003],[126.7034538,37.4460041],[126.7034579,37.4460562],[126.7033831,37.44606],[126.7033993,37.4462628],[126.70336,37.4462648],[126.7033697,37.4463864]]]}},{"type":"Feature","id":434298944,"properties":{"osmId":434298944,"name":"","height":null,"heightTag":null,"building":"commercial","updatedAt":"2026-04-02T07:42:49Z"},"geometry":{"type":"Polygon","coordinates":[[[126.7033127,37.445904],[126.7035766,37.4458931],[126.703566,37.445732],[126.7033022,37.4457429],[126.7033127,37.445904]]]}},{"type":"Feature","id":434298945,"properties":{"osmId":434298945,"name":"","height":null,"heightTag":null,"building":"commercial","updatedAt":"2026-04-02T07:42:49Z"},"geometry":{"type":"Polygon","coordinates":[[[126.7032895,37.4457136],[126.7035559,37.4457006],[126.7035408,37.4455056],[126.7032744,37.4455186],[126.7032895,37.4457136]]]}},{"type":"Feature","id":434298946,"properties":{"osmId":434298946,"name":"","height":null,"heightTag":null,"building":"commercial","updatedAt":"2026-04-02T07:42:49Z"},"geometry":{"type":"Polygon","coordinates":[[[126.7032638,37.4453117],[126.7034073,37.4453078],[126.703399,37.4451158],[126.7032555,37.4451197],[126.7032638,37.4453117]]]}},{"type":"Feature","id":434298947,"properties":{"osmId":434298947,"name":"","height":null,"heightTag":null,"building":"commercial","updatedAt":"2026-04-02T07:42:49Z"},"geometry":{"type":"Polygon","coordinates":[[[126.7031325,37.4439773],[126.703381,37.4439623],[126.703365,37.4437968],[126.7033402,37.4437808],[126.7031355,37.4437919],[126.7031169,37.4438153],[126.7031325,37.4439773]]]}},{"type":"Feature","id":434298948,"properties":{"osmId":434298948,"name":"","height":null,"heightTag":null,"building":"commercial","updatedAt":"2026-04-02T07:42:49Z"},"geometry":{"type":"Polygon","coordinates":[[[126.70317,37.444154],[126.7034072,37.4441406],[126.7033931,37.443983],[126.7031558,37.4439964],[126.70317,37.444154]]]}},{"type":"Feature","id":434298949,"properties":{"osmId":434298949,"name":"","height":null,"heightTag":null,"building":"commercial","updatedAt":"2026-04-02T07:42:49Z"},"geometry":{"type":"Polygon","coordinates":[[[126.7031691,37.444348],[126.7034135,37.4443409],[126.7034059,37.4441761],[126.7031615,37.4441832],[126.7031691,37.444348]]]}},{"type":"Feature","id":434298950,"properties":{"osmId":434298950,"name":"","height":null,"heightTag":null,"building":"commercial","updatedAt":"2026-04-02T07:42:49Z"},"geometry":{"type":"Polygon","coordinates":[[[126.7031832,37.4445101],[126.703174,37.4443692],[126.7034284,37.4443586],[126.7034376,37.4444996],[126.7031832,37.4445101]]]}},{"type":"Feature","id":434298951,"properties":{"osmId":434298951,"name":"","height":null,"heightTag":null,"building":"commercial","updatedAt":"2026-04-02T07:42:49Z"},"geometry":{"type":"Polygon","coordinates":[[[126.7031848,37.444597],[126.7034205,37.4445875],[126.7034256,37.4446675],[126.7031899,37.444677],[126.7031848,37.444597]]]}},{"type":"Feature","id":434298952,"properties":{"osmId":434298952,"name":"","height":null,"heightTag":null,"building":"commercial","updatedAt":"2026-04-02T07:42:49Z"},"geometry":{"type":"Polygon","coordinates":[[[126.7032118,37.4448566],[126.7034763,37.444843],[126.7034656,37.4447131],[126.7032012,37.4447268],[126.7032118,37.4448566]]]}},{"type":"Feature","id":434298953,"properties":{"osmId":434298953,"name":"","height":null,"heightTag":null,"building":"commercial","updatedAt":"2026-04-02T07:42:49Z"},"geometry":{"type":"Polygon","coordinates":[[[126.7032281,37.4450702],[126.7034694,37.4450616],[126.7034592,37.4448819],[126.703218,37.4448905],[126.7032281,37.4450702]]]}},{"type":"Feature","id":434300585,"properties":{"osmId":434300585,"name":"203","height":null,"heightTag":null,"building":"apartments","updatedAt":"2026-07-22T12:36:37Z"},"geometry":{"type":"Polygon","coordinates":[[[126.6969156,37.4407529],[126.6980474,37.4406547],[126.698032,37.4405428],[126.6969002,37.4406411],[126.6969156,37.4407529]]]}},{"type":"Feature","id":434300586,"properties":{"osmId":434300586,"name":"202","height":null,"heightTag":null,"building":"apartments","updatedAt":"2026-07-22T12:36:37Z"},"geometry":{"type":"Polygon","coordinates":[[[126.6969802,37.4412016],[126.6981121,37.4411034],[126.6980967,37.4409915],[126.6969648,37.4410898],[126.6969802,37.4412016]]]}},{"type":"Feature","id":434300587,"properties":{"osmId":434300587,"name":"201","height":null,"heightTag":null,"building":"apartments","updatedAt":"2026-07-22T12:36:37Z"},"geometry":{"type":"Polygon","coordinates":[[[126.6970293,37.4416533],[126.6981612,37.441555],[126.6981458,37.4414432],[126.6970139,37.4415415],[126.6970293,37.4416533]]]}},{"type":"Feature","id":434300588,"properties":{"osmId":434300588,"name":"","height":null,"heightTag":null,"building":"commercial","updatedAt":"2016-07-28T03:15:46Z"},"geometry":{"type":"Polygon","coordinates":[[[126.6982361,37.4415579],[126.6983361,37.4415477],[126.6983055,37.4413582],[126.6982055,37.4413684],[126.6982361,37.4415579]]]}},{"type":"Feature","id":434300596,"properties":{"osmId":434300596,"name":"","height":null,"heightTag":null,"building":"yes","updatedAt":"2016-07-28T03:15:46Z"},"geometry":{"type":"Polygon","coordinates":[[[126.6971783,37.4414276],[126.6973466,37.4414144],[126.6973386,37.4413498],[126.6973737,37.4413471],[126.6973671,37.441294],[126.6971636,37.4413099],[126.6971767,37.4414151],[126.6971783,37.4414276]]]}},{"type":"Feature","id":434303038,"properties":{"osmId":434303038,"name":"","height":null,"heightTag":null,"building":"yes","updatedAt":"2016-07-28T03:51:08Z"},"geometry":{"type":"Polygon","coordinates":[[[126.6985542,37.4408824],[126.6987697,37.4408673],[126.6987569,37.4407521],[126.6985415,37.4407672],[126.6985542,37.4408824]]]}},{"type":"Feature","id":434303039,"properties":{"osmId":434303039,"name":"","height":null,"heightTag":null,"building":"yes","updatedAt":"2016-07-28T03:51:08Z"},"geometry":{"type":"Polygon","coordinates":[[[126.6987878,37.440815],[126.6989555,37.4408077],[126.6989507,37.4407389],[126.6987831,37.4407462],[126.6987878,37.440815]]]}},{"type":"Feature","id":434303043,"properties":{"osmId":434303043,"name":"101","height":null,"heightTag":null,"building":"apartments","updatedAt":"2026-07-22T12:39:59Z"},"geometry":{"type":"Polygon","coordinates":[[[126.6964091,37.4425932],[126.6963941,37.4424867],[126.6973114,37.4424052],[126.6973264,37.4425117],[126.6964091,37.4425932]]]}},{"type":"Feature","id":434303044,"properties":{"osmId":434303044,"name":"102","height":null,"heightTag":null,"building":"apartments","updatedAt":"2026-07-22T12:39:59Z"},"geometry":{"type":"Polygon","coordinates":[[[126.6963632,37.4421548],[126.6963482,37.4420483],[126.6972654,37.4419668],[126.6972804,37.4420733],[126.6963632,37.4421548]]]}},{"type":"Feature","id":434303045,"properties":{"osmId":434303045,"name":"103","height":null,"heightTag":null,"building":"apartments","updatedAt":"2026-07-22T12:39:59Z"},"geometry":{"type":"Polygon","coordinates":[[[126.6974067,37.442068],[126.6973917,37.4419615],[126.6983089,37.4418799],[126.6983239,37.4419864],[126.6974067,37.442068]]]}},{"type":"Feature","id":434303046,"properties":{"osmId":434303046,"name":"104","height":null,"heightTag":null,"building":"apartments","updatedAt":"2026-07-22T12:39:59Z"},"geometry":{"type":"Polygon","coordinates":[[[126.6974656,37.4424922],[126.6974506,37.4423858],[126.6981616,37.4423276],[126.6981766,37.4424341],[126.6974656,37.4424922]]]}},{"type":"Feature","id":434303055,"properties":{"osmId":434303055,"name":"","height":null,"heightTag":null,"building":"yes","updatedAt":"2016-07-28T03:51:09Z"},"geometry":{"type":"Polygon","coordinates":[[[126.6982278,37.4422547],[126.6984393,37.442241],[126.69842,37.4420527],[126.6982084,37.4420664],[126.6982278,37.4422547]]]}},{"type":"Feature","id":434303056,"properties":{"osmId":434303056,"name":"","height":null,"heightTag":null,"building":"yes","updatedAt":"2016-07-28T03:51:09Z"},"geometry":{"type":"Polygon","coordinates":[[[126.6983986,37.4424477],[126.6984955,37.4424383],[126.698479,37.4423313],[126.6983821,37.4423407],[126.6983986,37.4424477]]]}},{"type":"Feature","id":434303057,"properties":{"osmId":434303057,"name":"","height":null,"heightTag":null,"building":"yes","updatedAt":"2016-07-28T03:51:09Z"},"geometry":{"type":"Polygon","coordinates":[[[126.6983826,37.4424937],[126.6985164,37.442482],[126.6985301,37.4425816],[126.6983964,37.4425932],[126.6983826,37.4424937]]]}},{"type":"Feature","id":434303058,"properties":{"osmId":434303058,"name":"","height":null,"heightTag":null,"building":"yes","updatedAt":"2016-07-28T03:51:09Z"},"geometry":{"type":"Polygon","coordinates":[[[126.6971488,37.4423143],[126.6973217,37.4422985],[126.697304,37.4421763],[126.6971311,37.442192],[126.6971488,37.4423143]]]}},{"type":"Feature","id":434305721,"properties":{"osmId":434305721,"name":"101","height":null,"heightTag":null,"building":"apartments","updatedAt":"2026-07-22T12:42:05Z"},"geometry":{"type":"Polygon","coordinates":[[[126.6965476,37.443118],[126.6974658,37.4430525],[126.6974524,37.4429348],[126.6965343,37.4430002],[126.6965476,37.443118]]]}},{"type":"Feature","id":434305722,"properties":{"osmId":434305722,"name":"102","height":null,"heightTag":null,"building":"apartments","updatedAt":"2026-07-22T12:42:05Z"},"geometry":{"type":"Polygon","coordinates":[[[126.6975707,37.4430027],[126.6984889,37.4429373],[126.6984755,37.4428195],[126.6975574,37.442885],[126.6975707,37.4430027]]]}},{"type":"Feature","id":434305724,"properties":{"osmId":434305724,"name":"103","height":null,"heightTag":null,"building":"apartments","updatedAt":"2026-07-22T12:42:05Z"},"geometry":{"type":"Polygon","coordinates":[[[126.6978006,37.4434814],[126.6985502,37.4434281],[126.6985369,37.4433103],[126.6977873,37.4433636],[126.6978006,37.4434814]]]}},{"type":"Feature","id":434305726,"properties":{"osmId":434305726,"name":"104","height":null,"heightTag":null,"building":"apartments","updatedAt":"2026-07-22T12:42:05Z"},"geometry":{"type":"Polygon","coordinates":[[[126.697936,37.4440786],[126.697892,37.4439846],[126.698414,37.4438304],[126.6984581,37.4439245],[126.697936,37.4440786]]]}},{"type":"Feature","id":434305735,"properties":{"osmId":434305735,"name":"","height":null,"heightTag":null,"building":"yes","updatedAt":"2016-07-28T04:29:16Z"},"geometry":{"type":"Polygon","coordinates":[[[126.698572,37.4438577],[126.6984728,37.4437506],[126.6984697,37.4437075],[126.6983952,37.4437087],[126.6983828,37.4435942],[126.6986372,37.4435807],[126.6986511,37.4437826],[126.698631,37.4438269],[126.698572,37.4438577]]]}},{"type":"Feature","id":434305737,"properties":{"osmId":434305737,"name":"","height":null,"heightTag":null,"building":"yes","updatedAt":"2016-07-28T04:29:16Z"},"geometry":{"type":"Polygon","coordinates":[[[126.6975794,37.4433001],[126.6975657,37.4432009],[126.6976842,37.4431906],[126.6976979,37.4432898],[126.6975794,37.4433001]]]}},{"type":"Feature","id":434305738,"properties":{"osmId":434305738,"name":"","height":null,"heightTag":null,"building":"yes","updatedAt":"2016-07-28T04:29:16Z"},"geometry":{"type":"Polygon","coordinates":[[[126.6985248,37.4431387],[126.6985162,37.4430664],[126.6986068,37.4430596],[126.6986155,37.4431319],[126.6985248,37.4431387]]]}},{"type":"Feature","id":434305743,"properties":{"osmId":434305743,"name":"","height":null,"heightTag":null,"building":"yes","updatedAt":"2016-07-28T04:35:24Z"},"geometry":{"type":"Polygon","coordinates":[[[126.6970094,37.4438567],[126.6968661,37.4435759],[126.697488,37.4433758],[126.6976314,37.4436566],[126.6970094,37.4438567]]]}},{"type":"Feature","id":434319629,"properties":{"osmId":434319629,"name":"","height":53,"heightTag":"53","building":"yes","updatedAt":"2026-07-22T12:31:04Z"},"geometry":{"type":"Polygon","coordinates":[[[126.7012693,37.4496142],[126.7015835,37.4495887],[126.70155,37.449328],[126.7012604,37.4493514],[126.7012675,37.449407],[126.7012429,37.449409],[126.7012693,37.4496142]]]}},{"type":"Feature","id":434319630,"properties":{"osmId":434319630,"name":"","height":null,"heightTag":null,"building":"yes","updatedAt":"2026-04-02T07:42:49Z"},"geometry":{"type":"Polygon","coordinates":[[[126.7016125,37.4495715],[126.7017294,37.4495618],[126.7017176,37.4494718],[126.7016007,37.4494815],[126.7016125,37.4495715]]]}},{"type":"Feature","id":434319631,"properties":{"osmId":434319631,"name":"","height":31,"heightTag":"31","building":"apartments","updatedAt":"2026-07-22T12:31:04Z"},"geometry":{"type":"Polygon","coordinates":[[[126.7016018,37.4494494],[126.7015894,37.4493276],[126.7017446,37.4493177],[126.7017569,37.4494395],[126.7016018,37.4494494]]]}},{"type":"Feature","id":434319632,"properties":{"osmId":434319632,"name":"","height":25,"heightTag":"25","building":"apartments","updatedAt":"2026-07-22T12:31:04Z"},"geometry":{"type":"Polygon","coordinates":[[[126.7022685,37.4495278],[126.702606,37.4495165],[126.7025947,37.4493049],[126.7022572,37.4493163],[126.7022685,37.4495278]]]}},{"type":"Feature","id":434319633,"properties":{"osmId":434319633,"name":"","height":null,"heightTag":null,"building":"yes","updatedAt":"2026-04-02T07:42:49Z"},"geometry":{"type":"Polygon","coordinates":[[[126.7020939,37.4495673],[126.7022365,37.4495627],[126.7022235,37.4493123],[126.702081,37.4493169],[126.7020939,37.4495673]]]}},{"type":"Feature","id":434319634,"properties":{"osmId":434319634,"name":"","height":27,"heightTag":"27","building":"apartments","updatedAt":"2026-07-22T12:31:04Z"},"geometry":{"type":"Polygon","coordinates":[[[126.7017967,37.4495878],[126.7020611,37.4495779],[126.7020457,37.4493188],[126.7017813,37.4493287],[126.7017967,37.4495878]]]}},{"type":"Feature","id":434319635,"properties":{"osmId":434319635,"name":"","height":null,"heightTag":null,"building":"yes","updatedAt":"2026-04-02T07:42:49Z"},"geometry":{"type":"Polygon","coordinates":[[[126.7013984,37.4499062],[126.7012938,37.4499108],[126.701252,37.4498751],[126.7012411,37.4497618],[126.7012814,37.44972],[126.7013847,37.4497121],[126.7013984,37.4499062]]]}},{"type":"Feature","id":434319636,"properties":{"osmId":434319636,"name":"","height":39,"heightTag":"39","building":"yes","updatedAt":"2026-07-22T12:31:04Z"},"geometry":{"type":"Polygon","coordinates":[[[126.7014114,37.4498923],[126.7013979,37.4497148],[126.7017842,37.4496963],[126.7017976,37.4498738],[126.7014114,37.4498923]]]}},{"type":"Feature","id":434319637,"properties":{"osmId":434319637,"name":"","height":null,"heightTag":null,"building":"yes","updatedAt":"2026-04-02T07:42:49Z"},"geometry":{"type":"Polygon","coordinates":[[[126.7018452,37.4498397],[126.7020144,37.4498372],[126.7020116,37.4497217],[126.70203,37.4497141],[126.7020378,37.4497047],[126.70203,37.4496787],[126.7020102,37.4496724],[126.7018414,37.4496749],[126.7018452,37.4498397]]]}},{"type":"Feature","id":434319638,"properties":{"osmId":434319638,"name":"","height":34,"heightTag":"34","building":"yes","updatedAt":"2026-07-22T12:31:04Z"},"geometry":{"type":"Polygon","coordinates":[[[126.7020713,37.4498476],[126.7020595,37.4496751],[126.7022401,37.4496673],[126.7022519,37.4498398],[126.7020713,37.4498476]]]}},{"type":"Feature","id":434319639,"properties":{"osmId":434319639,"name":"","height":42,"heightTag":"42","building":"yes","updatedAt":"2026-07-22T12:31:04Z"},"geometry":{"type":"Polygon","coordinates":[[[126.7023317,37.4498452],[126.7027409,37.4498222],[126.7027277,37.4496446],[126.7023185,37.4496676],[126.7023317,37.4498452]]]}},{"type":"Feature","id":434319640,"properties":{"osmId":434319640,"name":"","height":109,"heightTag":"109","building":"yes","updatedAt":"2026-07-23T09:26:45Z"},"geometry":{"type":"Polygon","coordinates":[[[126.7023299,37.450876],[126.7015361,37.4509333],[126.7014753,37.450402],[126.701855,37.4503746],[126.701864,37.4504525],[126.7020269,37.4504407],[126.702019,37.450372],[126.7022701,37.4503538],[126.7023299,37.450876]]]}},{"type":"Feature","id":434319641,"properties":{"osmId":434319641,"name":"","height":null,"heightTag":null,"building":"yes","updatedAt":"2026-04-02T07:42:49Z"},"geometry":{"type":"Polygon","coordinates":[[[126.7019238,37.4510857],[126.7019167,37.4510345],[126.7020782,37.4510204],[126.7020853,37.4510716],[126.7019238,37.4510857]]]}},{"type":"Feature","id":434319642,"properties":{"osmId":434319642,"name":"","height":73,"heightTag":"73","building":"yes","updatedAt":"2026-07-23T09:26:45Z"},"geometry":{"type":"Polygon","coordinates":[[[126.7027012,37.4505534],[126.703111,37.450523],[126.7030708,37.4501809],[126.702661,37.4502112],[126.7027012,37.4505534]]]}},{"type":"Feature","id":434319643,"properties":{"osmId":434319643,"name":"","height":51,"heightTag":"51","building":"apartments","updatedAt":"2026-07-23T09:26:45Z"},"geometry":{"type":"Polygon","coordinates":[[[126.7027231,37.4507763],[126.7030757,37.4507528],[126.7030554,37.4505604],[126.7027028,37.4505839],[126.7027231,37.4507763]]]}},{"type":"Feature","id":434319644,"properties":{"osmId":434319644,"name":"","height":49,"heightTag":"49","building":"apartments","updatedAt":"2026-07-23T09:26:45Z"},"geometry":{"type":"Polygon","coordinates":[[[126.7028358,37.4510348],[126.7028,37.4508057],[126.7030565,37.4507805],[126.7030923,37.4510095],[126.7028358,37.4510348]]]}},{"type":"Feature","id":434319645,"properties":{"osmId":434319645,"name":"","height":null,"heightTag":null,"building":"commercial","updatedAt":"2026-04-02T07:42:49Z"},"geometry":{"type":"Polygon","coordinates":[[[126.7023259,37.4521459],[126.7016485,37.4522095],[126.7016342,37.4521137],[126.7016675,37.4521106],[126.7016548,37.4520252],[126.7016143,37.452029],[126.7015405,37.4515338],[126.701608,37.4515275],[126.7015946,37.4514376],[126.7015589,37.451441],[126.7015485,37.4513711],[126.7022014,37.4513098],[126.7023259,37.4521459]]]}},{"type":"Feature","id":434319647,"properties":{"osmId":434319647,"name":"인천종합문화예술회관","height":null,"heightTag":null,"building":"yes","updatedAt":"2026-04-02T07:42:49Z"},"geometry":{"type":"Polygon","coordinates":[[[126.6997836,37.4483174],[126.7005106,37.4482552],[126.7003749,37.4474145],[126.6996629,37.4474743],[126.6997836,37.4483174]]]}},{"type":"Feature","id":434319648,"properties":{"osmId":434319648,"name":"","height":null,"heightTag":null,"building":"yes","updatedAt":"2026-04-02T07:42:49Z"},"geometry":{"type":"Polygon","coordinates":[[[126.6995221,37.4473762],[126.6997665,37.4473521],[126.6997535,37.4472748],[126.6998703,37.4472645],[126.6998249,37.4471598],[126.699786,37.447122],[126.6997211,37.4470877],[126.6996432,37.4470688],[126.6995545,37.4470602],[126.6995264,37.4470602],[126.6995351,37.4471203],[126.6994832,37.4471254],[126.6995221,37.4473762]]]}},{"type":"Feature","id":434330490,"properties":{"osmId":434330490,"name":"","height":38,"heightTag":"38","building":"commercial","updatedAt":"2026-07-23T09:26:45Z"},"geometry":{"type":"Polygon","coordinates":[[[126.7031972,37.4509638],[126.7031682,37.4507702],[126.7035139,37.4507375],[126.7035429,37.4509312],[126.7031972,37.4509638]]]}},{"type":"Feature","id":434330491,"properties":{"osmId":434330491,"name":"","height":null,"heightTag":null,"building":"commercial","updatedAt":"2026-04-02T07:42:49Z"},"geometry":{"type":"Polygon","coordinates":[[[126.7035581,37.4509531],[126.7037157,37.4509406],[126.7036868,37.4507114],[126.7035292,37.4507239],[126.7035581,37.4509531]]]}},{"type":"Feature","id":434330492,"properties":{"osmId":434330492,"name":"","height":null,"heightTag":null,"building":"commercial","updatedAt":"2026-04-02T07:42:49Z"},"geometry":{"type":"Polygon","coordinates":[[[126.7036579,37.4503954],[126.7037634,37.4503889],[126.7037561,37.4503146],[126.7038263,37.4503103],[126.7038789,37.4503484],[126.7039281,37.4503457],[126.7039376,37.4504571],[126.704097,37.4504485],[126.7040775,37.4502201],[126.7040279,37.4502227],[126.7040229,37.4501633],[126.7040001,37.4501469],[126.7039703,37.4501415],[126.703635,37.4501622],[126.7036579,37.4503954]]]}},{"type":"Feature","id":434330493,"properties":{"osmId":434330493,"name":"","height":null,"heightTag":null,"building":"commercial","updatedAt":"2026-07-23T09:26:45Z"},"geometry":{"type":"Polygon","coordinates":[[[126.7038841,37.4509388],[126.7040892,37.4509219],[126.7041555,37.4508348],[126.7041105,37.4504906],[126.7038285,37.4505139],[126.7038841,37.4509388]]]}},{"type":"Feature","id":434337785,"properties":{"osmId":434337785,"name":"","height":null,"heightTag":null,"building":"commercial","updatedAt":"2026-04-02T07:42:49Z"},"geometry":{"type":"Polygon","coordinates":[[[126.6992332,37.450028],[126.699226,37.4498726],[126.699444,37.4498662],[126.6994512,37.4500216],[126.6992332,37.450028]]]}},{"type":"Feature","id":435152520,"properties":{"osmId":435152520,"name":"","height":37,"heightTag":"37","building":"yes","updatedAt":"2026-07-23T09:37:53Z"},"geometry":{"type":"Polygon","coordinates":[[[126.7016667,37.4525498],[126.7018575,37.4525386],[126.7018547,37.452508],[126.7019293,37.4525037],[126.701916,37.4523595],[126.7016505,37.452375],[126.7016667,37.4525498]]]}},{"type":"Feature","id":435152521,"properties":{"osmId":435152521,"name":"","height":null,"heightTag":null,"building":"yes","updatedAt":"2026-04-02T07:42:49Z"},"geometry":{"type":"Polygon","coordinates":[[[126.7019973,37.4525717],[126.7022872,37.4525516],[126.702264,37.4523396],[126.7019741,37.4523597],[126.7019973,37.4525717]]]}},{"type":"Feature","id":435152522,"properties":{"osmId":435152522,"name":"","height":58,"heightTag":"58","building":"commercial","updatedAt":"2026-07-23T09:37:53Z"},"geometry":{"type":"Polygon","coordinates":[[[126.7023312,37.4526572],[126.7024793,37.4526472],[126.7024434,37.4523114],[126.7022954,37.4523213],[126.7023312,37.4526572]]]}},{"type":"Feature","id":435152523,"properties":{"osmId":435152523,"name":"","height":69,"heightTag":"69","building":"commercial","updatedAt":"2026-07-23T09:37:53Z"},"geometry":{"type":"Polygon","coordinates":[[[126.70275,37.4522835],[126.7024855,37.4523013],[126.7024934,37.4523755],[126.7025932,37.4523688],[126.7026186,37.4526071],[126.7027834,37.452596],[126.70275,37.4522835]]]}},{"type":"Feature","id":435152524,"properties":{"osmId":435152524,"name":"","height":null,"heightTag":null,"building":"yes","updatedAt":"2026-04-02T07:42:49Z"},"geometry":{"type":"Polygon","coordinates":[[[126.7017317,37.4528401],[126.7018914,37.4528326],[126.7018757,37.4526227],[126.7018221,37.4526252],[126.7018197,37.452593],[126.7017135,37.452598],[126.7017317,37.4528401]]]}},{"type":"Feature","id":435152525,"properties":{"osmId":435152525,"name":"","height":null,"heightTag":null,"building":"yes","updatedAt":"2026-04-02T07:42:49Z"},"geometry":{"type":"Polygon","coordinates":[[[126.7017253,37.4529005],[126.701866,37.4528935],[126.7018828,37.4531069],[126.7019268,37.4531047],[126.7019334,37.4531883],[126.7018058,37.4531946],[126.7017458,37.4531603],[126.7017253,37.4529005]]]}},{"type":"Feature","id":435152526,"properties":{"osmId":435152526,"name":"","height":66,"heightTag":"66","building":"apartments","updatedAt":"2026-07-23T09:37:53Z"},"geometry":{"type":"Polygon","coordinates":[[[126.7023303,37.452885],[126.7020111,37.4529055],[126.7020419,37.4532087],[126.7023611,37.4531882],[126.7023303,37.452885]]]}},{"type":"Feature","id":435152528,"properties":{"osmId":435152528,"name":"","height":null,"heightTag":null,"building":"yes","updatedAt":"2026-04-02T07:42:49Z"},"geometry":{"type":"Polygon","coordinates":[[[126.7024281,37.4531607],[126.7025836,37.4531507],[126.70256,37.4529189],[126.7024045,37.4529288],[126.7024281,37.4531607]]]}},{"type":"Feature","id":435152529,"properties":{"osmId":435152529,"name":"","height":null,"heightTag":null,"building":"yes","updatedAt":"2026-04-02T07:42:49Z"},"geometry":{"type":"Polygon","coordinates":[[[126.7026518,37.4531448],[126.7028662,37.4531346],[126.702859,37.4530382],[126.7026446,37.4530484],[126.7026518,37.4531448]]]}},{"type":"Feature","id":435152530,"properties":{"osmId":435152530,"name":"","height":null,"heightTag":null,"building":"yes","updatedAt":"2026-04-02T07:42:49Z"},"geometry":{"type":"Polygon","coordinates":[[[126.7026233,37.4530152],[126.7028374,37.4530056],[126.7028295,37.4528955],[126.7026155,37.4529052],[126.7026233,37.4530152]]]}},{"type":"Feature","id":435152531,"properties":{"osmId":435152531,"name":"","height":null,"heightTag":null,"building":"yes","updatedAt":"2026-04-02T07:42:49Z"},"geometry":{"type":"Polygon","coordinates":[[[126.7028548,37.4515208],[126.7029723,37.4515122],[126.7029511,37.4513288],[126.7030093,37.4513245],[126.7030025,37.4512658],[126.7030352,37.4512634],[126.7030279,37.4512002],[126.7028526,37.451213],[126.7028637,37.4513091],[126.7028305,37.4513115],[126.7028548,37.4515208]]]}},{"type":"Feature","id":435152532,"properties":{"osmId":435152532,"name":"","height":null,"heightTag":null,"building":"yes","updatedAt":"2026-04-02T07:42:49Z"},"geometry":{"type":"Polygon","coordinates":[[[126.7028888,37.4517255],[126.7030937,37.4517121],[126.7030766,37.4515473],[126.7028717,37.4515606],[126.7028888,37.4517255]]]}},{"type":"Feature","id":435152533,"properties":{"osmId":435152533,"name":"","height":58,"heightTag":"58","building":"yes","updatedAt":"2026-07-23T09:33:12Z"},"geometry":{"type":"Polygon","coordinates":[[[126.702883,37.4519345],[126.7031436,37.4519196],[126.703151,37.4520001],[126.7030885,37.4520037],[126.7031023,37.452155],[126.7029041,37.4521664],[126.702883,37.4519345]]]}},{"type":"Feature","id":435152534,"properties":{"osmId":435152534,"name":"","height":45,"heightTag":"45","building":"apartments","updatedAt":"2026-07-23T09:33:12Z"},"geometry":{"type":"Polygon","coordinates":[[[126.702878,37.4519076],[126.7031043,37.4518935],[126.703089,37.4517387],[126.7028627,37.4517528],[126.702878,37.4519076]]]}},{"type":"Feature","id":435152535,"properties":{"osmId":435152535,"name":"","height":null,"heightTag":null,"building":"yes","updatedAt":"2026-04-02T07:42:49Z"},"geometry":{"type":"Polygon","coordinates":[[[126.7031925,37.4521525],[126.7033572,37.4521436],[126.7033376,37.4519127],[126.7031729,37.4519215],[126.7031925,37.4521525]]]}},{"type":"Feature","id":435152536,"properties":{"osmId":435152536,"name":"","height":null,"heightTag":null,"building":"yes","updatedAt":"2026-04-02T07:42:49Z"},"geometry":{"type":"Polygon","coordinates":[[[126.7031295,37.4514452],[126.703325,37.451429],[126.7032923,37.4511814],[126.7030968,37.4511977],[126.7031295,37.4514452]]]}},{"type":"Feature","id":435152537,"properties":{"osmId":435152537,"name":"","height":null,"heightTag":null,"building":"yes","updatedAt":"2026-04-02T07:42:49Z"},"geometry":{"type":"Polygon","coordinates":[[[126.7035548,37.4513694],[126.7037596,37.4513564],[126.7037408,37.4511699],[126.7036914,37.4511731],[126.7036897,37.4511561],[126.7035343,37.4511659],[126.7035548,37.4513694]]]}},{"type":"Feature","id":435152538,"properties":{"osmId":435152538,"name":"","height":48,"heightTag":"48","building":"apartments","updatedAt":"2026-07-23T09:33:12Z"},"geometry":{"type":"Polygon","coordinates":[[[126.7037963,37.4513358],[126.7040105,37.4513225],[126.7040176,37.4513942],[126.7042465,37.45138],[126.7042267,37.4511819],[126.7042112,37.4511517],[126.7041823,37.4511308],[126.7041309,37.4511263],[126.7037778,37.4511482],[126.7037963,37.4513358]]]}},{"type":"Feature","id":435152539,"properties":{"osmId":435152539,"name":"","height":null,"heightTag":null,"building":"yes","updatedAt":"2026-04-02T07:42:49Z"},"geometry":{"type":"Polygon","coordinates":[[[126.7036714,37.4521066],[126.7038421,37.4520954],[126.7038177,37.4518611],[126.703647,37.4518723],[126.7036714,37.4521066]]]}},{"type":"Feature","id":435152540,"properties":{"osmId":435152540,"name":"","height":49,"heightTag":"49","building":"apartments","updatedAt":"2026-07-23T09:33:12Z"},"geometry":{"type":"Polygon","coordinates":[[[126.703962,37.4517811],[126.7043046,37.4517503],[126.7042897,37.4516459],[126.7039471,37.4516767],[126.703962,37.4517811]]]}},{"type":"Feature","id":435152541,"properties":{"osmId":435152541,"name":"","height":43,"heightTag":"43","building":"apartments","updatedAt":"2026-07-23T09:33:12Z"},"geometry":{"type":"Polygon","coordinates":[[[126.7038917,37.4516409],[126.7042726,37.4516144],[126.7042612,37.4515097],[126.7038803,37.4515363],[126.7038917,37.4516409]]]}},{"type":"Feature","id":435152542,"properties":{"osmId":435152542,"name":"","height":45,"heightTag":"45","building":"apartments","updatedAt":"2026-07-23T09:33:12Z"},"geometry":{"type":"Polygon","coordinates":[[[126.7038985,37.4515222],[126.7042609,37.4514977],[126.7042496,37.451393],[126.7038872,37.4514176],[126.7038985,37.4515222]]]}},{"type":"Feature","id":435152543,"properties":{"osmId":435152543,"name":"","height":61,"heightTag":"61","building":"apartments","updatedAt":"2026-07-23T09:33:12Z"},"geometry":{"type":"Polygon","coordinates":[[[126.7040092,37.4521003],[126.7043526,37.452073],[126.7043153,37.4517772],[126.7039719,37.4518045],[126.7040092,37.4521003]]]}},{"type":"Feature","id":435152545,"properties":{"osmId":435152545,"name":"","height":40,"heightTag":"40","building":"apartments","updatedAt":"2026-07-23T09:44:13Z"},"geometry":{"type":"Polygon","coordinates":[[[126.7034104,37.4531594],[126.7035944,37.453142],[126.7035468,37.4528276],[126.7033629,37.452845],[126.7034104,37.4531594]]]}},{"type":"Feature","id":435152546,"properties":{"osmId":435152546,"name":"","height":62,"heightTag":"62","building":"apartments","updatedAt":"2026-07-23T09:44:13Z"},"geometry":{"type":"Polygon","coordinates":[[[126.70362,37.4531432],[126.7040012,37.453111],[126.7039605,37.4528068],[126.7035792,37.452839],[126.70362,37.4531432]]]}},{"type":"Feature","id":435152547,"properties":{"osmId":435152547,"name":"","height":null,"heightTag":null,"building":"yes","updatedAt":"2026-04-02T07:42:49Z"},"geometry":{"type":"Polygon","coordinates":[[[126.7041213,37.4529677],[126.7043327,37.4529502],[126.7042871,37.4526033],[126.7040756,37.4526208],[126.7041213,37.4529677]]]}},{"type":"Feature","id":435152548,"properties":{"osmId":435152548,"name":"","height":49,"heightTag":"49","building":"apartments","updatedAt":"2026-07-23T09:44:13Z"},"geometry":{"type":"Polygon","coordinates":[[[126.7040274,37.4524808],[126.7043609,37.4524592],[126.7043539,37.4523913],[126.7043679,37.4523904],[126.7043595,37.452309],[126.7043457,37.4523099],[126.7043381,37.4522366],[126.7039495,37.4522625],[126.7039666,37.452416],[126.7040202,37.4524116],[126.7040274,37.4524808]]]}},{"type":"Feature","id":435152549,"properties":{"osmId":435152549,"name":"","height":null,"heightTag":null,"building":"yes","updatedAt":"2026-04-02T07:42:49Z"},"geometry":{"type":"Polygon","coordinates":[[[126.7030308,37.4528543],[126.7030184,37.4527525],[126.7032649,37.4527336],[126.7032773,37.4528354],[126.7030308,37.4528543]]]}},{"type":"Feature","id":435152550,"properties":{"osmId":435152550,"name":"","height":45,"heightTag":"45","building":"apartments","updatedAt":"2026-07-23T09:44:13Z"},"geometry":{"type":"Polygon","coordinates":[[[126.7030169,37.4526997],[126.7032787,37.4526832],[126.703262,37.4525165],[126.7030003,37.452533],[126.7030169,37.4526997]]]}},{"type":"Feature","id":435152551,"properties":{"osmId":435152551,"name":"","height":58,"heightTag":"58","building":"apartments","updatedAt":"2026-07-23T09:44:13Z"},"geometry":{"type":"Polygon","coordinates":[[[126.7029907,37.4525179],[126.703293,37.4524937],[126.703264,37.4522656],[126.7029617,37.4522899],[126.7029907,37.4525179]]]}},{"type":"Feature","id":435152552,"properties":{"osmId":435152552,"name":"","height":null,"heightTag":null,"building":"yes","updatedAt":"2026-04-02T07:42:49Z"},"geometry":{"type":"Polygon","coordinates":[[[126.7034091,37.4524853],[126.7036955,37.4524696],[126.7036757,37.4522428],[126.7033893,37.4522586],[126.7034091,37.4524853]]]}},{"type":"Feature","id":435152553,"properties":{"osmId":435152553,"name":"","height":54,"heightTag":"54","building":"apartments","updatedAt":"2026-07-23T09:44:13Z"},"geometry":{"type":"Polygon","coordinates":[[[126.7037255,37.4524884],[126.703915,37.4524792],[126.7038928,37.4521912],[126.7037033,37.4522005],[126.7037255,37.4524884]]]}},{"type":"Feature","id":435152555,"properties":{"osmId":435152555,"name":"","height":null,"heightTag":null,"building":"yes","updatedAt":"2026-04-02T07:42:49Z"},"geometry":{"type":"Polygon","coordinates":[[[126.7029617,37.4495412],[126.702739,37.4495499],[126.7027082,37.4495151],[126.7027023,37.4494202],[126.7029535,37.4494104],[126.7029617,37.4495412]]]}},{"type":"Feature","id":435229458,"properties":{"osmId":435229458,"name":"","height":null,"heightTag":null,"building":"yes","updatedAt":"2026-04-02T07:42:49Z"},"geometry":{"type":"Polygon","coordinates":[[[126.6995952,37.4457613],[126.6996982,37.4457525],[126.6996732,37.445567],[126.6995702,37.4455758],[126.6995952,37.4457613]]]}},{"type":"Feature","id":435229459,"properties":{"osmId":435229459,"name":"","height":null,"heightTag":null,"building":"yes","updatedAt":"2026-04-02T07:42:49Z"},"geometry":{"type":"Polygon","coordinates":[[[126.6995541,37.4457474],[126.6995284,37.4457211],[126.6995088,37.4456899],[126.6995058,37.4456576],[126.6995088,37.4456205],[126.6995254,37.4455953],[126.6995465,37.445569],[126.6995661,37.4455522],[126.6994756,37.44546],[126.6994288,37.4454947],[126.6994017,37.4455199],[126.6993761,37.4455582],[126.6993625,37.4455953],[126.6993534,37.4456456],[126.6993534,37.4456887],[126.6993655,37.4457307],[126.6993911,37.4457726],[126.6994258,37.4458097],[126.699459,37.4458337],[126.6994907,37.445848],[126.6995541,37.4457474]]]}},{"type":"Feature","id":435231849,"properties":{"osmId":435231849,"name":"","height":42,"heightTag":"42","building":"apartments","updatedAt":"2026-07-22T12:27:56Z"},"geometry":{"type":"Polygon","coordinates":[[[126.7026981,37.449403],[126.7027682,37.4493999],[126.7027626,37.4493221],[126.702884,37.4493166],[126.7028801,37.4492624],[126.7027179,37.4492697],[126.7026911,37.4493065],[126.7026981,37.449403]]]}},{"type":"Feature","id":435231850,"properties":{"osmId":435231850,"name":"","height":27,"heightTag":"27","building":"apartments","updatedAt":"2026-07-22T12:27:56Z"},"geometry":{"type":"Polygon","coordinates":[[[126.7029615,37.4493747],[126.7030826,37.4493712],[126.7030783,37.4492778],[126.7029571,37.4492814],[126.7029615,37.4493747]]]}},{"type":"Feature","id":435231851,"properties":{"osmId":435231851,"name":"","height":30,"heightTag":"30","building":"apartments","updatedAt":"2026-07-22T12:27:56Z"},"geometry":{"type":"Polygon","coordinates":[[[126.702987,37.4495257],[126.7031178,37.4495207],[126.7031099,37.4493926],[126.7029792,37.4493976],[126.702987,37.4495257]]]}},{"type":"Feature","id":435231852,"properties":{"osmId":435231852,"name":"","height":30,"heightTag":"30","building":"apartments","updatedAt":"2026-07-22T12:27:56Z"},"geometry":{"type":"Polygon","coordinates":[[[126.7031321,37.4495216],[126.7032628,37.4495165],[126.703255,37.4493884],[126.7031242,37.4493935],[126.7031321,37.4495216]]]}},{"type":"Feature","id":435231853,"properties":{"osmId":435231853,"name":"","height":null,"heightTag":null,"building":"yes","updatedAt":"2026-04-02T07:42:49Z"},"geometry":{"type":"Polygon","coordinates":[[[126.7031307,37.4493608],[126.7034682,37.4493464],[126.7034624,37.4492601],[126.7031248,37.4492745],[126.7031307,37.4493608]]]}},{"type":"Feature","id":435231854,"properties":{"osmId":435231854,"name":"","height":28,"heightTag":"28","building":"apartments","updatedAt":"2026-07-22T12:27:56Z"},"geometry":{"type":"Polygon","coordinates":[[[126.7032927,37.4494711],[126.7032868,37.4493812],[126.7035586,37.4493699],[126.7035646,37.4494598],[126.7032927,37.4494711]]]}},{"type":"Feature","id":435231855,"properties":{"osmId":435231855,"name":"","height":null,"heightTag":null,"building":"yes","updatedAt":"2026-04-02T07:42:49Z"},"geometry":{"type":"Polygon","coordinates":[[[126.7035005,37.4493495],[126.7036077,37.4493455],[126.7036006,37.4492253],[126.7034934,37.4492293],[126.7035005,37.4493495]]]}},{"type":"Feature","id":435231856,"properties":{"osmId":435231856,"name":"","height":null,"heightTag":null,"building":"yes","updatedAt":"2026-04-02T07:42:49Z"},"geometry":{"type":"Polygon","coordinates":[[[126.7036195,37.4493346],[126.7036834,37.4493329],[126.7036844,37.449356],[126.7038554,37.4493513],[126.7038498,37.4492233],[126.7036149,37.4492297],[126.7036195,37.4493346]]]}},{"type":"Feature","id":435231857,"properties":{"osmId":435231857,"name":"","height":null,"heightTag":null,"building":"yes","updatedAt":"2026-04-02T07:42:49Z"},"geometry":{"type":"Polygon","coordinates":[[[126.7035849,37.4494459],[126.7035846,37.4494032],[126.7036166,37.4494031],[126.7036164,37.4493687],[126.7036521,37.4493685],[126.7036525,37.4494258],[126.7036143,37.449426],[126.7036145,37.4494457],[126.7035849,37.4494459]]]}},{"type":"Feature","id":435231858,"properties":{"osmId":435231858,"name":"","height":null,"heightTag":null,"building":"yes","updatedAt":"2026-04-02T07:42:49Z"},"geometry":{"type":"Polygon","coordinates":[[[126.7036338,37.449508],[126.7036339,37.449483],[126.7036747,37.4494818],[126.7036727,37.4494418],[126.7038957,37.4494349],[126.7038975,37.4494998],[126.7036338,37.449508]]]}},{"type":"Feature","id":435231859,"properties":{"osmId":435231859,"name":"","height":null,"heightTag":null,"building":"yes","updatedAt":"2026-04-02T07:42:49Z"},"geometry":{"type":"Polygon","coordinates":[[[126.7027634,37.4498066],[126.7027514,37.4496493],[126.7028241,37.4496458],[126.7028272,37.4496862],[126.7029241,37.4496816],[126.702933,37.4497985],[126.7027634,37.4498066]]]}},{"type":"Feature","id":435231860,"properties":{"osmId":435231860,"name":"","height":40,"heightTag":"40","building":"yes","updatedAt":"2026-07-22T12:31:04Z"},"geometry":{"type":"Polygon","coordinates":[[[126.7029627,37.449778],[126.7029516,37.4496298],[126.7033351,37.4496117],[126.7033462,37.4497599],[126.7029627,37.449778]]]}},{"type":"Feature","id":435231861,"properties":{"osmId":435231861,"name":"","height":null,"heightTag":null,"building":"yes","updatedAt":"2026-04-02T07:42:49Z"},"geometry":{"type":"Polygon","coordinates":[[[126.7033649,37.4497533],[126.7034553,37.4497506],[126.7034492,37.4496053],[126.7033588,37.449608],[126.7033649,37.4497533]]]}},{"type":"Feature","id":435231862,"properties":{"osmId":435231862,"name":"","height":null,"heightTag":null,"building":"yes","updatedAt":"2026-04-02T07:42:49Z"},"geometry":{"type":"Polygon","coordinates":[[[126.7034761,37.4497515],[126.7035665,37.4497488],[126.7035604,37.4496035],[126.70347,37.4496062],[126.7034761,37.4497515]]]}},{"type":"Feature","id":435231863,"properties":{"osmId":435231863,"name":"","height":null,"heightTag":null,"building":"yes","updatedAt":"2026-04-02T07:42:49Z"},"geometry":{"type":"Polygon","coordinates":[[[126.7035953,37.4497523],[126.7035859,37.4495824],[126.7036683,37.4495795],[126.7036731,37.4496648],[126.7039053,37.4496567],[126.70391,37.4497413],[126.7035953,37.4497523]]]}},{"type":"Feature","id":435232261,"properties":{"osmId":435232261,"name":"","height":43,"heightTag":"43","building":"apartments","updatedAt":"2026-07-23T15:26:10Z"},"geometry":{"type":"Polygon","coordinates":[[[126.7042795,37.4538365],[126.7039616,37.4538601],[126.7039342,37.4536272],[126.704252,37.4536036],[126.7042795,37.4538365]]]}},{"type":"Feature","id":435232262,"properties":{"osmId":435232262,"name":"","height":43,"heightTag":"43","building":"apartments","updatedAt":"2026-07-23T15:32:23Z"},"geometry":{"type":"Polygon","coordinates":[[[126.7037962,37.4535728],[126.7035922,37.453581],[126.7035789,37.4533732],[126.703783,37.453365],[126.7037962,37.4535728]]]}},{"type":"Feature","id":435232263,"properties":{"osmId":435232263,"name":"","height":null,"heightTag":null,"building":"yes","updatedAt":"2026-04-02T07:42:49Z"},"geometry":{"type":"Polygon","coordinates":[[[126.703888,37.4535886],[126.7040604,37.4535759],[126.7040342,37.4533519],[126.7038618,37.4533646],[126.703888,37.4535886]]]}},{"type":"Feature","id":435232264,"properties":{"osmId":435232264,"name":"","height":null,"heightTag":null,"building":"yes","updatedAt":"2026-04-02T07:42:49Z"},"geometry":{"type":"Polygon","coordinates":[[[126.7040747,37.4535778],[126.7042471,37.4535651],[126.7042209,37.4533411],[126.7040485,37.4533538],[126.7040747,37.4535778]]]}},{"type":"Feature","id":435232265,"properties":{"osmId":435232265,"name":"","height":null,"heightTag":null,"building":"yes","updatedAt":"2026-04-02T07:42:49Z"},"geometry":{"type":"Polygon","coordinates":[[[126.7039311,37.4540548],[126.7042274,37.4540424],[126.7042242,37.4539949],[126.7042698,37.453993],[126.7042628,37.4538869],[126.7040259,37.4538968],[126.7040294,37.4539491],[126.7039244,37.4539535],[126.7039311,37.4540548]]]}},{"type":"Feature","id":435232266,"properties":{"osmId":435232266,"name":"","height":null,"heightTag":null,"building":"yes","updatedAt":"2026-04-02T07:42:49Z"},"geometry":{"type":"Polygon","coordinates":[[[126.7036631,37.4540726],[126.7036469,37.4539078],[126.7038453,37.4538956],[126.7038614,37.4540604],[126.7036631,37.4540726]]]}},{"type":"Feature","id":435232267,"properties":{"osmId":435232267,"name":"","height":43,"heightTag":"43","building":"apartments","updatedAt":"2026-07-23T15:32:23Z"},"geometry":{"type":"Polygon","coordinates":[[[126.7036379,37.4540693],[126.703424,37.4540802],[126.7034057,37.4538555],[126.7036196,37.4538445],[126.7036379,37.4540693]]]}},{"type":"Feature","id":435232269,"properties":{"osmId":435232269,"name":"","height":42,"heightTag":"42","building":"apartments","updatedAt":"2026-07-23T15:32:23Z"},"geometry":{"type":"Polygon","coordinates":[[[126.70314,37.4540704],[126.7031182,37.4539061],[126.7033302,37.4538909],[126.7033549,37.4540811],[126.703181,37.4540935],[126.70314,37.4540704]]]}},{"type":"Feature","id":435232270,"properties":{"osmId":435232270,"name":"","height":null,"heightTag":null,"building":"yes","updatedAt":"2026-04-02T07:42:49Z"},"geometry":{"type":"Polygon","coordinates":[[[126.7031298,37.4537744],[126.703114,37.4536636],[126.7032602,37.4536505],[126.703276,37.4537612],[126.7031298,37.4537744]]]}},{"type":"Feature","id":435232271,"properties":{"osmId":435232271,"name":"","height":44,"heightTag":"44","building":"apartments","updatedAt":"2026-07-23T15:32:23Z"},"geometry":{"type":"Polygon","coordinates":[[[126.7031077,37.4536302],[126.7030816,37.4534088],[126.7030982,37.4533909],[126.7032439,37.45338],[126.703272,37.453618],[126.7031077,37.4536302]]]}},{"type":"Feature","id":435234006,"properties":{"osmId":435234006,"name":"","height":null,"heightTag":null,"building":"yes","updatedAt":"2026-04-02T07:42:49Z"},"geometry":{"type":"Polygon","coordinates":[[[126.7028027,37.4535258],[126.7027481,37.4535297],[126.7027377,37.4534391],[126.7028883,37.4534277],[126.7029157,37.4534494],[126.7029418,37.4536733],[126.7028207,37.4536821],[126.7028027,37.4535258]]]}},{"type":"Feature","id":435234007,"properties":{"osmId":435234007,"name":"","height":null,"heightTag":null,"building":"yes","updatedAt":"2026-04-02T07:42:49Z"},"geometry":{"type":"Polygon","coordinates":[[[126.7028151,37.4537708],[126.7029599,37.4537612],[126.7029522,37.4536872],[126.7028073,37.4536968],[126.7028151,37.4537708]]]}},{"type":"Feature","id":435234008,"properties":{"osmId":435234008,"name":"","height":null,"heightTag":null,"building":"yes","updatedAt":"2026-04-02T07:42:49Z"},"geometry":{"type":"Polygon","coordinates":[[[126.7028232,37.4538538],[126.702968,37.4538442],[126.7029603,37.4537703],[126.7028154,37.4537798],[126.7028232,37.4538538]]]}},{"type":"Feature","id":435234009,"properties":{"osmId":435234009,"name":"","height":null,"heightTag":null,"building":"yes","updatedAt":"2026-04-02T07:42:49Z"},"geometry":{"type":"Polygon","coordinates":[[[126.7028151,37.4541408],[126.7029824,37.4541303],[126.7029685,37.4539913],[126.7028012,37.4540019],[126.7028151,37.4541408]]]}},{"type":"Feature","id":435234010,"properties":{"osmId":435234010,"name":"","height":null,"heightTag":null,"building":"yes","updatedAt":"2026-04-02T07:42:49Z"},"geometry":{"type":"Polygon","coordinates":[[[126.7025784,37.4541776],[126.7027565,37.4541653],[126.7027366,37.453984],[126.7025585,37.4539964],[126.7025784,37.4541776]]]}},{"type":"Feature","id":435234011,"properties":{"osmId":435234011,"name":"","height":null,"heightTag":null,"building":"yes","updatedAt":"2026-04-02T07:42:49Z"},"geometry":{"type":"Polygon","coordinates":[[[126.7025143,37.4537146],[126.702712,37.4536968],[126.7026725,37.4534207],[126.7024748,37.4534385],[126.7025143,37.4537146]]]}},{"type":"Feature","id":435234012,"properties":{"osmId":435234012,"name":"","height":null,"heightTag":null,"building":"yes","updatedAt":"2026-04-02T07:42:49Z"},"geometry":{"type":"Polygon","coordinates":[[[126.7022689,37.4536283],[126.7024518,37.4536144],[126.7024315,37.4534457],[126.7022485,37.4534596],[126.7022689,37.4536283]]]}},{"type":"Feature","id":435234013,"properties":{"osmId":435234013,"name":"","height":null,"heightTag":null,"building":"yes","updatedAt":"2026-04-02T07:42:49Z"},"geometry":{"type":"Polygon","coordinates":[[[126.7018384,37.4537532],[126.7019795,37.4537415],[126.7019621,37.4536099],[126.7021496,37.4535942],[126.702135,37.4534835],[126.7018064,37.4535109],[126.7018384,37.4537532]]]}},{"type":"Feature","id":435234014,"properties":{"osmId":435234014,"name":"","height":null,"heightTag":null,"building":"yes","updatedAt":"2026-04-02T07:42:49Z"},"geometry":{"type":"Polygon","coordinates":[[[126.7019152,37.4540354],[126.7019097,37.453995],[126.7018897,37.4539967],[126.7018644,37.4538108],[126.7018849,37.4538091],[126.7018806,37.4537775],[126.7019817,37.4537689],[126.7020168,37.4540266],[126.7019152,37.4540354]]]}},{"type":"Feature","id":435234015,"properties":{"osmId":435234015,"name":"","height":null,"heightTag":null,"building":"yes","updatedAt":"2026-04-02T07:42:49Z"},"geometry":{"type":"Polygon","coordinates":[[[126.7020359,37.4542007],[126.7022793,37.4541823],[126.7022694,37.4541001],[126.7021048,37.4541126],[126.702097,37.4540479],[126.7018984,37.4540629],[126.7019088,37.4541496],[126.7020287,37.4541406],[126.7020359,37.4542007]]]}},{"type":"Feature","id":435234016,"properties":{"osmId":435234016,"name":"","height":46,"heightTag":"46","building":"apartments","updatedAt":"2026-07-23T15:33:14Z"},"geometry":{"type":"Polygon","coordinates":[[[126.7023335,37.4541966],[126.7025184,37.4541829],[126.7025002,37.4540285],[126.7023153,37.4540422],[126.7023335,37.4541966]]]}},{"type":"Feature","id":435240977,"properties":{"osmId":435240977,"name":"","height":null,"heightTag":null,"building":"yes","updatedAt":"2026-04-02T07:42:49Z"},"geometry":{"type":"Polygon","coordinates":[[[126.7020163,37.4548744],[126.7022877,37.4548493],[126.7022498,37.4545504],[126.7021509,37.4545604],[126.7021467,37.454537],[126.7023276,37.454517],[126.7023045,37.4543633],[126.7019616,37.4544017],[126.701949,37.4544167],[126.7020163,37.4548744]]]}},{"type":"Feature","id":435240978,"properties":{"osmId":435240978,"name":"","height":30,"heightTag":"30","building":"hospital","updatedAt":"2026-04-02T07:42:49Z"},"geometry":{"type":"Polygon","coordinates":[[[126.7020179,37.4548971],[126.702249,37.4548755],[126.7022665,37.4549936],[126.7023635,37.4549846],[126.7023761,37.4550698],[126.7020946,37.4550961],[126.7020907,37.4550699],[126.7020563,37.4550731],[126.7020415,37.4550564],[126.7020179,37.4548971]]]}},{"type":"Feature","id":435240981,"properties":{"osmId":435240981,"name":"","height":27,"heightTag":"27","building":"yes","updatedAt":"2026-04-02T07:42:49Z"},"geometry":{"type":"Polygon","coordinates":[[[126.7024448,37.4550654],[126.7025323,37.4550581],[126.7025036,37.454842],[126.7024161,37.4548494],[126.7024448,37.4550654]]]}},{"type":"Feature","id":435240982,"properties":{"osmId":435240982,"name":"","height":27,"heightTag":"27","building":"yes","updatedAt":"2026-04-02T07:42:49Z"},"geometry":{"type":"Polygon","coordinates":[[[126.7026899,37.4550643],[126.7028804,37.455047],[126.7028339,37.4547248],[126.7026434,37.4547421],[126.7026899,37.4550643]]]}},{"type":"Feature","id":435240983,"properties":{"osmId":435240983,"name":"","height":27,"heightTag":"27","building":"yes","updatedAt":"2026-04-02T07:42:49Z"},"geometry":{"type":"Polygon","coordinates":[[[126.7025549,37.4550578],[126.7026424,37.4550505],[126.7026138,37.4548345],[126.7025262,37.4548418],[126.7025423,37.4549633],[126.7025549,37.4550578]]]}},{"type":"Feature","id":435240984,"properties":{"osmId":435240984,"name":"","height":null,"heightTag":null,"building":"yes","updatedAt":"2026-04-02T07:42:49Z"},"geometry":{"type":"Polygon","coordinates":[[[126.702374,37.4545389],[126.7024761,37.4545313],[126.7024541,37.4543451],[126.702352,37.4543527],[126.702374,37.4545389]]]}},{"type":"Feature","id":435240985,"properties":{"osmId":435240985,"name":"","height":null,"heightTag":null,"building":"yes","updatedAt":"2026-04-02T07:42:49Z"},"geometry":{"type":"Polygon","coordinates":[[[126.7024938,37.454527],[126.7025959,37.4545194],[126.7025739,37.4543332],[126.7024718,37.4543408],[126.7024938,37.454527]]]}},{"type":"Feature","id":435240986,"properties":{"osmId":435240986,"name":"","height":null,"heightTag":null,"building":"yes","updatedAt":"2026-04-02T07:42:49Z"},"geometry":{"type":"Polygon","coordinates":[[[126.7026272,37.4544998],[126.7028434,37.454484],[126.7028254,37.4543284],[126.7026092,37.4543441],[126.7026272,37.4544998]]]}},{"type":"Feature","id":435240987,"properties":{"osmId":435240987,"name":"","height":46,"heightTag":"46","building":"yes","updatedAt":"2026-07-23T15:37:18Z"},"geometry":{"type":"Polygon","coordinates":[[[126.7029156,37.4545611],[126.7028987,37.4544346],[126.7028637,37.4544376],[126.7028484,37.4543232],[126.7030072,37.4543098],[126.7030535,37.4543549],[126.7030792,37.4545473],[126.7029156,37.4545611]]]}},{"type":"Feature","id":435240988,"properties":{"osmId":435240988,"name":"","height":30,"heightTag":"30","building":"yes","updatedAt":"2026-04-02T07:42:49Z"},"geometry":{"type":"Polygon","coordinates":[[[126.7029567,37.4550397],[126.7031187,37.4550246],[126.7031355,37.4549979],[126.7030998,37.454709],[126.7030848,37.4546923],[126.7030716,37.4546813],[126.7030488,37.4546693],[126.7030148,37.4546653],[126.7029881,37.4546679],[126.7029567,37.4546856],[126.7029344,37.4547095],[126.7029325,37.4547241],[126.7029137,37.4547249],[126.7029567,37.4550397]]]}},{"type":"Feature","id":435835013,"properties":{"osmId":435835013,"name":"","height":16,"heightTag":"16","building":"yes","updatedAt":"2026-04-02T07:42:49Z"},"geometry":{"type":"Polygon","coordinates":[[[126.703548,37.4549784],[126.7035246,37.454823],[126.7037282,37.4548036],[126.7037516,37.454959],[126.703548,37.4549784]]]}},{"type":"Feature","id":435835014,"properties":{"osmId":435835014,"name":"","height":16,"heightTag":"16","building":"yes","updatedAt":"2026-04-02T07:42:49Z"},"geometry":{"type":"Polygon","coordinates":[[[126.7037675,37.4549413],[126.7037433,37.4547304],[126.703934,37.4547166],[126.7039582,37.4549274],[126.7037675,37.4549413]]]}},{"type":"Feature","id":435835015,"properties":{"osmId":435835015,"name":"","height":5,"heightTag":"5","building":"yes","updatedAt":"2026-04-02T07:42:49Z"},"geometry":{"type":"Polygon","coordinates":[[[126.7040338,37.4549621],[126.7040247,37.4548755],[126.7040549,37.4548735],[126.7040388,37.4547212],[126.70436,37.4546999],[126.7043754,37.4548461],[126.7044302,37.4548424],[126.7044357,37.4548944],[126.7043701,37.4548988],[126.7043744,37.4549395],[126.7040338,37.4549621]]]}},{"type":"Feature","id":435835016,"properties":{"osmId":435835016,"name":"","height":null,"heightTag":null,"building":"yes","updatedAt":"2026-04-02T07:42:49Z"},"geometry":{"type":"Polygon","coordinates":[[[126.7042488,37.4546656],[126.7043665,37.4546582],[126.7043454,37.4544453],[126.7041557,37.4544572],[126.7041732,37.4546344],[126.7042453,37.4546299],[126.7042488,37.4546656]]]}},{"type":"Feature","id":435835017,"properties":{"osmId":435835017,"name":"","height":null,"heightTag":null,"building":"yes","updatedAt":"2026-04-02T07:42:49Z"},"geometry":{"type":"Polygon","coordinates":[[[126.704055,37.4543938],[126.7043704,37.454374],[126.7043522,37.4541908],[126.703949,37.4542161],[126.7039628,37.4543545],[126.7040505,37.454349],[126.704055,37.4543938]]]}},{"type":"Feature","id":435835018,"properties":{"osmId":435835018,"name":"","height":40,"heightTag":"40","building":"apartments","updatedAt":"2026-07-23T15:37:18Z"},"geometry":{"type":"Polygon","coordinates":[[[126.7037798,37.4543869],[126.7039332,37.4543795],[126.703918,37.4541833],[126.7037646,37.4541908],[126.7037798,37.4543869]]]}},{"type":"Feature","id":435835019,"properties":{"osmId":435835019,"name":"","height":null,"heightTag":null,"building":"yes","updatedAt":"2026-04-02T07:42:49Z"},"geometry":{"type":"Polygon","coordinates":[[[126.7035808,37.4544314],[126.7037151,37.4544254],[126.7037027,37.4542496],[126.7035683,37.4542556],[126.7035808,37.4544314]]]}},{"type":"Feature","id":435835020,"properties":{"osmId":435835020,"name":"","height":null,"heightTag":null,"building":"yes","updatedAt":"2026-04-02T07:42:49Z"},"geometry":{"type":"Polygon","coordinates":[[[126.703436,37.4544432],[126.7035591,37.4544362],[126.7035418,37.4542454],[126.7034187,37.4542524],[126.703436,37.4544432]]]}},{"type":"Feature","id":435835021,"properties":{"osmId":435835021,"name":"","height":89,"heightTag":"89","building":"yes","updatedAt":"2026-07-23T10:32:21Z"},"geometry":{"type":"Polygon","coordinates":[[[126.7048091,37.4504388],[126.7050936,37.4504138],[126.7050889,37.4503798],[126.7053453,37.4503572],[126.7053075,37.4500866],[126.7048448,37.4501273],[126.7048046,37.4501422],[126.7047805,37.4501699],[126.7047751,37.4501954],[126.7048091,37.4504388]]]}},{"type":"Feature","id":435835022,"properties":{"osmId":435835022,"name":"","height":65,"heightTag":"65","building":"apartments","updatedAt":"2026-07-23T10:32:21Z"},"geometry":{"type":"Polygon","coordinates":[[[126.7048839,37.4508429],[126.7049977,37.4508342],[126.7050299,37.450847],[126.7053232,37.4508246],[126.7052776,37.4504484],[126.70484,37.4504819],[126.7048839,37.4508429]]]}},{"type":"Feature","id":435835025,"properties":{"osmId":435835025,"name":"","height":36,"heightTag":"36","building":"yes","updatedAt":"2026-07-23T10:32:21Z"},"geometry":{"type":"Polygon","coordinates":[[[126.705353,37.4507775],[126.7053984,37.4507736],[126.7053967,37.4507606],[126.7054592,37.4507553],[126.7054609,37.450768],[126.70551,37.4507638],[126.7054817,37.4505536],[126.7053246,37.4505669],[126.705353,37.4507775]]]}},{"type":"Feature","id":435835026,"properties":{"osmId":435835026,"name":"","height":36,"heightTag":"36","building":"apartments","updatedAt":"2026-07-23T10:32:21Z"},"geometry":{"type":"Polygon","coordinates":[[[126.7056839,37.4507672],[126.7058369,37.4507566],[126.7058114,37.4505247],[126.7056584,37.4505354],[126.7056839,37.4507672]]]}},{"type":"Feature","id":435835027,"properties":{"osmId":435835027,"name":"","height":46,"heightTag":"46","building":"yes","updatedAt":"2026-07-23T10:32:21Z"},"geometry":{"type":"Polygon","coordinates":[[[126.7054366,37.4502604],[126.7057577,37.4502349],[126.7057358,37.4500609],[126.7054148,37.4500863],[126.7054366,37.4502604]]]}},{"type":"Feature","id":435835029,"properties":{"osmId":435835029,"name":"","height":null,"heightTag":null,"building":"yes","updatedAt":"2026-04-02T07:42:49Z"},"geometry":{"type":"Polygon","coordinates":[[[126.7058186,37.4501558],[126.7060236,37.4501429],[126.7060136,37.4500427],[126.7058087,37.4500556],[126.7058186,37.4501558]]]}},{"type":"Feature","id":435835030,"properties":{"osmId":435835030,"name":"","height":null,"heightTag":null,"building":"yes","updatedAt":"2026-04-02T07:42:49Z"},"geometry":{"type":"Polygon","coordinates":[[[126.70605,37.4500505],[126.7062265,37.4500361],[126.7062468,37.4501932],[126.7060703,37.4502076],[126.70605,37.4500505]]]}},{"type":"Feature","id":435835031,"properties":{"osmId":435835031,"name":"","height":47,"heightTag":"47","building":"apartments","updatedAt":"2026-07-23T10:32:21Z"},"geometry":{"type":"Polygon","coordinates":[[[126.7059743,37.4504698],[126.7062833,37.4504431],[126.7062577,37.4502561],[126.7059486,37.4502829],[126.7059743,37.4504698]]]}},{"type":"Feature","id":435835037,"properties":{"osmId":435835037,"name":"","height":40,"heightTag":"40","building":"yes","updatedAt":"2026-07-23T10:46:18Z"},"geometry":{"type":"Polygon","coordinates":[[[126.7049015,37.451287],[126.7050927,37.451268],[126.7050627,37.4510528],[126.704956,37.4510633],[126.7048774,37.4511318],[126.7049015,37.451287]]]}},{"type":"Feature","id":435835038,"properties":{"osmId":435835038,"name":"","height":null,"heightTag":null,"building":"yes","updatedAt":"2026-04-02T07:42:49Z"},"geometry":{"type":"Polygon","coordinates":[[[126.7051482,37.4511969],[126.7053149,37.4511865],[126.7053026,37.4510614],[126.7051359,37.4510718],[126.7051482,37.4511969]]]}},{"type":"Feature","id":435835041,"properties":{"osmId":435835041,"name":"","height":42,"heightTag":"42","building":"yes","updatedAt":"2026-07-23T10:46:18Z"},"geometry":{"type":"Polygon","coordinates":[[[126.7051585,37.4513433],[126.7053262,37.4513317],[126.7053171,37.451249],[126.7051494,37.4512607],[126.7051585,37.4513433]]]}},{"type":"Feature","id":435835043,"properties":{"osmId":435835043,"name":"근로복지공단 경인지역본부","height":63,"heightTag":"63","building":"yes","updatedAt":"2026-07-23T10:46:18Z"},"geometry":{"type":"Polygon","coordinates":[[[126.7049398,37.4515371],[126.7049015,37.451287],[126.7050927,37.451268],[126.705131,37.4515183],[126.7049398,37.4515371]]]}},{"type":"Feature","id":435835045,"properties":{"osmId":435835045,"name":"","height":null,"heightTag":null,"building":"yes","updatedAt":"2026-04-02T07:42:49Z"},"geometry":{"type":"Polygon","coordinates":[[[126.7049695,37.4520508],[126.7052023,37.452033],[126.7051754,37.4518106],[126.7049426,37.4518284],[126.7049695,37.4520508]]]}},{"type":"Feature","id":435835047,"properties":{"osmId":435835047,"name":"","height":null,"heightTag":null,"building":"yes","updatedAt":"2026-04-02T07:42:49Z"},"geometry":{"type":"Polygon","coordinates":[[[126.7052639,37.4519856],[126.7054434,37.4519709],[126.705428,37.4518529],[126.7052485,37.4518677],[126.7052639,37.4519856]]]}},{"type":"Feature","id":435835048,"properties":{"osmId":435835048,"name":"","height":43,"heightTag":"43","building":"apartments","updatedAt":"2026-07-23T10:46:18Z"},"geometry":{"type":"Polygon","coordinates":[[[126.7051825,37.4515449],[126.7053527,37.4515303],[126.7053309,37.4513701],[126.7051607,37.4513847],[126.7051825,37.4515449]]]}},{"type":"Feature","id":435835050,"properties":{"osmId":435835050,"name":"","height":43,"heightTag":"43","building":"yes","updatedAt":"2026-07-23T10:46:18Z"},"geometry":{"type":"Polygon","coordinates":[[[126.7049608,37.4516693],[126.7051672,37.4516495],[126.7051824,37.4517555],[126.7049761,37.4517753],[126.7049608,37.4516693]]]}},{"type":"Feature","id":435835051,"properties":{"osmId":435835051,"name":"","height":null,"heightTag":null,"building":"yes","updatedAt":"2026-04-02T07:42:49Z"},"geometry":{"type":"Polygon","coordinates":[[[126.7055671,37.4513144],[126.7057167,37.4513031],[126.7057102,37.4512491],[126.7058118,37.4512414],[126.7059628,37.4512225],[126.7059418,37.4510491],[126.7059178,37.4510488],[126.7057197,37.4510651],[126.705532,37.4510825],[126.7055671,37.4513144]]]}},{"type":"Feature","id":435835052,"properties":{"osmId":435835052,"name":"","height":null,"heightTag":null,"building":"yes","updatedAt":"2026-04-02T07:42:49Z"},"geometry":{"type":"Polygon","coordinates":[[[126.7055727,37.4513612],[126.7055671,37.4513144],[126.7057167,37.4513031],[126.7057102,37.4512491],[126.7058118,37.4512414],[126.7058239,37.4513422],[126.7055727,37.4513612]]]}},{"type":"Feature","id":435835053,"properties":{"osmId":435835053,"name":"","height":null,"heightTag":null,"building":"yes","updatedAt":"2026-04-02T07:42:49Z"},"geometry":{"type":"Polygon","coordinates":[[[126.7057197,37.4510651],[126.7057134,37.4510167],[126.7057523,37.4509843],[126.7059077,37.4509715],[126.7059178,37.4510488],[126.7057197,37.4510651]]]}},{"type":"Feature","id":436879822,"properties":{"osmId":436879822,"name":"델리커리인천시청점","height":44,"heightTag":"44","building":"yes","updatedAt":"2026-07-23T15:17:53Z"},"geometry":{"type":"Polygon","coordinates":[[[126.7057049,37.4546988],[126.705966,37.4546828],[126.7059586,37.4546062],[126.7060335,37.4546017],[126.7060079,37.4543377],[126.7056719,37.4543582],[126.7057049,37.4546988]]]}},{"type":"Feature","id":436879824,"properties":{"osmId":436879824,"name":"","height":38,"heightTag":"38","building":"apartments","updatedAt":"2026-07-23T15:17:53Z"},"geometry":{"type":"Polygon","coordinates":[[[126.7056219,37.4543274],[126.705604,37.4542192],[126.7058375,37.4541949],[126.7058554,37.454303],[126.7056219,37.4543274]]]}},{"type":"Feature","id":436879825,"properties":{"osmId":436879825,"name":"","height":null,"heightTag":null,"building":"yes","updatedAt":"2026-04-02T07:42:49Z"},"geometry":{"type":"Polygon","coordinates":[[[126.7056412,37.4541854],[126.7056233,37.4540773],[126.7058569,37.4540529],[126.7058748,37.4541611],[126.7056412,37.4541854]]]}},{"type":"Feature","id":436879826,"properties":{"osmId":436879826,"name":"","height":37,"heightTag":"37","building":"apartments","updatedAt":"2026-07-23T15:17:53Z"},"geometry":{"type":"Polygon","coordinates":[[[126.7059229,37.4542853],[126.7058856,37.4540435],[126.7060116,37.4540312],[126.7060489,37.4542731],[126.7059229,37.4542853]]]}},{"type":"Feature","id":436879829,"properties":{"osmId":436879829,"name":"","height":57,"heightTag":"57","building":"apartments","updatedAt":"2026-07-23T15:17:53Z"},"geometry":{"type":"Polygon","coordinates":[[[126.7055971,37.4539342],[126.7060993,37.4538929],[126.7060644,37.4536255],[126.7055622,37.4536668],[126.7055971,37.4539342]]]}},{"type":"Feature","id":436879831,"properties":{"osmId":436879831,"name":"","height":null,"heightTag":null,"building":"yes","updatedAt":"2026-04-02T07:42:49Z"},"geometry":{"type":"Polygon","coordinates":[[[126.7062509,37.4538794],[126.7068235,37.4538267],[126.7067904,37.4535999],[126.7062178,37.4536525],[126.7062509,37.4538794]]]}},{"type":"Feature","id":436879832,"properties":{"osmId":436879832,"name":"","height":36,"heightTag":"36","building":"yes","updatedAt":"2026-07-23T15:17:53Z"},"geometry":{"type":"Polygon","coordinates":[[[126.7064936,37.4534684],[126.7067213,37.4534529],[126.7066929,37.4531908],[126.7064652,37.4532064],[126.7064936,37.4534684]]]}},{"type":"Feature","id":436879833,"properties":{"osmId":436879833,"name":"","height":null,"heightTag":null,"building":"yes","updatedAt":"2026-04-02T07:42:49Z"},"geometry":{"type":"Polygon","coordinates":[[[126.7062128,37.4535567],[126.7064322,37.4535406],[126.7063942,37.453215],[126.7061748,37.4532312],[126.7062128,37.4535567]]]}},{"type":"Feature","id":436879834,"properties":{"osmId":436879834,"name":"","height":null,"heightTag":null,"building":"yes","updatedAt":"2026-07-30T10:20:14Z"},"geometry":{"type":"Polygon","coordinates":[[[126.706838,37.453315],[126.7071519,37.4532904],[126.7071412,37.4532044],[126.7068273,37.453229],[126.706838,37.453315]]]}},{"type":"Feature","id":436879835,"properties":{"osmId":436879835,"name":"","height":null,"heightTag":null,"building":"yes","updatedAt":"2026-04-02T07:42:49Z"},"geometry":{"type":"Polygon","coordinates":[[[126.7073566,37.4533953],[126.7074606,37.4533899],[126.7074456,37.4532067],[126.7073416,37.453212],[126.7073566,37.4533953]]]}},{"type":"Feature","id":436879836,"properties":{"osmId":436879836,"name":"","height":null,"heightTag":null,"building":"yes","updatedAt":"2026-04-02T07:42:49Z"},"geometry":{"type":"Polygon","coordinates":[[[126.7068655,37.4537502],[126.7069216,37.453747],[126.7069243,37.4537771],[126.7069863,37.4537736],[126.7069722,37.453619],[126.7069187,37.4536221],[126.7069162,37.4535953],[126.7068517,37.453599],[126.7068655,37.4537502]]]}},{"type":"Feature","id":436879837,"properties":{"osmId":436879837,"name":"","height":null,"heightTag":null,"building":"yes","updatedAt":"2026-04-02T07:42:49Z"},"geometry":{"type":"Polygon","coordinates":[[[126.7072438,37.4537695],[126.7072217,37.4535709],[126.7074906,37.4535521],[126.7075126,37.4537507],[126.7072438,37.4537695]]]}},{"type":"Feature","id":436879839,"properties":{"osmId":436879839,"name":"","height":null,"heightTag":null,"building":"yes","updatedAt":"2026-04-02T07:42:49Z"},"geometry":{"type":"Polygon","coordinates":[[[126.7076271,37.4532983],[126.7079446,37.4532707],[126.7079326,37.4531839],[126.7078597,37.4531409],[126.7075437,37.4531683],[126.7075552,37.4532522],[126.70762,37.4532466],[126.7076271,37.4532983]]]}},{"type":"Feature","id":436879840,"properties":{"osmId":436879840,"name":"","height":null,"heightTag":null,"building":"yes","updatedAt":"2026-04-02T07:42:49Z"},"geometry":{"type":"Polygon","coordinates":[[[126.7076941,37.4534334],[126.7079506,37.4534154],[126.7079362,37.4532857],[126.7076797,37.4533036],[126.7076941,37.4534334]]]}},{"type":"Feature","id":436879841,"properties":{"osmId":436879841,"name":"","height":null,"heightTag":null,"building":"yes","updatedAt":"2026-04-02T07:42:49Z"},"geometry":{"type":"Polygon","coordinates":[[[126.7076835,37.453723],[126.7079743,37.4537024],[126.7079437,37.4534298],[126.7077054,37.4534467],[126.7077081,37.4534712],[126.7076557,37.4534749],[126.7076835,37.453723]]]}},{"type":"Feature","id":443289544,"properties":{"osmId":443289544,"name":"","height":null,"heightTag":null,"building":"yes","updatedAt":"2016-09-20T02:50:53Z"},"geometry":{"type":"Polygon","coordinates":[[[126.6971015,37.4403292],[126.6971122,37.4404291],[126.6968722,37.4404488],[126.6968346,37.4401596],[126.6970827,37.4401393],[126.6970964,37.4402279],[126.6980627,37.4401487],[126.6980827,37.4403028],[126.6979629,37.4403126],[126.6979559,37.4402587],[126.69772,37.440278],[126.697727,37.4403316],[126.6975651,37.4403449],[126.6975582,37.4402918],[126.6971015,37.4403292]]]}},{"type":"Feature","id":443289545,"properties":{"osmId":443289545,"name":"","height":null,"heightTag":null,"building":"yes","updatedAt":"2016-09-20T02:50:53Z"},"geometry":{"type":"Polygon","coordinates":[[[126.6971525,37.440442],[126.6973247,37.4404309],[126.6973161,37.4403468],[126.6971439,37.4403578],[126.6971525,37.440442]]]}},{"type":"Feature","id":443289546,"properties":{"osmId":443289546,"name":"","height":null,"heightTag":null,"building":"yes","updatedAt":"2016-09-20T02:50:53Z"},"geometry":{"type":"Polygon","coordinates":[[[126.6973394,37.4404252],[126.6974717,37.4404154],[126.6974632,37.4403313],[126.6973309,37.4403411],[126.6973394,37.4404252]]]}},{"type":"Feature","id":443289547,"properties":{"osmId":443289547,"name":"","height":null,"heightTag":null,"building":"yes","updatedAt":"2016-09-20T02:50:53Z"},"geometry":{"type":"Polygon","coordinates":[[[126.6978027,37.4403797],[126.6979431,37.4403678],[126.6979334,37.4402963],[126.6977931,37.4403082],[126.6978027,37.4403797]]]}},{"type":"Feature","id":443289548,"properties":{"osmId":443289548,"name":"","height":null,"heightTag":null,"building":"yes","updatedAt":"2016-09-20T02:50:53Z"},"geometry":{"type":"Polygon","coordinates":[[[126.6980264,37.4398871],[126.6981012,37.4398808],[126.6980709,37.4396541],[126.6979961,37.4396604],[126.6980264,37.4398871]]]}},{"type":"Feature","id":443289549,"properties":{"osmId":443289549,"name":"","height":null,"heightTag":null,"building":"yes","updatedAt":"2016-09-20T02:50:53Z"},"geometry":{"type":"Polygon","coordinates":[[[126.6968314,37.4401095],[126.6969421,37.4401011],[126.6968737,37.4395301],[126.696763,37.4395385],[126.6968314,37.4401095]]]}},{"type":"Feature","id":443289550,"properties":{"osmId":443289550,"name":"","height":null,"heightTag":null,"building":"yes","updatedAt":"2016-09-20T02:50:53Z"},"geometry":{"type":"Polygon","coordinates":[[[126.6969422,37.4396695],[126.6975059,37.4396267],[126.6974921,37.4395116],[126.6969283,37.4395544],[126.6969422,37.4396695]]]}},{"type":"Feature","id":443289551,"properties":{"osmId":443289551,"name":"","height":null,"heightTag":null,"building":"yes","updatedAt":"2016-09-20T02:50:53Z"},"geometry":{"type":"Polygon","coordinates":[[[126.6975233,37.4396269],[126.6975121,37.4395079],[126.6976333,37.4394965],[126.6979346,37.439589],[126.6978804,37.439694],[126.6976365,37.4396193],[126.6975233,37.4396269]]]}},{"type":"Feature","id":443291739,"properties":{"osmId":443291739,"name":"","height":null,"heightTag":null,"building":"school","updatedAt":"2018-12-21T06:53:11Z"},"geometry":{"type":"Polygon","coordinates":[[[126.6967778,37.4402807],[126.6966701,37.4402891],[126.6966661,37.4402571],[126.6962797,37.4402873],[126.6962745,37.4402241],[126.6961616,37.4402357],[126.6961689,37.4402959],[126.6957841,37.440326],[126.6957894,37.4403682],[126.6956959,37.4403755],[126.6957079,37.4404726],[126.6959145,37.4404565],[126.6959093,37.4404144],[126.6960508,37.4404033],[126.6960602,37.440479],[126.6963723,37.4404546],[126.696362,37.4403713],[126.6965791,37.4403544],[126.6965847,37.4403996],[126.6967905,37.4403835],[126.6967778,37.4402807]]]}},{"type":"Feature","id":443291740,"properties":{"osmId":443291740,"name":"","height":null,"heightTag":null,"building":"yes","updatedAt":"2016-09-20T03:13:15Z"},"geometry":{"type":"Polygon","coordinates":[[[126.6964014,37.4405112],[126.6963861,37.4403953],[126.6965638,37.4403805],[126.6965685,37.440416],[126.6967768,37.4403986],[126.6967874,37.440479],[126.6964014,37.4405112]]]}},{"type":"Feature","id":443291741,"properties":{"osmId":443291741,"name":"","height":null,"heightTag":null,"building":"school","updatedAt":"2019-02-03T11:24:56Z"},"geometry":{"type":"Polygon","coordinates":[[[126.6964618,37.4400848],[126.6964071,37.4397167],[126.6965578,37.4397032],[126.6965534,37.4396678],[126.6966406,37.4396628],[126.6966424,37.4396861],[126.6966311,37.4397017],[126.6966936,37.4400011],[126.6966805,37.4400115],[126.6966851,37.4400622],[126.6964618,37.4400848]]]}},{"type":"Feature","id":443291742,"properties":{"osmId":443291742,"name":"","height":null,"heightTag":null,"building":"school","updatedAt":"2018-12-21T06:53:11Z"},"geometry":{"type":"Polygon","coordinates":[[[126.6959414,37.4397091],[126.6964414,37.4396733],[126.6964354,37.4396211],[126.6959354,37.439657],[126.6959414,37.4397091]]]}},{"type":"Feature","id":443291744,"properties":{"osmId":443291744,"name":"103","height":null,"heightTag":null,"building":"apartments","updatedAt":"2026-07-22T12:38:52Z"},"geometry":{"type":"Polygon","coordinates":[[[126.6958545,37.4408624],[126.6958373,37.4407469],[126.6967261,37.4406638],[126.6967433,37.4407794],[126.6958545,37.4408624]]]}},{"type":"Feature","id":443291747,"properties":{"osmId":443291747,"name":"101","height":null,"heightTag":null,"building":"apartments","updatedAt":"2026-07-22T12:38:52Z"},"geometry":{"type":"Polygon","coordinates":[[[126.6960167,37.4417578],[126.6968871,37.4416839],[126.6968725,37.4415758],[126.6960022,37.4416496],[126.6960167,37.4417578]]]}},{"type":"Feature","id":443291748,"properties":{"osmId":443291748,"name":"104","height":null,"heightTag":null,"building":"apartments","updatedAt":"2026-07-22T12:38:52Z"},"geometry":{"type":"Polygon","coordinates":[[[126.6954323,37.4418076],[126.6956736,37.4417915],[126.6956716,37.4417726],[126.6958833,37.4417585],[126.6958723,37.4416543],[126.6956546,37.4416689],[126.695657,37.4416916],[126.6954217,37.4417073],[126.6954323,37.4418076]]]}},{"type":"Feature","id":443291749,"properties":{"osmId":443291749,"name":"","height":null,"heightTag":null,"building":"yes","updatedAt":"2016-09-20T03:13:16Z"},"geometry":{"type":"Polygon","coordinates":[[[126.6954768,37.4414247],[126.6956421,37.4414883],[126.6957839,37.4412557],[126.6956186,37.4411922],[126.6954768,37.4414247]]]}},{"type":"Feature","id":443291750,"properties":{"osmId":443291750,"name":"","height":null,"heightTag":null,"building":"yes","updatedAt":"2016-09-20T03:13:16Z"},"geometry":{"type":"Polygon","coordinates":[[[126.6957178,37.4410564],[126.6958701,37.4410495],[126.6958631,37.440951],[126.6957108,37.4409579],[126.6957178,37.4410564]]]}},{"type":"Feature","id":443304172,"properties":{"osmId":443304172,"name":"6","height":null,"heightTag":null,"building":"apartments","updatedAt":"2026-07-22T12:41:12Z"},"geometry":{"type":"Polygon","coordinates":[[[126.6950897,37.4422863],[126.6953128,37.4422684],[126.6953094,37.4422412],[126.6962015,37.4421699],[126.6961879,37.4420626],[126.6952895,37.4421344],[126.6952944,37.4421726],[126.6950775,37.4421899],[126.6950897,37.4422863]]]}},{"type":"Feature","id":443304174,"properties":{"osmId":443304174,"name":"5","height":null,"heightTag":null,"building":"apartments","updatedAt":"2026-07-22T12:41:12Z"},"geometry":{"type":"Polygon","coordinates":[[[126.6955919,37.4426176],[126.6962731,37.4425661],[126.6962591,37.4424497],[126.695578,37.4425012],[126.6955919,37.4426176]]]}},{"type":"Feature","id":443304175,"properties":{"osmId":443304175,"name":"3","height":null,"heightTag":null,"building":"apartments","updatedAt":"2026-07-22T12:41:12Z"},"geometry":{"type":"Polygon","coordinates":[[[126.6948525,37.4427102],[126.6948351,37.4425997],[126.6950519,37.4425782],[126.6950481,37.442554],[126.6955046,37.4425087],[126.6955227,37.4426235],[126.6950593,37.4426695],[126.6950624,37.4426893],[126.6948525,37.4427102]]]}},{"type":"Feature","id":443304177,"properties":{"osmId":443304177,"name":"2","height":null,"heightTag":null,"building":"apartments","updatedAt":"2026-07-22T12:41:12Z"},"geometry":{"type":"Polygon","coordinates":[[[126.6954207,37.4430598],[126.6963296,37.4429935],[126.6963169,37.4428833],[126.695408,37.4429496],[126.6954207,37.4430598]]]}},{"type":"Feature","id":443304178,"properties":{"osmId":443304178,"name":"1","height":null,"heightTag":null,"building":"apartments","updatedAt":"2026-07-22T12:41:12Z"},"geometry":{"type":"Polygon","coordinates":[[[126.6946826,37.4431342],[126.6953518,37.4430757],[126.6953395,37.4429603],[126.6946622,37.4430188],[126.6946826,37.4431342]]]}},{"type":"Feature","id":443304186,"properties":{"osmId":443304186,"name":"","height":null,"heightTag":null,"building":"yes","updatedAt":"2016-09-20T04:54:46Z"},"geometry":{"type":"Polygon","coordinates":[[[126.6945878,37.4429107],[126.6945743,37.4428505],[126.6946956,37.4426688],[126.694731,37.4426638],[126.6947805,37.4428834],[126.6945878,37.4429107]]]}},{"type":"Feature","id":443304189,"properties":{"osmId":443304189,"name":"","height":null,"heightTag":null,"building":"yes","updatedAt":"2016-09-20T04:54:46Z"},"geometry":{"type":"Polygon","coordinates":[[[126.6949595,37.4424503],[126.6949537,37.4423706],[126.6949665,37.44237],[126.6949901,37.4423345],[126.6950324,37.442366],[126.6950335,37.4423818],[126.6950796,37.4423796],[126.6950829,37.4424247],[126.6950258,37.4424274],[126.6950273,37.4424472],[126.6949595,37.4424503]]]}},{"type":"Feature","id":443313083,"properties":{"osmId":443313083,"name":"101","height":null,"heightTag":null,"building":"apartments","updatedAt":"2026-07-22T12:43:55Z"},"geometry":{"type":"Polygon","coordinates":[[[126.6946348,37.44362],[126.6946178,37.4434958],[126.6956445,37.4434072],[126.6956615,37.4435314],[126.6946348,37.44362]]]}},{"type":"Feature","id":443313085,"properties":{"osmId":443313085,"name":"102","height":null,"heightTag":null,"building":"apartments","updatedAt":"2026-07-22T12:43:55Z"},"geometry":{"type":"Polygon","coordinates":[[[126.6957856,37.4435248],[126.6964785,37.4434708],[126.6964618,37.4433352],[126.6957688,37.4433892],[126.6957856,37.4435248]]]}},{"type":"Feature","id":443313087,"properties":{"osmId":443313087,"name":"103","height":null,"heightTag":null,"building":"apartments","updatedAt":"2026-07-22T12:43:55Z"},"geometry":{"type":"Polygon","coordinates":[[[126.6951628,37.4440854],[126.6960794,37.4440236],[126.6960643,37.4438955],[126.6951478,37.4439573],[126.6951628,37.4440854]]]}},{"type":"Feature","id":443313088,"properties":{"osmId":443313088,"name":"104","height":null,"heightTag":null,"building":"apartments","updatedAt":"2026-07-22T12:43:55Z"},"geometry":{"type":"Polygon","coordinates":[[[126.696134,37.4440291],[126.696778,37.4439855],[126.6967613,37.4438498],[126.6961172,37.4438935],[126.696134,37.4440291]]]}},{"type":"Feature","id":443313090,"properties":{"osmId":443313090,"name":"105","height":null,"heightTag":null,"building":"apartments","updatedAt":"2026-07-22T12:43:55Z"},"geometry":{"type":"Polygon","coordinates":[[[126.6956963,37.4445225],[126.6960455,37.4445077],[126.6960366,37.4444071],[126.6956973,37.444422],[126.6956963,37.4445225]]]}},{"type":"Feature","id":443313091,"properties":{"osmId":443313091,"name":"","height":null,"heightTag":null,"building":"yes","updatedAt":"2016-09-20T05:19:56Z"},"geometry":{"type":"Polygon","coordinates":[[[126.696156,37.4445662],[126.6963303,37.4445565],[126.6963051,37.4442718],[126.6961308,37.4442816],[126.696156,37.4445662]]]}},{"type":"Feature","id":443313102,"properties":{"osmId":443313102,"name":"관교치안센터","height":null,"heightTag":null,"building":"yes","updatedAt":"2018-01-12T07:40:04Z"},"geometry":{"type":"Polygon","coordinates":[[[126.6964233,37.4445116],[126.6963876,37.4444453],[126.6964874,37.4444074],[126.6965271,37.4444752],[126.6964233,37.4445116]]]}},{"type":"Feature","id":443313104,"properties":{"osmId":443313104,"name":"관교119안전센터","height":null,"heightTag":null,"building":"yes","updatedAt":"2016-09-20T05:19:56Z"},"geometry":{"type":"Polygon","coordinates":[[[126.696576,37.4444744],[126.6964911,37.4443184],[126.6965345,37.4443036],[126.6965155,37.4442687],[126.6966052,37.4442379],[126.696709,37.4444288],[126.696576,37.4444744]]]}},{"type":"Feature","id":443313105,"properties":{"osmId":443313105,"name":"","height":null,"heightTag":null,"building":"public","updatedAt":"2020-09-04T03:47:16Z"},"geometry":{"type":"Polygon","coordinates":[[[126.6967052,37.4443468],[126.6966482,37.4442215],[126.6969321,37.4441375],[126.6969871,37.4442684],[126.6969942,37.4442862],[126.6969942,37.4442983],[126.6969871,37.444308],[126.6969657,37.4443096],[126.6969545,37.4443047],[126.6969504,37.4442837],[126.696753,37.4443363],[126.6967591,37.4443476],[126.6967591,37.4443629],[126.69675,37.4443702],[126.6967357,37.4443726],[126.6967194,37.4443686],[126.6967113,37.4443605],[126.6967052,37.4443468]]]}},{"type":"Feature","id":443315703,"properties":{"osmId":443315703,"name":"1","height":null,"heightTag":null,"building":"apartments","updatedAt":"2026-07-22T12:44:48Z"},"geometry":{"type":"Polygon","coordinates":[[[126.6935294,37.4441104],[126.6934167,37.4440181],[126.6941679,37.4434396],[126.6942806,37.4435319],[126.6935294,37.4441104]]]}},{"type":"Feature","id":443315704,"properties":{"osmId":443315704,"name":"2","height":null,"heightTag":null,"building":"apartments","updatedAt":"2026-07-22T12:44:48Z"},"geometry":{"type":"Polygon","coordinates":[[[126.6940513,37.4444365],[126.6939386,37.4443443],[126.6946181,37.4438331],[126.6947308,37.4439254],[126.6940513,37.4444365]]]}},{"type":"Feature","id":443315706,"properties":{"osmId":443315706,"name":"3","height":null,"heightTag":null,"building":"apartments","updatedAt":"2026-07-22T12:44:48Z"},"geometry":{"type":"Polygon","coordinates":[[[126.6945079,37.444856],[126.6943952,37.4447637],[126.6950746,37.4442525],[126.6951873,37.4443448],[126.6945079,37.444856]]]}},{"type":"Feature","id":443315708,"properties":{"osmId":443315708,"name":"5","height":null,"heightTag":null,"building":"apartments","updatedAt":"2026-07-22T12:44:48Z"},"geometry":{"type":"Polygon","coordinates":[[[126.6948764,37.445379],[126.6947637,37.4452867],[126.6955149,37.4447082],[126.6956276,37.4448005],[126.6948764,37.445379]]]}},{"type":"Feature","id":443315709,"properties":{"osmId":443315709,"name":"","height":null,"heightTag":null,"building":"yes","updatedAt":"2016-09-20T05:34:01Z"},"geometry":{"type":"Polygon","coordinates":[[[126.6946442,37.4452011],[126.6944748,37.4450577],[126.6945454,37.4450051],[126.6945311,37.444993],[126.6945944,37.4449459],[126.6947781,37.4451014],[126.6946442,37.4452011]]]}},{"type":"Feature","id":443317262,"properties":{"osmId":443317262,"name":"","height":58,"heightTag":"58","building":"yes","updatedAt":"2026-07-23T10:59:37Z"},"geometry":{"type":"Polygon","coordinates":[[[126.705363,37.4530539],[126.7052205,37.4530674],[126.7051491,37.4530256],[126.7051161,37.452806],[126.7053227,37.4527864],[126.705363,37.4530539]]]}},{"type":"Feature","id":443317263,"properties":{"osmId":443317263,"name":"","height":44,"heightTag":"44","building":"apartments","updatedAt":"2026-07-23T10:59:37Z"},"geometry":{"type":"Polygon","coordinates":[[[126.7053612,37.452769],[126.7053343,37.4525625],[126.7055255,37.4525468],[126.7055524,37.4527533],[126.7053612,37.452769]]]}},{"type":"Feature","id":443317264,"properties":{"osmId":443317264,"name":"","height":null,"heightTag":null,"building":"yes","updatedAt":"2026-04-02T07:42:49Z"},"geometry":{"type":"Polygon","coordinates":[[[126.7053539,37.45254],[126.7055161,37.4525293],[126.7055039,37.4524137],[126.7053417,37.4524244],[126.7053539,37.45254]]]}},{"type":"Feature","id":443317265,"properties":{"osmId":443317265,"name":"","height":44,"heightTag":"44","building":"apartments","updatedAt":"2026-07-23T10:59:37Z"},"geometry":{"type":"Polygon","coordinates":[[[126.7056589,37.4530101],[126.7058783,37.4529935],[126.7058338,37.4526216],[126.7056143,37.4526382],[126.7056589,37.4530101]]]}},{"type":"Feature","id":443317267,"properties":{"osmId":443317267,"name":"","height":55,"heightTag":"55","building":"yes","updatedAt":"2026-07-23T10:59:37Z"},"geometry":{"type":"Polygon","coordinates":[[[126.7059058,37.4529935],[126.7060883,37.4529804],[126.7060448,37.4526007],[126.7058623,37.4526138],[126.7059058,37.4529935]]]}},{"type":"Feature","id":443317269,"properties":{"osmId":443317269,"name":"","height":54,"heightTag":"54","building":"apartments","updatedAt":"2026-07-23T10:59:37Z"},"geometry":{"type":"Polygon","coordinates":[[[126.7061083,37.4530041],[126.7062651,37.4529928],[126.7062159,37.4525625],[126.7060591,37.4525738],[126.7061083,37.4530041]]]}},{"type":"Feature","id":443317270,"properties":{"osmId":443317270,"name":"","height":35,"heightTag":"35","building":"yes","updatedAt":"2026-07-23T10:59:37Z"},"geometry":{"type":"Polygon","coordinates":[[[126.7057576,37.4522907],[126.7057958,37.4522883],[126.7057983,37.4523132],[126.7059327,37.4523045],[126.7059094,37.452078],[126.7058608,37.4520811],[126.7058596,37.4520692],[126.7057357,37.4520773],[126.7057576,37.4522907]]]}},{"type":"Feature","id":443317272,"properties":{"osmId":443317272,"name":"","height":25,"heightTag":"25","building":"yes","updatedAt":"2026-07-23T10:59:37Z"},"geometry":{"type":"Polygon","coordinates":[[[126.7059952,37.4522089],[126.7059779,37.4520522],[126.7061578,37.4520397],[126.7061751,37.4521964],[126.7059952,37.4522089]]]}},{"type":"Feature","id":443317274,"properties":{"osmId":443317274,"name":"","height":null,"heightTag":null,"building":"yes","updatedAt":"2026-04-02T07:42:49Z"},"geometry":{"type":"Polygon","coordinates":[[[126.7063693,37.45297],[126.7065689,37.4529572],[126.7065522,37.4527932],[126.7065427,37.4527782],[126.7065225,37.4527675],[126.7064022,37.4527752],[126.7064095,37.452847],[126.7063571,37.4528504],[126.7063693,37.45297]]]}},{"type":"Feature","id":443317275,"properties":{"osmId":443317275,"name":"","height":null,"heightTag":null,"building":"yes","updatedAt":"2026-04-02T07:42:49Z"},"geometry":{"type":"Polygon","coordinates":[[[126.7062452,37.4521925],[126.7062285,37.4520413],[126.7063235,37.4520347],[126.7063402,37.4521859],[126.7062452,37.4521925]]]}},{"type":"Feature","id":443317276,"properties":{"osmId":443317276,"name":"","height":null,"heightTag":null,"building":"yes","updatedAt":"2026-04-02T07:42:49Z"},"geometry":{"type":"Polygon","coordinates":[[[126.7063574,37.4521849],[126.7064825,37.452175],[126.7064658,37.4520408],[126.7064442,37.452028],[126.7063388,37.4520363],[126.7063574,37.4521849]]]}},{"type":"Feature","id":443317277,"properties":{"osmId":443317277,"name":"","height":43,"heightTag":"43","building":"apartments","updatedAt":"2026-07-23T10:59:37Z"},"geometry":{"type":"Polygon","coordinates":[[[126.7062872,37.4523623],[126.7062667,37.4522123],[126.7064882,37.4521932],[126.7065087,37.4523432],[126.7062872,37.4523623]]]}},{"type":"Feature","id":443317278,"properties":{"osmId":443317278,"name":"","height":42,"heightTag":"42","building":"apartments","updatedAt":"2026-07-23T10:59:37Z"},"geometry":{"type":"Polygon","coordinates":[[[126.7063194,37.4524135],[126.7065045,37.4523976],[126.7065256,37.4525522],[126.7063405,37.4525681],[126.7063194,37.4524135]]]}},{"type":"Feature","id":443317279,"properties":{"osmId":443317279,"name":"","height":null,"heightTag":null,"building":"yes","updatedAt":"2026-04-02T07:42:49Z"},"geometry":{"type":"Polygon","coordinates":[[[126.7067723,37.4529502],[126.7071084,37.4529233],[126.707095,37.4528175],[126.7069831,37.4528265],[126.7069767,37.4527763],[126.7067525,37.4527943],[126.7067723,37.4529502]]]}},{"type":"Feature","id":443317280,"properties":{"osmId":443317280,"name":"","height":null,"heightTag":null,"building":"yes","updatedAt":"2026-04-02T07:42:49Z"},"geometry":{"type":"Polygon","coordinates":[[[126.7067411,37.4527481],[126.7067214,37.4525689],[126.7069756,37.4525513],[126.7069852,37.4526391],[126.7069619,37.4526407],[126.7069719,37.4527322],[126.7067411,37.4527481]]]}},{"type":"Feature","id":443317281,"properties":{"osmId":443317281,"name":"","height":null,"heightTag":null,"building":"yes","updatedAt":"2026-04-02T07:42:49Z"},"geometry":{"type":"Polygon","coordinates":[[[126.7066939,37.4524094],[126.706682,37.4523268],[126.7069341,37.4523039],[126.706946,37.4523866],[126.7066939,37.4524094]]]}},{"type":"Feature","id":443317282,"properties":{"osmId":443317282,"name":"","height":24,"heightTag":"24","building":"apartments","updatedAt":"2026-07-23T10:59:37Z"},"geometry":{"type":"Polygon","coordinates":[[[126.7066743,37.4522049],[126.7069315,37.4521845],[126.7069236,37.4521214],[126.7069863,37.4521165],[126.7069697,37.4519852],[126.7066498,37.4520107],[126.7066743,37.4522049]]]}},{"type":"Feature","id":443317285,"properties":{"osmId":443317285,"name":"","height":77,"heightTag":"77","building":"hospital","updatedAt":"2026-07-23T10:59:37Z"},"geometry":{"type":"Polygon","coordinates":[[[126.7072372,37.4526291],[126.7076958,37.4525872],[126.7076929,37.452567],[126.7077959,37.4525576],[126.7077133,37.451987],[126.7070691,37.4520457],[126.7071393,37.4525307],[126.707175,37.4525275],[126.7071816,37.4525732],[126.7072285,37.452569],[126.7072372,37.4526291]]]}},{"type":"Feature","id":443317677,"properties":{"osmId":443317677,"name":"","height":null,"heightTag":null,"building":"yes","updatedAt":"2026-04-02T07:42:49Z"},"geometry":{"type":"Polygon","coordinates":[[[126.7057502,37.4519249],[126.705945,37.4519067],[126.7059233,37.451761],[126.7057285,37.4517792],[126.7057502,37.4519249]]]}},{"type":"Feature","id":443317680,"properties":{"osmId":443317680,"name":"","height":61,"heightTag":"61","building":"apartments","updatedAt":"2026-07-23T10:46:18Z"},"geometry":{"type":"Polygon","coordinates":[[[126.7061425,37.4514755],[126.7061099,37.4512596],[126.7063625,37.4512356],[126.706395,37.4514515],[126.7061425,37.4514755]]]}},{"type":"Feature","id":443317681,"properties":{"osmId":443317681,"name":"","height":67,"heightTag":"67","building":"apartments","updatedAt":"2026-07-23T10:46:18Z"},"geometry":{"type":"Polygon","coordinates":[[[126.7061032,37.4512296],[126.7064075,37.4511943],[126.7063531,37.4508993],[126.7063032,37.4508717],[126.7060427,37.450902],[126.7061032,37.4512296]]]}},{"type":"Feature","id":443317682,"properties":{"osmId":443317682,"name":"","height":38,"heightTag":"38","building":"apartments","updatedAt":"2026-07-23T10:39:21Z"},"geometry":{"type":"Polygon","coordinates":[[[126.7065907,37.4512472],[126.706751,37.4512345],[126.7067256,37.4510327],[126.7068217,37.4510251],[126.7068006,37.4508573],[126.7065919,37.4508738],[126.7065952,37.4509004],[126.7065476,37.4509042],[126.7065907,37.4512472]]]}},{"type":"Feature","id":443317683,"properties":{"osmId":443317683,"name":"","height":41,"heightTag":"41","building":"apartments","updatedAt":"2026-07-23T10:39:21Z"},"geometry":{"type":"Polygon","coordinates":[[[126.7066038,37.4514722],[126.706816,37.4514555],[126.7067958,37.4512943],[126.7065836,37.4513111],[126.7066038,37.4514722]]]}},{"type":"Feature","id":443317684,"properties":{"osmId":443317684,"name":"","height":null,"heightTag":null,"building":"yes","updatedAt":"2026-04-02T07:42:49Z"},"geometry":{"type":"Polygon","coordinates":[[[126.7066731,37.451864],[126.7068839,37.4518502],[126.7068736,37.4517511],[126.7068275,37.4517541],[126.7068081,37.4515673],[126.7066434,37.4515781],[126.7066731,37.451864]]]}},{"type":"Feature","id":443317685,"properties":{"osmId":443317685,"name":"","height":51,"heightTag":"51","building":"apartments","updatedAt":"2026-07-23T10:39:21Z"},"geometry":{"type":"Polygon","coordinates":[[[126.706956,37.4518689],[126.7073002,37.4518418],[126.70726,37.4515201],[126.7069158,37.4515473],[126.706956,37.4518689]]]}},{"type":"Feature","id":443317686,"properties":{"osmId":443317686,"name":"","height":null,"heightTag":null,"building":"yes","updatedAt":"2026-04-02T07:42:49Z"},"geometry":{"type":"Polygon","coordinates":[[[126.7068568,37.4510419],[126.7070191,37.4510297],[126.7069952,37.4508395],[126.7068329,37.4508517],[126.7068568,37.4510419]]]}},{"type":"Feature","id":443317690,"properties":{"osmId":443317690,"name":"","height":70,"heightTag":"70","building":"yes","updatedAt":"2026-07-23T10:39:21Z"},"geometry":{"type":"Polygon","coordinates":[[[126.7070837,37.4513227],[126.7072182,37.4513117],[126.7071621,37.4508777],[126.7071099,37.450882],[126.707103,37.4508286],[126.7070206,37.4508353],[126.7070837,37.4513227]]]}},{"type":"Feature","id":443317692,"properties":{"osmId":443317692,"name":"","height":null,"heightTag":null,"building":"yes","updatedAt":"2026-04-02T07:42:49Z"},"geometry":{"type":"Polygon","coordinates":[[[126.7073758,37.4510493],[126.7073442,37.4508097],[126.7075003,37.4507968],[126.7075786,37.4508418],[126.7076035,37.4510304],[126.7073758,37.4510493]]]}},{"type":"Feature","id":443317694,"properties":{"osmId":443317694,"name":"","height":null,"heightTag":null,"building":"yes","updatedAt":"2026-04-02T07:42:49Z"},"geometry":{"type":"Polygon","coordinates":[[[126.7074695,37.4513166],[126.707443,37.4510813],[126.7076002,37.4510701],[126.7076267,37.4513055],[126.7074695,37.4513166]]]}},{"type":"Feature","id":443317696,"properties":{"osmId":443317696,"name":"","height":74,"heightTag":"74","building":"yes","updatedAt":"2026-07-23T10:39:21Z"},"geometry":{"type":"Polygon","coordinates":[[[126.7075104,37.4518175],[126.7077436,37.4517975],[126.7076797,37.451328],[126.7074465,37.451348],[126.7075104,37.4518175]]]}},{"type":"Feature","id":443319444,"properties":{"osmId":443319444,"name":"","height":null,"heightTag":null,"building":"yes","updatedAt":"2026-04-02T07:42:49Z"},"geometry":{"type":"Polygon","coordinates":[[[126.7064409,37.4502432],[126.7064183,37.4500294],[126.7065614,37.4500205],[126.7065764,37.4502387],[126.7064409,37.4502432]]]}},{"type":"Feature","id":443319445,"properties":{"osmId":443319445,"name":"","height":null,"heightTag":null,"building":"yes","updatedAt":"2026-04-02T07:42:49Z"},"geometry":{"type":"Polygon","coordinates":[[[126.7066092,37.450291],[126.7065835,37.4500164],[126.7068214,37.4500023],[126.7068413,37.4502135],[126.7067018,37.4502217],[126.7067056,37.4502621],[126.7066867,37.4502632],[126.7066889,37.4502863],[126.7066092,37.450291]]]}},{"type":"Feature","id":443319446,"properties":{"osmId":443319446,"name":"","height":null,"heightTag":null,"building":"yes","updatedAt":"2026-04-02T07:42:49Z"},"geometry":{"type":"Polygon","coordinates":[[[126.7069042,37.4506639],[126.7070218,37.4506546],[126.7069997,37.4504779],[126.7068821,37.4504872],[126.7069042,37.4506639]]]}},{"type":"Feature","id":443319447,"properties":{"osmId":443319447,"name":"","height":null,"heightTag":null,"building":"yes","updatedAt":"2026-04-02T07:42:49Z"},"geometry":{"type":"Polygon","coordinates":[[[126.7070705,37.45036],[126.7070354,37.4502196],[126.707111,37.4501563],[126.7072393,37.4502335],[126.7071327,37.4503557],[126.7070705,37.45036]]]}},{"type":"Feature","id":443319448,"properties":{"osmId":443319448,"name":"","height":null,"heightTag":null,"building":"yes","updatedAt":"2026-04-02T07:42:49Z"},"geometry":{"type":"Polygon","coordinates":[[[126.7070179,37.4502507],[126.7070152,37.450211],[126.7071003,37.4501435],[126.7069598,37.4499934],[126.7068478,37.4500031],[126.7068761,37.4502614],[126.7070179,37.4502507]]]}},{"type":"Feature","id":443322204,"properties":{"osmId":443322204,"name":"","height":null,"heightTag":null,"building":"yes","updatedAt":"2024-11-22T10:08:39Z"},"geometry":{"type":"Polygon","coordinates":[[[126.700201,37.45075],[126.7003204,37.450745],[126.7003189,37.4506712],[126.7002847,37.4506712],[126.7002816,37.4506515],[126.700263,37.4506428],[126.7002382,37.4506428],[126.7002227,37.4506515],[126.7002243,37.4506736],[126.7001995,37.4506749],[126.700201,37.45075]]]}},{"type":"Feature","id":443322225,"properties":{"osmId":443322225,"name":"","height":null,"heightTag":null,"building":"yes","updatedAt":"2026-04-02T07:42:49Z"},"geometry":{"type":"Polygon","coordinates":[[[126.7006676,37.4525511],[126.7007215,37.4525503],[126.7007275,37.4525348],[126.7007258,37.4524627],[126.7007062,37.452463],[126.7007058,37.4524452],[126.7006651,37.4524458],[126.7006676,37.4525511]]]}},{"type":"Feature","id":443323607,"properties":{"osmId":443323607,"name":"별관","height":20,"heightTag":"20","building":"government","updatedAt":"2026-07-30T10:20:14Z"},"geometry":{"type":"Polygon","coordinates":[[[126.7021757,37.4558759],[126.7022654,37.4558691],[126.7022931,37.4558803],[126.7023121,37.4558968],[126.702326,37.4559158],[126.7023338,37.4559379],[126.7023585,37.456151],[126.7022102,37.4561623],[126.7021757,37.4558759]]]}},{"type":"Feature","id":443323609,"properties":{"osmId":443323609,"name":"인천교육종합정보센터","height":20,"heightTag":"20","building":"government","updatedAt":"2026-04-02T07:42:49Z"},"geometry":{"type":"Polygon","coordinates":[[[126.7022587,37.4565719],[126.7026363,37.4565451],[126.7026039,37.4562574],[126.7022263,37.4562842],[126.7022587,37.4565719]]]}},{"type":"Feature","id":443323612,"properties":{"osmId":443323612,"name":"신관","height":20,"heightTag":"20","building":"government","updatedAt":"2026-04-02T07:42:49Z"},"geometry":{"type":"Polygon","coordinates":[[[126.7037056,37.4563984],[126.7036843,37.4562182],[126.7040281,37.4561925],[126.7040494,37.4563728],[126.7037056,37.4563984]]]}},{"type":"Feature","id":443328058,"properties":{"osmId":443328058,"name":"민원실","height":20,"heightTag":"20","building":"government","updatedAt":"2026-04-02T07:42:49Z"},"geometry":{"type":"Polygon","coordinates":[[[126.7041626,37.4565573],[126.7046487,37.4565116],[126.7046118,37.4562644],[126.7041257,37.4563101],[126.7041626,37.4565573]]]}},{"type":"Feature","id":443328060,"properties":{"osmId":443328060,"name":"","height":null,"heightTag":null,"building":"government","updatedAt":"2026-04-02T07:42:49Z"},"geometry":{"type":"Polygon","coordinates":[[[126.7053976,37.4566286],[126.7054019,37.4565525],[126.7058266,37.4565678],[126.7058222,37.4566439],[126.7053976,37.4566286]]]}},{"type":"Feature","id":443328061,"properties":{"osmId":443328061,"name":"","height":null,"heightTag":null,"building":"yes","updatedAt":"2026-04-02T07:42:49Z"},"geometry":{"type":"Polygon","coordinates":[[[126.7060117,37.4563537],[126.7059516,37.4559395],[126.7061438,37.455922],[126.7061338,37.4558566],[126.7062431,37.455844],[126.7062525,37.455912],[126.706466,37.4558925],[126.706526,37.4563067],[126.7060117,37.4563537]]]}},{"type":"Feature","id":443328062,"properties":{"osmId":443328062,"name":"","height":null,"heightTag":null,"building":"government","updatedAt":"2026-04-02T07:42:49Z"},"geometry":{"type":"Polygon","coordinates":[[[126.7061415,37.4565813],[126.7061338,37.4565235],[126.7061197,37.4564992],[126.7061146,37.456483],[126.7061159,37.4564678],[126.7061223,37.4564445],[126.7061197,37.4563938],[126.7062372,37.4563836],[126.7062334,37.4563431],[126.7065131,37.4563198],[126.7065323,37.4564452],[126.7066151,37.4564387],[126.7066332,37.4565763],[126.7061695,37.4566219],[126.7061657,37.4565803],[126.7061415,37.4565813]]]}},{"type":"Feature","id":443328063,"properties":{"osmId":443328063,"name":"","height":null,"heightTag":null,"building":"government","updatedAt":"2021-08-01T01:26:10Z"},"geometry":{"type":"Polygon","coordinates":[[[126.7065737,37.4564336],[126.7065648,37.4563606],[126.7065527,37.4563615],[126.706549,37.4563307],[126.7066144,37.4563257],[126.7066271,37.4564295],[126.7065737,37.4564336]]]}},{"type":"Feature","id":443328065,"properties":{"osmId":443328065,"name":"","height":null,"heightTag":null,"building":"government","updatedAt":"2026-04-02T07:42:49Z"},"geometry":{"type":"Polygon","coordinates":[[[126.7072638,37.4562991],[126.7073697,37.4562917],[126.7073806,37.4563887],[126.7075744,37.4563751],[126.7075811,37.4564354],[126.7075453,37.4564379],[126.7075508,37.4564877],[126.7074258,37.4564965],[126.7074243,37.4564824],[126.7072858,37.4564925],[126.7072638,37.4562991]]]}},{"type":"Feature","id":443328066,"properties":{"osmId":443328066,"name":"","height":null,"heightTag":null,"building":"government","updatedAt":"2026-04-02T07:42:49Z"},"geometry":{"type":"Polygon","coordinates":[[[126.7076863,37.4564703],[126.7076833,37.4564393],[126.7076336,37.4564424],[126.7076254,37.4563577],[126.7077022,37.4563531],[126.7077055,37.456387],[126.7078103,37.4563807],[126.7078034,37.4563089],[126.7079108,37.4563024],[126.7079255,37.4564558],[126.7076863,37.4564703]]]}},{"type":"Feature","id":443328073,"properties":{"osmId":443328073,"name":"","height":null,"heightTag":null,"building":"yes","updatedAt":"2026-04-02T07:42:49Z"},"geometry":{"type":"Polygon","coordinates":[[[126.7040965,37.4555774],[126.7040817,37.4554758],[126.7040416,37.4554794],[126.7040182,37.455319],[126.7043848,37.4552853],[126.7043806,37.4552561],[126.7044916,37.4552459],[126.7045341,37.4555372],[126.7040965,37.4555774]]]}},{"type":"Feature","id":443328100,"properties":{"osmId":443328100,"name":"","height":null,"heightTag":null,"building":"yes","updatedAt":"2016-09-20T07:32:07Z"},"geometry":{"type":"Polygon","coordinates":[[[126.7079742,37.4558082],[126.7080331,37.455807],[126.7080708,37.4557723],[126.7080647,37.455722],[126.7080225,37.4556992],[126.7079622,37.4556992],[126.7079275,37.4557292],[126.707926,37.4557819],[126.7079742,37.4558082]]]}},{"type":"Feature","id":443529826,"properties":{"osmId":443529826,"name":"","height":null,"heightTag":null,"building":"yes","updatedAt":"2016-09-27T03:23:46Z"},"geometry":{"type":"Polygon","coordinates":[[[126.7014308,37.4553877],[126.7014208,37.4553092],[126.7016363,37.455292],[126.7016394,37.4552773],[126.7017097,37.4552717],[126.7017215,37.4553645],[126.7014308,37.4553877]]]}},{"type":"Feature","id":443536827,"properties":{"osmId":443536827,"name":"","height":null,"heightTag":null,"building":"yes","updatedAt":"2016-09-21T06:53:25Z"},"geometry":{"type":"Polygon","coordinates":[[[126.7023399,37.4571662],[126.7024663,37.4571549],[126.7024633,37.4571351],[126.7024494,37.4571363],[126.7024398,37.4570797],[126.7024555,37.4570782],[126.7024467,37.4570162],[126.7023203,37.4570274],[126.7023399,37.4571662]]]}},{"type":"Feature","id":443536828,"properties":{"osmId":443536828,"name":"","height":null,"heightTag":null,"building":"yes","updatedAt":"2016-09-21T06:53:25Z"},"geometry":{"type":"Polygon","coordinates":[[[126.7023784,37.4572216],[126.7024716,37.4572139],[126.7024653,37.457166],[126.7023722,37.4571737],[126.7023784,37.4572216]]]}},{"type":"Feature","id":443536829,"properties":{"osmId":443536829,"name":"","height":null,"heightTag":null,"building":"yes","updatedAt":"2016-09-21T06:53:25Z"},"geometry":{"type":"Polygon","coordinates":[[[126.7025148,37.4572161],[126.7027009,37.4572238],[126.7027069,37.4571324],[126.7026913,37.4571324],[126.7026938,37.4571091],[126.7025371,37.4571026],[126.7025362,37.4571267],[126.7025207,37.4571264],[126.7025148,37.4572161]]]}},{"type":"Feature","id":443536830,"properties":{"osmId":443536830,"name":"101","height":null,"heightTag":null,"building":"apartments","updatedAt":"2016-09-21T06:53:25Z"},"geometry":{"type":"Polygon","coordinates":[[[126.7027315,37.4570658],[126.702942,37.4570753],[126.7029499,37.4569646],[126.7027394,37.4569551],[126.7027315,37.4570658]]]}},{"type":"Feature","id":443536831,"properties":{"osmId":443536831,"name":"102","height":null,"heightTag":null,"building":"apartments","updatedAt":"2016-09-21T06:53:25Z"},"geometry":{"type":"Polygon","coordinates":[[[126.7029505,37.4570603],[126.703161,37.4570698],[126.7031689,37.4569591],[126.7029584,37.4569496],[126.7029505,37.4570603]]]}},{"type":"Feature","id":443536833,"properties":{"osmId":443536833,"name":"","height":null,"heightTag":null,"building":"yes","updatedAt":"2016-09-21T06:53:25Z"},"geometry":{"type":"Polygon","coordinates":[[[126.7032602,37.4569792],[126.7036097,37.4569855],[126.7036132,37.456935],[126.7036309,37.4569342],[126.7036362,37.4568774],[126.703461,37.456871],[126.7033778,37.4568753],[126.7033079,37.4568844],[126.703292,37.4568879],[126.7032894,37.4568998],[126.7032637,37.4568998],[126.7032602,37.4569792]]]}},{"type":"Feature","id":443536834,"properties":{"osmId":443536834,"name":"","height":null,"heightTag":null,"building":"yes","updatedAt":"2016-09-21T06:53:25Z"},"geometry":{"type":"Polygon","coordinates":[[[126.7032444,37.457199],[126.7033755,37.4572067],[126.7033887,37.4570642],[126.7032576,37.4570566],[126.7032444,37.457199]]]}},{"type":"Feature","id":443536835,"properties":{"osmId":443536835,"name":"","height":null,"heightTag":null,"building":"yes","updatedAt":"2016-09-21T06:53:25Z"},"geometry":{"type":"Polygon","coordinates":[[[126.7034111,37.4572077],[126.7035421,37.4572153],[126.7035553,37.4570728],[126.7034243,37.4570652],[126.7034111,37.4572077]]]}},{"type":"Feature","id":443536836,"properties":{"osmId":443536836,"name":"","height":null,"heightTag":null,"building":"yes","updatedAt":"2016-09-21T06:53:25Z"},"geometry":{"type":"Polygon","coordinates":[[[126.703574,37.4572329],[126.7036747,37.4572353],[126.7036792,37.4571142],[126.7035785,37.4571119],[126.703574,37.4572329]]]}},{"type":"Feature","id":443536837,"properties":{"osmId":443536837,"name":"","height":null,"heightTag":null,"building":"yes","updatedAt":"2016-09-21T06:53:25Z"},"geometry":{"type":"Polygon","coordinates":[[[126.7036984,37.4571003],[126.7037967,37.4571064],[126.7038062,37.4570096],[126.703708,37.4570035],[126.7036984,37.4571003]]]}},{"type":"Feature","id":443536838,"properties":{"osmId":443536838,"name":"","height":null,"heightTag":null,"building":"yes","updatedAt":"2016-09-21T06:53:25Z"},"geometry":{"type":"Polygon","coordinates":[[[126.703703,37.4569573],[126.7040309,37.4569719],[126.7040382,37.4568684],[126.7037103,37.4568538],[126.703703,37.4569573]]]}},{"type":"Feature","id":443536839,"properties":{"osmId":443536839,"name":"","height":null,"heightTag":null,"building":"yes","updatedAt":"2016-09-21T06:53:25Z"},"geometry":{"type":"Polygon","coordinates":[[[126.7040691,37.456917],[126.7042607,37.4569221],[126.7042577,37.4569916],[126.7040662,37.4569866],[126.7040691,37.456917]]]}},{"type":"Feature","id":443536840,"properties":{"osmId":443536840,"name":"","height":null,"heightTag":null,"building":"yes","updatedAt":"2016-09-21T06:53:26Z"},"geometry":{"type":"Polygon","coordinates":[[[126.704281,37.4570035],[126.7044187,37.4570077],[126.7044222,37.456935],[126.7042846,37.4569308],[126.704281,37.4570035]]]}},{"type":"Feature","id":443536841,"properties":{"osmId":443536841,"name":"","height":null,"heightTag":null,"building":"yes","updatedAt":"2016-09-21T06:53:26Z"},"geometry":{"type":"Polygon","coordinates":[[[126.7038115,37.4571081],[126.7039098,37.4571142],[126.7039193,37.4570174],[126.703821,37.4570113],[126.7038115,37.4571081]]]}},{"type":"Feature","id":443536842,"properties":{"osmId":443536842,"name":"","height":null,"heightTag":null,"building":"yes","updatedAt":"2016-09-21T06:53:26Z"},"geometry":{"type":"Polygon","coordinates":[[[126.7039224,37.4571123],[126.7040206,37.4571184],[126.7040302,37.4570216],[126.7039319,37.4570155],[126.7039224,37.4571123]]]}},{"type":"Feature","id":443536843,"properties":{"osmId":443536843,"name":"","height":null,"heightTag":null,"building":"yes","updatedAt":"2016-09-21T06:53:26Z"},"geometry":{"type":"Polygon","coordinates":[[[126.7040405,37.4571225],[126.704139,37.457125],[126.7041429,37.457028],[126.7040444,37.4570255],[126.7040405,37.4571225]]]}},{"type":"Feature","id":443536844,"properties":{"osmId":443536844,"name":"","height":null,"heightTag":null,"building":"yes","updatedAt":"2016-09-21T06:53:26Z"},"geometry":{"type":"Polygon","coordinates":[[[126.7041584,37.4571121],[126.7043831,37.4571213],[126.7043881,37.4570445],[126.7041634,37.4570354],[126.7041584,37.4571121]]]}},{"type":"Feature","id":443536845,"properties":{"osmId":443536845,"name":"","height":null,"heightTag":null,"building":"yes","updatedAt":"2016-09-21T06:53:26Z"},"geometry":{"type":"Polygon","coordinates":[[[126.7036965,37.457236],[126.703792,37.4572394],[126.7037982,37.4571312],[126.7037028,37.4571277],[126.7036965,37.457236]]]}},{"type":"Feature","id":443536846,"properties":{"osmId":443536846,"name":"","height":null,"heightTag":null,"building":"yes","updatedAt":"2016-09-21T06:53:26Z"},"geometry":{"type":"Polygon","coordinates":[[[126.7038085,37.4572376],[126.703904,37.4572411],[126.7039102,37.4571329],[126.7038147,37.4571294],[126.7038085,37.4572376]]]}},{"type":"Feature","id":443536847,"properties":{"osmId":443536847,"name":"","height":null,"heightTag":null,"building":"yes","updatedAt":"2016-09-21T06:53:26Z"},"geometry":{"type":"Polygon","coordinates":[[[126.7039217,37.457244],[126.7040172,37.4572474],[126.7040235,37.4571392],[126.703928,37.4571357],[126.7039217,37.457244]]]}},{"type":"Feature","id":443536848,"properties":{"osmId":443536848,"name":"","height":null,"heightTag":null,"building":"yes","updatedAt":"2016-09-21T06:53:26Z"},"geometry":{"type":"Polygon","coordinates":[[[126.7040376,37.4572517],[126.7041331,37.4572552],[126.7041394,37.4571469],[126.7040439,37.4571435],[126.7040376,37.4572517]]]}},{"type":"Feature","id":443536849,"properties":{"osmId":443536849,"name":"","height":null,"heightTag":null,"building":"yes","updatedAt":"2016-09-21T06:53:26Z"},"geometry":{"type":"Polygon","coordinates":[[[126.7041548,37.457148],[126.7042341,37.4571505],[126.7042283,37.4572667],[126.7041491,37.4572642],[126.7041548,37.457148]]]}},{"type":"Feature","id":443536850,"properties":{"osmId":443536850,"name":"","height":null,"heightTag":null,"building":"yes","updatedAt":"2016-09-21T06:53:26Z"},"geometry":{"type":"Polygon","coordinates":[[[126.704262,37.457275],[126.7043593,37.4572773],[126.7043778,37.4572499],[126.7043817,37.4571485],[126.7042669,37.4571457],[126.704262,37.457275]]]}},{"type":"Feature","id":443536851,"properties":{"osmId":443536851,"name":"","height":null,"heightTag":null,"building":"yes","updatedAt":"2016-09-21T06:53:26Z"},"geometry":{"type":"Polygon","coordinates":[[[126.7045077,37.4569244],[126.7049821,37.4569489],[126.7049742,37.457046],[126.7044998,37.4570214],[126.7045077,37.4569244]]]}},{"type":"Feature","id":443541111,"properties":{"osmId":443541111,"name":"덕산아파트 101동","height":25,"heightTag":"25","building":"apartments","updatedAt":"2026-07-24T08:23:13Z"},"geometry":{"type":"Polygon","coordinates":[[[126.7024856,37.4579969],[126.7026238,37.4579848],[126.7025269,37.4572905],[126.7023887,37.4573026],[126.7024856,37.4579969]]]}},{"type":"Feature","id":443541112,"properties":{"osmId":443541112,"name":"","height":null,"heightTag":null,"building":"yes","updatedAt":"2016-09-21T07:10:31Z"},"geometry":{"type":"Polygon","coordinates":[[[126.7024816,37.4582381],[126.7025707,37.4582395],[126.7025737,37.4581207],[126.7024846,37.4581193],[126.7024816,37.4582381]]]}},{"type":"Feature","id":443541113,"properties":{"osmId":443541113,"name":"","height":null,"heightTag":null,"building":"yes","updatedAt":"2016-09-21T07:10:31Z"},"geometry":{"type":"Polygon","coordinates":[[[126.7025903,37.4582417],[126.7026794,37.4582431],[126.7026823,37.4581242],[126.7025933,37.4581228],[126.7025903,37.4582417]]]}},{"type":"Feature","id":443541114,"properties":{"osmId":443541114,"name":"","height":null,"heightTag":null,"building":"yes","updatedAt":"2016-09-21T07:10:31Z"},"geometry":{"type":"Polygon","coordinates":[[[126.7024934,37.4582874],[126.7026844,37.4582876],[126.7026842,37.4583946],[126.7024932,37.4583944],[126.7024934,37.4582874]]]}},{"type":"Feature","id":443541115,"properties":{"osmId":443541115,"name":"","height":null,"heightTag":null,"building":"yes","updatedAt":"2016-09-21T07:10:31Z"},"geometry":{"type":"Polygon","coordinates":[[[126.7025262,37.4585416],[126.7025193,37.458446],[126.7026785,37.458448],[126.702669,37.4585423],[126.7025262,37.4585416]]]}},{"type":"Feature","id":443541116,"properties":{"osmId":443541116,"name":"","height":null,"heightTag":null,"building":"yes","updatedAt":"2016-09-21T07:10:31Z"},"geometry":{"type":"Polygon","coordinates":[[[126.7025483,37.4585859],[126.7026589,37.4585859],[126.7026589,37.4586887],[126.7025483,37.4586887],[126.7025483,37.4585859]]]}},{"type":"Feature","id":444419914,"properties":{"osmId":444419914,"name":"","height":null,"heightTag":null,"building":"school","updatedAt":"2024-03-04T13:56:21Z"},"geometry":{"type":"Polygon","coordinates":[[[126.7032066,37.4583407],[126.7032149,37.4582108],[126.7042357,37.4582519],[126.7042274,37.4583818],[126.7032066,37.4583407]]]}},{"type":"Feature","id":444419916,"properties":{"osmId":444419916,"name":"","height":null,"heightTag":null,"building":"school","updatedAt":"2016-09-27T03:17:02Z"},"geometry":{"type":"Polygon","coordinates":[[[126.7031477,37.4592253],[126.7031628,37.4590077],[126.7037022,37.4590312],[126.7036871,37.4592488],[126.7031477,37.4592253]]]}},{"type":"Feature","id":444420949,"properties":{"osmId":444420949,"name":"","height":null,"heightTag":null,"building":"yes","updatedAt":"2016-09-26T13:25:22Z"},"geometry":{"type":"Polygon","coordinates":[[[126.7028452,37.4574175],[126.7029824,37.4574275],[126.7029959,37.4573116],[126.7029178,37.4573059],[126.7028548,37.4573347],[126.7028452,37.4574175]]]}},{"type":"Feature","id":444420950,"properties":{"osmId":444420950,"name":"","height":null,"heightTag":null,"building":"yes","updatedAt":"2016-09-26T13:25:22Z"},"geometry":{"type":"Polygon","coordinates":[[[126.7028312,37.4575432],[126.7029683,37.4575539],[126.7029821,37.4574424],[126.7029227,37.4574377],[126.7029213,37.4574492],[126.7028604,37.4574444],[126.7028551,37.4574876],[126.7028383,37.4574863],[126.7028312,37.4575432]]]}},{"type":"Feature","id":444420952,"properties":{"osmId":444420952,"name":"","height":null,"heightTag":null,"building":"yes","updatedAt":"2016-09-26T13:25:22Z"},"geometry":{"type":"Polygon","coordinates":[[[126.7028244,37.4577196],[126.7029537,37.4577284],[126.7029682,37.4575942],[126.7028388,37.4575854],[126.7028244,37.4577196]]]}},{"type":"Feature","id":444420954,"properties":{"osmId":444420954,"name":"","height":null,"heightTag":null,"building":"yes","updatedAt":"2016-09-26T13:25:22Z"},"geometry":{"type":"Polygon","coordinates":[[[126.7028252,37.4578232],[126.702945,37.4578331],[126.7029566,37.4577441],[126.7028369,37.4577342],[126.7028252,37.4578232]]]}},{"type":"Feature","id":444420956,"properties":{"osmId":444420956,"name":"","height":null,"heightTag":null,"building":"yes","updatedAt":"2016-09-26T13:25:22Z"},"geometry":{"type":"Polygon","coordinates":[[[126.7028134,37.4580391],[126.7029214,37.4580467],[126.7029381,37.4578957],[126.7028301,37.4578882],[126.7028134,37.4580391]]]}},{"type":"Feature","id":444420957,"properties":{"osmId":444420957,"name":"","height":null,"heightTag":null,"building":"yes","updatedAt":"2016-09-26T13:25:22Z"},"geometry":{"type":"Polygon","coordinates":[[[126.7029672,37.4580494],[126.7030732,37.4580554],[126.7030871,37.4579011],[126.7029811,37.4578951],[126.7029672,37.4580494]]]}},{"type":"Feature","id":444420959,"properties":{"osmId":444420959,"name":"","height":null,"heightTag":null,"building":"yes","updatedAt":"2016-09-26T13:25:23Z"},"geometry":{"type":"Polygon","coordinates":[[[126.7029788,37.4578328],[126.7030892,37.4578427],[126.7031022,37.4577515],[126.7029918,37.4577416],[126.7029788,37.4578328]]]}},{"type":"Feature","id":444420961,"properties":{"osmId":444420961,"name":"","height":null,"heightTag":null,"building":"yes","updatedAt":"2016-09-26T13:25:23Z"},"geometry":{"type":"Polygon","coordinates":[[[126.7029942,37.4576922],[126.7031038,37.4577043],[126.7031181,37.4576233],[126.7030084,37.4576112],[126.7029942,37.4576922]]]}},{"type":"Feature","id":444420963,"properties":{"osmId":444420963,"name":"","height":null,"heightTag":null,"building":"yes","updatedAt":"2016-09-26T13:25:23Z"},"geometry":{"type":"Polygon","coordinates":[[[126.7030005,37.4575544],[126.7031183,37.4575656],[126.7031337,37.4574645],[126.7030159,37.4574532],[126.7030005,37.4575544]]]}},{"type":"Feature","id":444420964,"properties":{"osmId":444420964,"name":"","height":null,"heightTag":null,"building":"yes","updatedAt":"2016-09-26T13:25:23Z"},"geometry":{"type":"Polygon","coordinates":[[[126.7030228,37.4574183],[126.7031349,37.4574299],[126.70315,37.4573387],[126.7031318,37.4573368],[126.7031348,37.4573186],[126.703041,37.4573088],[126.7030228,37.4574183]]]}},{"type":"Feature","id":444420966,"properties":{"osmId":444420966,"name":"","height":null,"heightTag":null,"building":"yes","updatedAt":"2016-09-26T13:25:23Z"},"geometry":{"type":"Polygon","coordinates":[[[126.7032211,37.4574183],[126.7032345,37.4573033],[126.7034169,37.4573139],[126.7034062,37.4574268],[126.7032211,37.4574183]]]}},{"type":"Feature","id":444420968,"properties":{"osmId":444420968,"name":"","height":null,"heightTag":null,"building":"yes","updatedAt":"2016-09-26T13:25:23Z"},"geometry":{"type":"Polygon","coordinates":[[[126.7034261,37.4574471],[126.7035161,37.4574541],[126.7035328,37.457319],[126.7034759,37.4573145],[126.7034726,37.457341],[126.7034395,37.4573384],[126.7034261,37.4574471]]]}},{"type":"Feature","id":444420970,"properties":{"osmId":444420970,"name":"","height":null,"heightTag":null,"building":"yes","updatedAt":"2016-09-26T13:25:23Z"},"geometry":{"type":"Polygon","coordinates":[[[126.703548,37.4574266],[126.7038471,37.4574405],[126.7038551,37.4573316],[126.703556,37.4573177],[126.703548,37.4574266]]]}},{"type":"Feature","id":444498912,"properties":{"osmId":444498912,"name":"B","height":null,"heightTag":null,"building":"apartments","updatedAt":"2016-09-27T03:22:12Z"},"geometry":{"type":"Polygon","coordinates":[[[126.7043781,37.4591649],[126.7044937,37.4591704],[126.7045244,37.4587599],[126.7044088,37.4587544],[126.7043781,37.4591649]]]}},{"type":"Feature","id":444498914,"properties":{"osmId":444498914,"name":"A","height":null,"heightTag":null,"building":"apartments","updatedAt":"2016-09-27T03:22:12Z"},"geometry":{"type":"Polygon","coordinates":[[[126.7044127,37.458709],[126.7045282,37.4587145],[126.7045569,37.4582506],[126.7044414,37.4582452],[126.7044127,37.458709]]]}},{"type":"Feature","id":444597654,"properties":{"osmId":444597654,"name":"","height":null,"heightTag":null,"building":"yes","updatedAt":"2016-09-27T15:59:57Z"},"geometry":{"type":"Polygon","coordinates":[[[126.7049875,37.4587495],[126.7051302,37.458756],[126.7051355,37.4586785],[126.7049889,37.4586733],[126.7049875,37.4587495]]]}},{"type":"Feature","id":444597655,"properties":{"osmId":444597655,"name":"","height":null,"heightTag":null,"building":"public","updatedAt":"2020-09-04T08:40:05Z"},"geometry":{"type":"Polygon","coordinates":[[[126.7052003,37.4587456],[126.7052855,37.4587477],[126.7052868,37.458737],[126.7054256,37.4587386],[126.705435,37.4586093],[126.7052091,37.4586029],[126.7052003,37.4587456]]]}},{"type":"Feature","id":444597656,"properties":{"osmId":444597656,"name":"","height":null,"heightTag":null,"building":"yes","updatedAt":"2016-09-27T15:59:57Z"},"geometry":{"type":"Polygon","coordinates":[[[126.7049974,37.4585155],[126.7051128,37.4585187],[126.7051235,37.4584346],[126.7050055,37.4584303],[126.7049974,37.4585155]]]}},{"type":"Feature","id":444597657,"properties":{"osmId":444597657,"name":"","height":null,"heightTag":null,"building":"yes","updatedAt":"2016-09-27T15:59:57Z"},"geometry":{"type":"Polygon","coordinates":[[[126.7050036,37.4583716],[126.7051243,37.458377],[126.7051364,37.4582779],[126.7050492,37.4582769],[126.705009,37.4582982],[126.7050036,37.4583716]]]}},{"type":"Feature","id":444597658,"properties":{"osmId":444597658,"name":"","height":null,"heightTag":null,"building":"yes","updatedAt":"2016-09-27T15:59:57Z"},"geometry":{"type":"Polygon","coordinates":[[[126.7051777,37.4583852],[126.7051787,37.4583725],[126.7051513,37.4583712],[126.7051561,37.4583077],[126.70517,37.4583083],[126.705172,37.4582814],[126.7052823,37.4582866],[126.7052746,37.4583898],[126.7051777,37.4583852]]]}},{"type":"Feature","id":444597659,"properties":{"osmId":444597659,"name":"","height":null,"heightTag":null,"building":"yes","updatedAt":"2016-09-27T15:59:57Z"},"geometry":{"type":"Polygon","coordinates":[[[126.7053257,37.4583763],[126.7054287,37.4583797],[126.7054346,37.4582664],[126.7053818,37.4582647],[126.7053824,37.458254],[126.7053321,37.4582523],[126.7053257,37.4583763]]]}},{"type":"Feature","id":444597660,"properties":{"osmId":444597660,"name":"","height":null,"heightTag":null,"building":"yes","updatedAt":"2016-09-27T15:59:57Z"},"geometry":{"type":"Polygon","coordinates":[[[126.7051393,37.4585274],[126.7052497,37.4585339],[126.7052595,37.4584294],[126.7051491,37.4584229],[126.7051393,37.4585274]]]}},{"type":"Feature","id":444597661,"properties":{"osmId":444597661,"name":"","height":null,"heightTag":null,"building":"yes","updatedAt":"2016-09-27T15:59:57Z"},"geometry":{"type":"Polygon","coordinates":[[[126.7053041,37.4584944],[126.705421,37.4584994],[126.7054279,37.458397],[126.705374,37.4583947],[126.7053725,37.4584172],[126.7053095,37.4584145],[126.7053041,37.4584944]]]}},{"type":"Feature","id":444597662,"properties":{"osmId":444597662,"name":"","height":null,"heightTag":null,"building":"yes","updatedAt":"2016-09-27T15:59:57Z"},"geometry":{"type":"Polygon","coordinates":[[[126.7054462,37.4584291],[126.7055536,37.4584344],[126.7055667,37.4582667],[126.7055412,37.458238],[126.7054615,37.458234],[126.7054462,37.4584291]]]}},{"type":"Feature","id":444688409,"properties":{"osmId":444688409,"name":"","height":null,"heightTag":null,"building":"yes","updatedAt":"2016-09-28T05:47:35Z"},"geometry":{"type":"Polygon","coordinates":[[[126.70143,37.4597701],[126.7014087,37.4597726],[126.7013934,37.4597677],[126.7013863,37.4597516],[126.7013904,37.4597346],[126.7014015,37.4597284],[126.7013867,37.4597117],[126.7014107,37.4596982],[126.7014013,37.4596875],[126.7014438,37.4596638],[126.7014582,37.45968],[126.7014947,37.4596626],[126.7015225,37.4596911],[126.7015215,37.4597064],[126.7015119,37.459715],[126.7015001,37.4597225],[126.7015099,37.4597367],[126.70143,37.4597701]]]}},{"type":"Feature","id":444696566,"properties":{"osmId":444696566,"name":"5","height":null,"heightTag":null,"building":"apartments","updatedAt":"2026-07-27T09:29:52Z"},"geometry":{"type":"Polygon","coordinates":[[[126.6991474,37.4585379],[126.6992634,37.4585259],[126.6992561,37.4584985],[126.6994555,37.4584764],[126.6994595,37.4585057],[126.6996346,37.4584877],[126.6996312,37.4584651],[126.6998376,37.4584403],[126.6998395,37.4584666],[126.7004073,37.4584081],[126.7004211,37.4585078],[126.6998502,37.4585656],[126.6998479,37.4585446],[126.6996462,37.4585673],[126.6996466,37.4585862],[126.6994745,37.4586037],[126.6994692,37.4585853],[126.6992819,37.4586064],[126.6992834,37.458623],[126.6991663,37.4586349],[126.6991474,37.4585379]]]}},{"type":"Feature","id":444696567,"properties":{"osmId":444696567,"name":"3","height":null,"heightTag":null,"building":"apartments","updatedAt":"2026-07-27T09:29:52Z"},"geometry":{"type":"Polygon","coordinates":[[[126.6987747,37.4581765],[126.698861,37.4581709],[126.698859,37.4581514],[126.6989885,37.458143],[126.6989902,37.4581602],[126.6991126,37.4581522],[126.6991025,37.4580539],[126.6989796,37.4580619],[126.6989777,37.4580432],[126.6988472,37.4580517],[126.6988494,37.4580729],[126.6987645,37.4580784],[126.6987747,37.4581765]]]}},{"type":"Feature","id":444696568,"properties":{"osmId":444696568,"name":"1","height":null,"heightTag":null,"building":"apartments","updatedAt":"2026-07-27T09:29:52Z"},"geometry":{"type":"Polygon","coordinates":[[[126.6987144,37.457711],[126.6988007,37.4577054],[126.6987987,37.4576859],[126.6989282,37.4576775],[126.69893,37.4576946],[126.6990524,37.4576866],[126.6990422,37.4575884],[126.6989194,37.4575964],[126.6989174,37.4575776],[126.6987869,37.4575861],[126.6987891,37.4576074],[126.6987043,37.4576129],[126.6987144,37.457711]]]}},{"type":"Feature","id":444696569,"properties":{"osmId":444696569,"name":"4","height":null,"heightTag":null,"building":"apartments","updatedAt":"2026-07-27T09:29:52Z"},"geometry":{"type":"Polygon","coordinates":[[[126.6991833,37.4581457],[126.7003436,37.4580385],[126.7003277,37.4579298],[126.6991674,37.458037],[126.6991833,37.4581457]]]}},{"type":"Feature","id":444696570,"properties":{"osmId":444696570,"name":"2","height":null,"heightTag":null,"building":"apartments","updatedAt":"2026-07-27T09:29:52Z"},"geometry":{"type":"Polygon","coordinates":[[[126.6991632,37.4576663],[126.6991455,37.4575625],[126.7002463,37.4574437],[126.7002641,37.4575475],[126.6991632,37.4576663]]]}},{"type":"Feature","id":444696571,"properties":{"osmId":444696571,"name":"","height":null,"heightTag":null,"building":"yes","updatedAt":"2016-09-28T07:05:05Z"},"geometry":{"type":"Polygon","coordinates":[[[126.7002105,37.457855],[126.7001967,37.457751],[126.7003107,37.4577415],[126.7003245,37.4578455],[126.7002105,37.457855]]]}},{"type":"Feature","id":444696572,"properties":{"osmId":444696572,"name":"","height":null,"heightTag":null,"building":"yes","updatedAt":"2016-09-28T07:05:06Z"},"geometry":{"type":"Polygon","coordinates":[[[126.7000065,37.4573263],[126.6999992,37.4572425],[126.6999683,37.4572469],[126.699961,37.457192],[126.7002649,37.4571617],[126.7002685,37.4571747],[126.7002867,37.4571747],[126.7003231,37.4571978],[126.7003249,37.4572108],[126.7003486,37.4572108],[126.7003576,37.4572902],[126.7000065,37.4573263]]]}},{"type":"Feature","id":444696593,"properties":{"osmId":444696593,"name":"","height":null,"heightTag":null,"building":"commercial","updatedAt":"2016-09-28T07:05:06Z"},"geometry":{"type":"Polygon","coordinates":[[[126.6994689,37.4573117],[126.699457,37.4572296],[126.6996757,37.4572096],[126.6996876,37.4572917],[126.6994689,37.4573117]]]}},{"type":"Feature","id":444696594,"properties":{"osmId":444696594,"name":"","height":null,"heightTag":null,"building":"commercial","updatedAt":"2016-09-28T07:05:06Z"},"geometry":{"type":"Polygon","coordinates":[[[126.6991978,37.4573303],[126.6994472,37.4573128],[126.6994383,37.4572335],[126.699189,37.457251],[126.6991978,37.4573303]]]}},{"type":"Feature","id":444696595,"properties":{"osmId":444696595,"name":"","height":null,"heightTag":null,"building":"commercial","updatedAt":"2016-09-28T07:05:06Z"},"geometry":{"type":"Polygon","coordinates":[[[126.6990142,37.4573418],[126.6991807,37.4573327],[126.699174,37.4572554],[126.6990075,37.4572645],[126.6990142,37.4573418]]]}},{"type":"Feature","id":444696596,"properties":{"osmId":444696596,"name":"","height":null,"heightTag":null,"building":"commercial","updatedAt":"2016-09-28T07:05:06Z"},"geometry":{"type":"Polygon","coordinates":[[[126.6988291,37.4573588],[126.6988216,37.4572744],[126.6989854,37.4572652],[126.6989929,37.4573496],[126.6988291,37.4573588]]]}},{"type":"Feature","id":444696597,"properties":{"osmId":444696597,"name":"","height":null,"heightTag":null,"building":"commercial","updatedAt":"2016-09-28T07:05:07Z"},"geometry":{"type":"Polygon","coordinates":[[[126.6986424,37.4573825],[126.6986315,37.4572967],[126.6988026,37.457283],[126.6988135,37.4573688],[126.6986424,37.4573825]]]}},{"type":"Feature","id":444714261,"properties":{"osmId":444714261,"name":"2","height":null,"heightTag":null,"building":"apartments","updatedAt":"2026-07-23T08:49:58Z"},"geometry":{"type":"Polygon","coordinates":[[[126.6999703,37.4558547],[126.7000945,37.455844],[126.700013,37.4552458],[126.6998888,37.4552564],[126.6999703,37.4558547]]]}},{"type":"Feature","id":444714262,"properties":{"osmId":444714262,"name":"1","height":null,"heightTag":null,"building":"apartments","updatedAt":"2026-07-23T08:49:58Z"},"geometry":{"type":"Polygon","coordinates":[[[126.69988,37.4552129],[126.7000071,37.4552027],[126.6999389,37.454668],[126.6998118,37.4546782],[126.69988,37.4552129]]]}},{"type":"Feature","id":444714263,"properties":{"osmId":444714263,"name":"3","height":null,"heightTag":null,"building":"apartments","updatedAt":"2026-07-23T08:49:58Z"},"geometry":{"type":"Polygon","coordinates":[[[126.6991278,37.4559664],[126.6997208,37.4559084],[126.6997068,37.4558187],[126.6991138,37.4558767],[126.6991278,37.4559664]]]}},{"type":"Feature","id":444714264,"properties":{"osmId":444714264,"name":"6","height":null,"heightTag":null,"building":"apartments","updatedAt":"2026-07-23T08:49:58Z"},"geometry":{"type":"Polygon","coordinates":[[[126.6984053,37.4560564],[126.6983915,37.4559776],[126.6989668,37.4559143],[126.6989806,37.455993],[126.6984053,37.4560564]]]}},{"type":"Feature","id":444714265,"properties":{"osmId":444714265,"name":"7","height":null,"heightTag":null,"building":"apartments","updatedAt":"2026-07-23T08:49:58Z"},"geometry":{"type":"Polygon","coordinates":[[[126.6981931,37.4564638],[126.698935,37.4563914],[126.6989206,37.4562983],[126.6981787,37.4563707],[126.6981931,37.4564638]]]}},{"type":"Feature","id":444714266,"properties":{"osmId":444714266,"name":"8","height":null,"heightTag":null,"building":"apartments","updatedAt":"2026-07-23T08:49:58Z"},"geometry":{"type":"Polygon","coordinates":[[[126.6982931,37.4568644],[126.6989397,37.4568041],[126.6989269,37.4567174],[126.6982802,37.4567777],[126.6982931,37.4568644]]]}},{"type":"Feature","id":444714267,"properties":{"osmId":444714267,"name":"4","height":null,"heightTag":null,"building":"apartments","updatedAt":"2026-07-23T08:49:58Z"},"geometry":{"type":"Polygon","coordinates":[[[126.699103,37.4563637],[126.6997406,37.4563034],[126.6997276,37.4562169],[126.69909,37.4562771],[126.699103,37.4563637]]]}},{"type":"Feature","id":444714268,"properties":{"osmId":444714268,"name":"5","height":null,"heightTag":null,"building":"apartments","updatedAt":"2026-07-23T08:49:58Z"},"geometry":{"type":"Polygon","coordinates":[[[126.6991287,37.4567779],[126.6998096,37.4567124],[126.6997961,37.456624],[126.6991152,37.4566895],[126.6991287,37.4567779]]]}},{"type":"Feature","id":444714279,"properties":{"osmId":444714279,"name":"","height":null,"heightTag":null,"building":"commercial","updatedAt":"2016-09-28T09:32:48Z"},"geometry":{"type":"Polygon","coordinates":[[[126.6992015,37.456929],[126.6991869,37.4568334],[126.6997959,37.4567747],[126.6998105,37.4568704],[126.6992015,37.456929]]]}},{"type":"Feature","id":445620282,"properties":{"osmId":445620282,"name":"","height":null,"heightTag":null,"building":"yes","updatedAt":"2016-10-04T05:54:31Z"},"geometry":{"type":"Polygon","coordinates":[[[126.7027683,37.4583159],[126.702972,37.4583257],[126.7029856,37.4581481],[126.7028242,37.4581403],[126.7027801,37.4581622],[126.7027683,37.4583159]]]}},{"type":"Feature","id":445620283,"properties":{"osmId":445620283,"name":"","height":null,"heightTag":null,"building":"yes","updatedAt":"2016-10-04T05:54:31Z"},"geometry":{"type":"Polygon","coordinates":[[[126.7027554,37.4584336],[126.7028842,37.4584399],[126.7028915,37.4583451],[126.7027627,37.4583389],[126.7027554,37.4584336]]]}},{"type":"Feature","id":445620284,"properties":{"osmId":445620284,"name":"","height":null,"heightTag":null,"building":"yes","updatedAt":"2016-10-04T05:54:31Z"},"geometry":{"type":"Polygon","coordinates":[[[126.7029175,37.4584439],[126.7030463,37.4584502],[126.7030536,37.4583554],[126.7029248,37.4583492],[126.7029175,37.4584439]]]}},{"type":"Feature","id":445620285,"properties":{"osmId":445620285,"name":"","height":null,"heightTag":null,"building":"yes","updatedAt":"2016-10-04T05:54:31Z"},"geometry":{"type":"Polygon","coordinates":[[[126.7027479,37.4586015],[126.7028767,37.4586078],[126.702884,37.458513],[126.7027552,37.4585068],[126.7027479,37.4586015]]]}},{"type":"Feature","id":445620286,"properties":{"osmId":445620286,"name":"","height":null,"heightTag":null,"building":"yes","updatedAt":"2016-10-04T05:54:31Z"},"geometry":{"type":"Polygon","coordinates":[[[126.7029065,37.4586059],[126.7030353,37.4586122],[126.7030426,37.4585174],[126.7029137,37.4585112],[126.7029065,37.4586059]]]}},{"type":"Feature","id":445620287,"properties":{"osmId":445620287,"name":"","height":null,"heightTag":null,"building":"yes","updatedAt":"2016-10-04T05:54:31Z"},"geometry":{"type":"Polygon","coordinates":[[[126.7027355,37.4587252],[126.7028643,37.4587315],[126.7028716,37.4586367],[126.7027428,37.4586305],[126.7027355,37.4587252]]]}},{"type":"Feature","id":445620288,"properties":{"osmId":445620288,"name":"","height":null,"heightTag":null,"building":"yes","updatedAt":"2016-10-04T05:54:31Z"},"geometry":{"type":"Polygon","coordinates":[[[126.7029009,37.4587318],[126.7030297,37.458738],[126.703037,37.4586433],[126.7029082,37.458637],[126.7029009,37.4587318]]]}},{"type":"Feature","id":445620289,"properties":{"osmId":445620289,"name":"","height":null,"heightTag":null,"building":"yes","updatedAt":"2016-10-04T05:54:31Z"},"geometry":{"type":"Polygon","coordinates":[[[126.7028803,37.4588642],[126.7030091,37.4588705],[126.7030164,37.4587757],[126.7028876,37.4587695],[126.7028803,37.4588642]]]}},{"type":"Feature","id":445620290,"properties":{"osmId":445620290,"name":"","height":null,"heightTag":null,"building":"yes","updatedAt":"2016-10-04T05:54:31Z"},"geometry":{"type":"Polygon","coordinates":[[[126.7027286,37.4588587],[126.7028574,37.458865],[126.7028647,37.4587703],[126.7027359,37.458764],[126.7027286,37.4588587]]]}},{"type":"Feature","id":445620291,"properties":{"osmId":445620291,"name":"","height":null,"heightTag":null,"building":"yes","updatedAt":"2016-10-04T05:54:31Z"},"geometry":{"type":"Polygon","coordinates":[[[126.7025689,37.4590513],[126.7026647,37.4590545],[126.7026716,37.4589248],[126.7025758,37.4589216],[126.7025689,37.4590513]]]}},{"type":"Feature","id":445620292,"properties":{"osmId":445620292,"name":"","height":null,"heightTag":null,"building":"yes","updatedAt":"2016-10-04T05:54:31Z"},"geometry":{"type":"Polygon","coordinates":[[[126.7026938,37.4589265],[126.7027826,37.4589295],[126.7027746,37.4590774],[126.7026858,37.4590744],[126.7026938,37.4589265]]]}},{"type":"Feature","id":445620293,"properties":{"osmId":445620293,"name":"","height":null,"heightTag":null,"building":"yes","updatedAt":"2016-10-04T05:54:31Z"},"geometry":{"type":"Polygon","coordinates":[[[126.7028071,37.4589311],[126.702898,37.4589344],[126.7028897,37.45908],[126.7027988,37.4590767],[126.7028071,37.4589311]]]}},{"type":"Feature","id":445620294,"properties":{"osmId":445620294,"name":"","height":null,"heightTag":null,"building":"yes","updatedAt":"2016-10-04T05:54:31Z"},"geometry":{"type":"Polygon","coordinates":[[[126.7029235,37.4589404],[126.7030145,37.4589436],[126.7030062,37.4590892],[126.7029152,37.459086],[126.7029235,37.4589404]]]}},{"type":"Feature","id":445620295,"properties":{"osmId":445620295,"name":"","height":null,"heightTag":null,"building":"yes","updatedAt":"2016-10-04T05:54:31Z"},"geometry":{"type":"Polygon","coordinates":[[[126.702539,37.4592753],[126.7026547,37.4592798],[126.7026656,37.4591013],[126.7025499,37.4590968],[126.702539,37.4592753]]]}},{"type":"Feature","id":445620296,"properties":{"osmId":445620296,"name":"","height":null,"heightTag":null,"building":"yes","updatedAt":"2016-10-04T05:54:31Z"},"geometry":{"type":"Polygon","coordinates":[[[126.702705,37.459197],[126.7028352,37.4591987],[126.7028371,37.4591106],[126.7027069,37.4591089],[126.702705,37.459197]]]}},{"type":"Feature","id":445620297,"properties":{"osmId":445620297,"name":"","height":null,"heightTag":null,"building":"yes","updatedAt":"2016-10-04T05:54:31Z"},"geometry":{"type":"Polygon","coordinates":[[[126.7028532,37.4591954],[126.7028581,37.4591215],[126.7030008,37.4591275],[126.7029959,37.4592013],[126.7028532,37.4591954]]]}},{"type":"Feature","id":445620298,"properties":{"osmId":445620298,"name":"","height":null,"heightTag":null,"building":"yes","updatedAt":"2016-10-04T05:54:31Z"},"geometry":{"type":"Polygon","coordinates":[[[126.7028442,37.459307],[126.7028491,37.4592332],[126.7029918,37.4592391],[126.7029869,37.459313],[126.7028442,37.459307]]]}},{"type":"Feature","id":445620299,"properties":{"osmId":445620299,"name":"","height":null,"heightTag":null,"building":"yes","updatedAt":"2016-10-04T05:54:31Z"},"geometry":{"type":"Polygon","coordinates":[[[126.7027074,37.4593035],[126.7027095,37.4592302],[126.702826,37.4592323],[126.7028238,37.4593056],[126.7027074,37.4593035]]]}},{"type":"Feature","id":445620300,"properties":{"osmId":445620300,"name":"","height":null,"heightTag":null,"building":"yes","updatedAt":"2016-10-04T05:54:31Z"},"geometry":{"type":"Polygon","coordinates":[[[126.7032153,37.4576328],[126.7033269,37.4576373],[126.7033367,37.4574861],[126.7032251,37.4574816],[126.7032153,37.4576328]]]}},{"type":"Feature","id":445620301,"properties":{"osmId":445620301,"name":"","height":null,"heightTag":null,"building":"yes","updatedAt":"2016-10-04T05:54:31Z"},"geometry":{"type":"Polygon","coordinates":[[[126.7033655,37.4576395],[126.7034771,37.457644],[126.7034868,37.4574929],[126.7033753,37.4574883],[126.7033655,37.4576395]]]}},{"type":"Feature","id":445620302,"properties":{"osmId":445620302,"name":"","height":null,"heightTag":null,"building":"yes","updatedAt":"2016-10-04T05:54:32Z"},"geometry":{"type":"Polygon","coordinates":[[[126.7035251,37.4576486],[126.7036367,37.4576531],[126.7036464,37.4575019],[126.7035348,37.4574974],[126.7035251,37.4576486]]]}},{"type":"Feature","id":445620303,"properties":{"osmId":445620303,"name":"","height":null,"heightTag":null,"building":"yes","updatedAt":"2016-10-04T05:54:32Z"},"geometry":{"type":"Polygon","coordinates":[[[126.7036781,37.4576537],[126.7037897,37.4576583],[126.7037995,37.4575071],[126.7036879,37.4575025],[126.7036781,37.4576537]]]}},{"type":"Feature","id":445620304,"properties":{"osmId":445620304,"name":"","height":null,"heightTag":null,"building":"yes","updatedAt":"2016-10-04T05:54:32Z"},"geometry":{"type":"Polygon","coordinates":[[[126.7038615,37.4574703],[126.7039671,37.4574752],[126.7039773,37.457337],[126.7038716,37.4573321],[126.7038615,37.4574703]]]}},{"type":"Feature","id":445620305,"properties":{"osmId":445620305,"name":"","height":null,"heightTag":null,"building":"yes","updatedAt":"2016-10-04T05:54:32Z"},"geometry":{"type":"Polygon","coordinates":[[[126.7039765,37.4574745],[126.7040822,37.4574794],[126.7040923,37.4573412],[126.7039867,37.4573363],[126.7039765,37.4574745]]]}},{"type":"Feature","id":445620306,"properties":{"osmId":445620306,"name":"","height":null,"heightTag":null,"building":"yes","updatedAt":"2016-10-04T05:54:32Z"},"geometry":{"type":"Polygon","coordinates":[[[126.7038216,37.4576562],[126.7039321,37.4576611],[126.7039432,37.4575046],[126.7038327,37.4574996],[126.7038216,37.4576562]]]}},{"type":"Feature","id":445620307,"properties":{"osmId":445620307,"name":"","height":null,"heightTag":null,"building":"yes","updatedAt":"2016-10-04T05:54:32Z"},"geometry":{"type":"Polygon","coordinates":[[[126.7039505,37.4576637],[126.704061,37.4576687],[126.7040721,37.4575122],[126.7039616,37.4575072],[126.7039505,37.4576637]]]}},{"type":"Feature","id":445620308,"properties":{"osmId":445620308,"name":"","height":null,"heightTag":null,"building":"yes","updatedAt":"2016-10-04T05:54:32Z"},"geometry":{"type":"Polygon","coordinates":[[[126.7040815,37.4576772],[126.7041844,37.4576811],[126.704191,37.4575704],[126.7040882,37.4575665],[126.7040815,37.4576772]]]}},{"type":"Feature","id":445620309,"properties":{"osmId":445620309,"name":"","height":null,"heightTag":null,"building":"yes","updatedAt":"2016-10-04T05:54:32Z"},"geometry":{"type":"Polygon","coordinates":[[[126.7042143,37.4576856],[126.7043171,37.4576895],[126.7043238,37.4575788],[126.7042209,37.4575749],[126.7042143,37.4576856]]]}},{"type":"Feature","id":445620310,"properties":{"osmId":445620310,"name":"","height":null,"heightTag":null,"building":"yes","updatedAt":"2016-10-04T05:54:32Z"},"geometry":{"type":"Polygon","coordinates":[[[126.7040919,37.4575119],[126.7041907,37.4575169],[126.7042047,37.4573412],[126.7041058,37.4573363],[126.7040919,37.4575119]]]}},{"type":"Feature","id":445620311,"properties":{"osmId":445620311,"name":"","height":null,"heightTag":null,"building":"yes","updatedAt":"2016-10-04T05:54:32Z"},"geometry":{"type":"Polygon","coordinates":[[[126.7042318,37.4575222],[126.7043307,37.4575271],[126.7043447,37.4573515],[126.7042458,37.4573465],[126.7042318,37.4575222]]]}},{"type":"Feature","id":445624200,"properties":{"osmId":445624200,"name":"102","height":51,"heightTag":"51","building":"apartments","updatedAt":"2026-07-27T09:33:49Z"},"geometry":{"type":"Polygon","coordinates":[[[126.6980778,37.4574942],[126.6981344,37.4579664],[126.69828,37.4579554],[126.6982224,37.4574747],[126.6984453,37.4574579],[126.6984331,37.457356],[126.6976468,37.4574154],[126.69766,37.4575257],[126.6980778,37.4574942]]]}},{"type":"Feature","id":445624201,"properties":{"osmId":445624201,"name":"105","height":57,"heightTag":"57","building":"apartments","updatedAt":"2026-07-27T09:33:49Z"},"geometry":{"type":"Polygon","coordinates":[[[126.6977472,37.4581246],[126.6977305,37.4580001],[126.698081,37.4579706],[126.6980976,37.4580951],[126.6977472,37.4581246]]]}},{"type":"Feature","id":445624202,"properties":{"osmId":445624202,"name":"106","height":68,"heightTag":"68","building":"apartments","updatedAt":"2026-07-27T09:33:49Z"},"geometry":{"type":"Polygon","coordinates":[[[126.6981526,37.4580508],[126.6983029,37.4580394],[126.6983695,37.4585963],[126.6982191,37.4586076],[126.6981526,37.4580508]]]}},{"type":"Feature","id":445624203,"properties":{"osmId":445624203,"name":"107","height":68,"heightTag":"68","building":"apartments","updatedAt":"2026-07-27T09:33:49Z"},"geometry":{"type":"Polygon","coordinates":[[[126.6982221,37.4587202],[126.6979226,37.4587461],[126.6979085,37.4586429],[126.698208,37.458617],[126.6982221,37.4587202]]]}},{"type":"Feature","id":445624204,"properties":{"osmId":445624204,"name":"109","height":68,"heightTag":"68","building":"apartments","updatedAt":"2026-07-27T09:33:49Z"},"geometry":{"type":"Polygon","coordinates":[[[126.6987061,37.4586744],[126.6984065,37.4587002],[126.6983924,37.4585971],[126.6986919,37.4585712],[126.6987061,37.4586744]]]}},{"type":"Feature","id":445624205,"properties":{"osmId":445624205,"name":"108","height":43,"heightTag":"43","building":"apartments","updatedAt":"2026-07-27T09:33:49Z"},"geometry":{"type":"Polygon","coordinates":[[[126.6982717,37.4589145],[126.6984064,37.4589047],[126.6983847,37.4587168],[126.69825,37.4587266],[126.6982717,37.4589145]]]}},{"type":"Feature","id":445624206,"properties":{"osmId":445624206,"name":"104","height":40,"heightTag":"40","building":"apartments","updatedAt":"2026-07-27T09:33:49Z"},"geometry":{"type":"Polygon","coordinates":[[[126.6974374,37.4581063],[126.6975672,37.4580992],[126.6975762,37.458203],[126.6976068,37.4582013],[126.6976146,37.4582923],[126.697492,37.458299],[126.6974842,37.4582096],[126.6974465,37.4582116],[126.6974374,37.4581063]]]}},{"type":"Feature","id":445624207,"properties":{"osmId":445624207,"name":"101","height":62,"heightTag":"62","building":"apartments","updatedAt":"2026-07-27T09:33:49Z"},"geometry":{"type":"Polygon","coordinates":[[[126.6973512,37.4575418],[126.6971216,37.4575614],[126.6971084,37.4574637],[126.6974737,37.4574325],[126.6975554,37.4580358],[126.6974196,37.4580474],[126.6973512,37.4575418]]]}},{"type":"Feature","id":445624208,"properties":{"osmId":445624208,"name":"103","height":57,"heightTag":"57","building":"apartments","updatedAt":"2026-07-27T09:33:49Z"},"geometry":{"type":"Polygon","coordinates":[[[126.6969736,37.4580977],[126.6972932,37.4580786],[126.6972802,37.4579424],[126.6971617,37.4579495],[126.6971638,37.457972],[126.6969628,37.4579841],[126.6969736,37.4580977]]]}},{"type":"Feature","id":445624220,"properties":{"osmId":445624220,"name":"","height":null,"heightTag":null,"building":"yes","updatedAt":"2016-10-04T06:38:12Z"},"geometry":{"type":"Polygon","coordinates":[[[126.6980771,37.4591734],[126.6981861,37.4591564],[126.6981378,37.4589619],[126.6979785,37.4589868],[126.6980163,37.4591392],[126.6980666,37.4591313],[126.6980771,37.4591734]]]}},{"type":"Feature","id":468615706,"properties":{"osmId":468615706,"name":"2404","height":105,"heightTag":"105","building":"apartments","updatedAt":"2026-07-21T14:55:18Z"},"geometry":{"type":"Polygon","coordinates":[[[126.7166579,37.4547558],[126.7165505,37.4546966],[126.7166463,37.4545816],[126.7166299,37.454487],[126.7168308,37.4544778],[126.7168378,37.4545742],[126.7169569,37.4546576],[126.7168518,37.4547484],[126.7167525,37.454677],[126.7166579,37.4547558]]]}},{"type":"Feature","id":468615707,"properties":{"osmId":468615707,"name":"2407","height":76,"heightTag":"76","building":"apartments","updatedAt":"2026-07-21T14:55:18Z"},"geometry":{"type":"Polygon","coordinates":[[[126.716027,37.4550755],[126.716163,37.4550635],[126.7161291,37.4548225],[126.7159956,37.4548333],[126.716027,37.4550755]]]}},{"type":"Feature","id":468615708,"properties":{"osmId":468615708,"name":"2406","height":105,"heightTag":"105","building":"apartments","updatedAt":"2026-07-21T14:55:18Z"},"geometry":{"type":"Polygon","coordinates":[[[126.7159061,37.4546409],[126.7157912,37.4545631],[126.7158939,37.4544775],[126.7158846,37.4543582],[126.7160766,37.4543462],[126.716088,37.454466],[126.7161846,37.4545273],[126.7160976,37.4546057],[126.7160039,37.4545533],[126.7159061,37.4546409]]]}},{"type":"Feature","id":468615709,"properties":{"osmId":468615709,"name":"2405","height":99,"heightTag":"99","building":"apartments","updatedAt":"2026-07-21T14:55:18Z"},"geometry":{"type":"Polygon","coordinates":[[[126.7161267,37.4542461],[126.7162704,37.4542609],[126.7163031,37.4541553],[126.7164221,37.4541794],[126.7164455,37.4540941],[126.7163159,37.4540644],[126.7162283,37.4539653],[126.7160684,37.4540505],[126.7161513,37.4541348],[126.7161267,37.4542461]]]}},{"type":"Feature","id":468615710,"properties":{"osmId":468615710,"name":"2408","height":82,"heightTag":"82","building":"apartments","updatedAt":"2026-07-21T14:55:18Z"},"geometry":{"type":"Polygon","coordinates":[[[126.7153043,37.4548523],[126.7156773,37.4548239],[126.7156679,37.4547132],[126.7152848,37.4547374],[126.7153043,37.4548523]]]}},{"type":"Feature","id":468615712,"properties":{"osmId":468615712,"name":"2403","height":93,"heightTag":"93","building":"apartments","updatedAt":"2026-07-21T14:55:18Z"},"geometry":{"type":"Polygon","coordinates":[[[126.7170502,37.4541107],[126.7169358,37.4541386],[126.7168781,37.4540391],[126.7169977,37.4539996],[126.7170689,37.4538958],[126.7172441,37.4539662],[126.7171899,37.4540785],[126.7172253,37.4541775],[126.7170876,37.4542072],[126.7170502,37.4541107]]]}},{"type":"Feature","id":469643719,"properties":{"osmId":469643719,"name":"동성교회","height":null,"heightTag":null,"building":"church","updatedAt":"2026-04-02T07:42:49Z"},"geometry":{"type":"Polygon","coordinates":[[[126.7137507,37.4574823],[126.7137707,37.457289],[126.7139866,37.4573019],[126.7139661,37.4574598],[126.7138658,37.4574933],[126.7138211,37.4574908],[126.7137507,37.4574823]]]}},{"type":"Feature","id":469644954,"properties":{"osmId":469644954,"name":"낙원제일교회","height":null,"heightTag":null,"building":"yes","updatedAt":"2026-04-02T07:42:49Z"},"geometry":{"type":"Polygon","coordinates":[[[126.7149276,37.4581508],[126.7149556,37.4577338],[126.7154098,37.4577622],[126.7153809,37.4581772],[126.7151564,37.4581619],[126.7149276,37.4581508]]]}},{"type":"Feature","id":469645241,"properties":{"osmId":469645241,"name":"석천교회","height":null,"heightTag":null,"building":"yes","updatedAt":"2026-04-02T07:42:49Z"},"geometry":{"type":"Polygon","coordinates":[[[126.7163841,37.4576273],[126.7165137,37.4576329],[126.7165382,37.4573826],[126.7164074,37.4573771],[126.7163841,37.4576273]]]}},{"type":"Feature","id":469645505,"properties":{"osmId":469645505,"name":"함께하는 교회","height":null,"heightTag":null,"building":"yes","updatedAt":"2026-04-02T07:42:49Z"},"geometry":{"type":"Polygon","coordinates":[[[126.7167584,37.4567471],[126.7170755,37.4567148],[126.717043,37.4564986],[126.7167299,37.4565341],[126.7167584,37.4567471]]]}},{"type":"Feature","id":471350901,"properties":{"osmId":471350901,"name":"정각지구대","height":null,"heightTag":null,"building":"yes","updatedAt":"2026-04-02T07:42:49Z"},"geometry":{"type":"Polygon","coordinates":[[[126.7149906,37.4561185],[126.7148645,37.456074],[126.7148645,37.4559925],[126.7151354,37.455974],[126.7151634,37.4561037],[126.7149906,37.4561185]]]}},{"type":"Feature","id":471350902,"properties":{"osmId":471350902,"name":"힐캐슬프라자","height":null,"heightTag":null,"building":"commercial","updatedAt":"2026-04-02T07:42:49Z"},"geometry":{"type":"Polygon","coordinates":[[[126.7135906,37.4561916],[126.7135547,37.455857],[126.7145143,37.4557787],[126.714589,37.4561631],[126.7137341,37.4562343],[126.7135906,37.4561916]]]}},{"type":"Feature","id":471350903,"properties":{"osmId":471350903,"name":"구월2동 행정복지센터","height":null,"heightTag":null,"building":"public","updatedAt":"2026-04-02T07:42:49Z"},"geometry":{"type":"Polygon","coordinates":[[[126.7132468,37.4561655],[126.7132409,37.4560421],[126.7135428,37.4560136],[126.7135727,37.4561916],[126.7134531,37.4561821],[126.7132468,37.4561655]]]}},{"type":"Feature","id":472078474,"properties":{"osmId":472078474,"name":"용광교회","height":null,"heightTag":null,"building":"yes","updatedAt":"2026-04-02T07:42:49Z"},"geometry":{"type":"Polygon","coordinates":[[[126.7206353,37.4552132],[126.7206209,37.4550683],[126.7208649,37.455053],[126.7208793,37.4551979],[126.7206353,37.4552132]]]}},{"type":"Feature","id":472080046,"properties":{"osmId":472080046,"name":"","height":null,"heightTag":null,"building":"commercial","updatedAt":"2026-04-02T07:42:49Z"},"geometry":{"type":"Polygon","coordinates":[[[126.7199279,37.4577316],[126.7201036,37.4577207],[126.7201393,37.4580851],[126.7199637,37.458096],[126.7199279,37.4577316]]]}},{"type":"Feature","id":473227614,"properties":{"osmId":473227614,"name":"","height":null,"heightTag":null,"building":"commercial","updatedAt":"2026-04-02T07:42:49Z"},"geometry":{"type":"Polygon","coordinates":[[[126.7045402,37.4427168],[126.7059852,37.4426411],[126.7059337,37.4420216],[126.7056122,37.4420384],[126.7056191,37.4421211],[126.7048212,37.4421629],[126.7048157,37.4420959],[126.70449,37.442113],[126.7045402,37.4427168]]]}},{"type":"Feature","id":473227615,"properties":{"osmId":473227615,"name":"","height":null,"heightTag":null,"building":"commercial","updatedAt":"2026-04-02T07:42:49Z"},"geometry":{"type":"Polygon","coordinates":[[[126.7034304,37.4426258],[126.7042803,37.4425702],[126.704201,37.441532],[126.703323,37.4415876],[126.7034304,37.4426258]]]}},{"type":"Feature","id":473227616,"properties":{"osmId":473227616,"name":"","height":null,"heightTag":null,"building":"commercial","updatedAt":"2017-02-08T02:35:10Z"},"geometry":{"type":"Polygon","coordinates":[[[126.7027573,37.4401948],[126.7027503,37.4401288],[126.7029251,37.4401249],[126.7029761,37.4401914],[126.7027573,37.4401948]]]}},{"type":"Feature","id":473227617,"properties":{"osmId":473227617,"name":"","height":null,"heightTag":null,"building":"commercial","updatedAt":"2017-02-08T02:35:10Z"},"geometry":{"type":"Polygon","coordinates":[[[126.7031246,37.4403694],[126.7031986,37.4403389],[126.7030078,37.4400977],[126.7029328,37.4401273],[126.7031246,37.4403694]]]}},{"type":"Feature","id":473227618,"properties":{"osmId":473227618,"name":"","height":null,"heightTag":null,"building":"yes","updatedAt":"2026-04-02T07:42:49Z"},"geometry":{"type":"Polygon","coordinates":[[[126.7070746,37.4420374],[126.7076128,37.4419978],[126.7076352,37.4421894],[126.7074876,37.4422003],[126.7074927,37.442253],[126.7074906,37.4422846],[126.7074757,37.442319],[126.7074321,37.4423547],[126.7073843,37.4423645],[126.7073211,37.442362],[126.707281,37.442342],[126.7072543,37.4423145],[126.7072424,37.4422853],[126.7072385,37.442259],[126.7072337,37.4422179],[126.7070969,37.442228],[126.7070746,37.4420374]]]}},{"type":"Feature","id":473227619,"properties":{"osmId":473227619,"name":"","height":null,"heightTag":null,"building":"yes","updatedAt":"2026-04-02T07:42:49Z"},"geometry":{"type":"Polygon","coordinates":[[[126.7073344,37.4425722],[126.7073237,37.4424634],[126.7076857,37.4424267],[126.707698,37.442549],[126.7075193,37.4425685],[126.7075054,37.4425893],[126.7074839,37.442604],[126.7075008,37.4427716],[126.7073237,37.4427887],[126.7073005,37.4425759],[126.7073344,37.4425722]]]}},{"type":"Feature","id":473513832,"properties":{"osmId":473513832,"name":"1406","height":73,"heightTag":"73","building":"apartments","updatedAt":"2026-07-23T13:33:54Z"},"geometry":{"type":"Polygon","coordinates":[[[126.7118939,37.4562131],[126.7120752,37.4561991],[126.712031,37.455785],[126.7118541,37.455792],[126.7118939,37.4562131]]]}},{"type":"Feature","id":473513833,"properties":{"osmId":473513833,"name":"1407","height":53,"heightTag":"53","building":"apartments","updatedAt":"2026-07-23T13:33:54Z"},"geometry":{"type":"Polygon","coordinates":[[[126.7121238,37.4563289],[126.7128356,37.4562728],[126.7128135,37.45615],[126.712115,37.4561991],[126.7121238,37.4563289]]]}},{"type":"Feature","id":473513834,"properties":{"osmId":473513834,"name":"1408","height":48,"heightTag":"48","building":"apartments","updatedAt":"2026-07-23T13:33:54Z"},"geometry":{"type":"Polygon","coordinates":[[[126.7129019,37.4562588],[126.7132556,37.4562412],[126.713207,37.4561219],[126.7128887,37.4561429],[126.7129019,37.4562588]]]}},{"type":"Feature","id":473513835,"properties":{"osmId":473513835,"name":"1405","height":56,"heightTag":"56","building":"apartments","updatedAt":"2026-07-23T13:33:54Z"},"geometry":{"type":"Polygon","coordinates":[[[126.7121238,37.4556867],[126.7124996,37.4556691],[126.7125084,37.4555533],[126.7121061,37.4555709],[126.7121238,37.4556867]]]}},{"type":"Feature","id":473513836,"properties":{"osmId":473513836,"name":"1404","height":56,"heightTag":"56","building":"apartments","updatedAt":"2026-07-23T13:33:54Z"},"geometry":{"type":"Polygon","coordinates":[[[126.712579,37.4556779],[126.7132642,37.4556405],[126.7132536,37.4555185],[126.7125684,37.4555559],[126.712579,37.4556779]]]}},{"type":"Feature","id":473513837,"properties":{"osmId":473513837,"name":"1403","height":82,"heightTag":"82","building":"apartments","updatedAt":"2026-07-23T13:33:54Z"},"geometry":{"type":"Polygon","coordinates":[[[126.7133478,37.4559855],[126.7134999,37.4559648],[126.7134634,37.4557007],[126.7133042,37.4557148],[126.7133478,37.4559855]]]}},{"type":"Feature","id":473513838,"properties":{"osmId":473513838,"name":"1402","height":82,"heightTag":"82","building":"apartments","updatedAt":"2026-07-23T13:33:54Z"},"geometry":{"type":"Polygon","coordinates":[[[126.7134369,37.4556762],[126.7137906,37.4556376],[126.7138083,37.4555288],[126.7134369,37.4555323],[126.7134369,37.4556762]]]}},{"type":"Feature","id":473513839,"properties":{"osmId":473513839,"name":"1401","height":65,"heightTag":"65","building":"apartments","updatedAt":"2026-07-23T13:33:54Z"},"geometry":{"type":"Polygon","coordinates":[[[126.7138613,37.4556656],[126.7143432,37.4556235],[126.7143521,37.4557218],[126.7145156,37.4557078],[126.7145024,37.455613],[126.7145589,37.4555053],[126.7144051,37.4553919],[126.714299,37.4554831],[126.7138436,37.4555463],[126.7138613,37.4556656]]]}},{"type":"Feature","id":473513840,"properties":{"osmId":473513840,"name":"","height":50,"heightTag":"50","building":"apartments","updatedAt":"2026-07-23T13:33:54Z"},"geometry":{"type":"Polygon","coordinates":[[[126.7109566,37.4564413],[126.7116994,37.4563956],[126.7117038,37.4562658],[126.7109368,37.456298],[126.7109566,37.4564413]]]}},{"type":"Feature","id":473514654,"properties":{"osmId":473514654,"name":"1306","height":53,"heightTag":"53","building":"apartments","updatedAt":"2026-07-23T13:33:54Z"},"geometry":{"type":"Polygon","coordinates":[[[126.710877,37.4558481],[126.7116507,37.4557885],[126.711633,37.4556516],[126.7108519,37.4557117],[126.710877,37.4558481]]]}},{"type":"Feature","id":473514655,"properties":{"osmId":473514655,"name":"1302","height":79,"heightTag":"79","building":"apartments","updatedAt":"2026-07-23T13:33:54Z"},"geometry":{"type":"Polygon","coordinates":[[[126.7107134,37.4563325],[126.7109368,37.456298],[126.7108782,37.455936],[126.7106548,37.4559164],[126.7107134,37.4563325]]]}},{"type":"Feature","id":473514656,"properties":{"osmId":473514656,"name":"1303","height":53,"heightTag":"53","building":"apartments","updatedAt":"2026-07-23T13:33:54Z"},"geometry":{"type":"Polygon","coordinates":[[[126.7102687,37.4565588],[126.7102536,37.4564132],[126.71074,37.4563746],[126.71076,37.4565134],[126.7102687,37.4565588]]]}},{"type":"Feature","id":473514657,"properties":{"osmId":473514657,"name":"1304","height":53,"heightTag":"53","building":"apartments","updatedAt":"2026-07-23T13:33:54Z"},"geometry":{"type":"Polygon","coordinates":[[[126.7101918,37.4559359],[126.7101873,37.4558095],[126.710693,37.4557652],[126.7106829,37.4558834],[126.7101918,37.4559359]]]}},{"type":"Feature","id":473514658,"properties":{"osmId":473514658,"name":"1305","height":79,"heightTag":"79","building":"apartments","updatedAt":"2026-07-23T13:33:54Z"},"geometry":{"type":"Polygon","coordinates":[[[126.7106436,37.4557197],[126.7108519,37.4557117],[126.7107975,37.4552796],[126.7106065,37.4552921],[126.7106436,37.4557197]]]}},{"type":"Feature","id":473514659,"properties":{"osmId":473514659,"name":"1309","height":56,"heightTag":"56","building":"apartments","updatedAt":"2026-07-23T13:33:54Z"},"geometry":{"type":"Polygon","coordinates":[[[126.7099847,37.4553466],[126.7099663,37.4552024],[126.7105631,37.4551673],[126.7106065,37.4552921],[126.7099847,37.4553466]]]}},{"type":"Feature","id":473514660,"properties":{"osmId":473514660,"name":"1307","height":53,"heightTag":"53","building":"apartments","updatedAt":"2026-07-23T13:33:54Z"},"geometry":{"type":"Polygon","coordinates":[[[126.7108094,37.4552287],[126.7114478,37.4551819],[126.7114317,37.4550712],[126.7107933,37.455118],[126.7108094,37.4552287]]]}},{"type":"Feature","id":473514661,"properties":{"osmId":473514661,"name":"1308","height":79,"heightTag":"79","building":"apartments","updatedAt":"2026-07-23T13:33:54Z"},"geometry":{"type":"Polygon","coordinates":[[[126.7105607,37.4551293],[126.7107504,37.4550925],[126.7107231,37.4546555],[126.710509,37.4547092],[126.7105607,37.4551293]]]}},{"type":"Feature","id":474526281,"properties":{"osmId":474526281,"name":"간석3동경로당","height":null,"heightTag":null,"building":"yes","updatedAt":"2017-02-14T05:21:17Z"},"geometry":{"type":"Polygon","coordinates":[[[126.714909,37.4610208],[126.7151242,37.4610279],[126.7151249,37.4609662],[126.7149111,37.4609586],[126.714909,37.4610208]]]}},{"type":"Feature","id":475595118,"properties":{"osmId":475595118,"name":"","height":null,"heightTag":null,"building":"school","updatedAt":"2017-02-19T09:49:36Z"},"geometry":{"type":"Polygon","coordinates":[[[126.7165742,37.4612551],[126.7165581,37.4610401],[126.7164428,37.4610379],[126.7164562,37.4612615],[126.7165742,37.4612551]]]}},{"type":"Feature","id":475595119,"properties":{"osmId":475595119,"name":"","height":null,"heightTag":null,"building":"school","updatedAt":"2017-02-19T09:49:36Z"},"geometry":{"type":"Polygon","coordinates":[[[126.7167915,37.4610677],[126.7169256,37.4610603],[126.7169135,37.4610092],[126.7168009,37.4610092],[126.7167915,37.4610677]]]}},{"type":"Feature","id":475595120,"properties":{"osmId":475595120,"name":"","height":null,"heightTag":null,"building":"school","updatedAt":"2017-02-19T09:49:36Z"},"geometry":{"type":"Polygon","coordinates":[[[126.7166004,37.4610694],[126.7166554,37.4610704],[126.7166661,37.4610385],[126.7166071,37.4610364],[126.7166004,37.4610694]]]}},{"type":"Feature","id":479829437,"properties":{"osmId":479829437,"name":"","height":null,"heightTag":null,"building":"school","updatedAt":"2017-03-11T05:04:32Z"},"geometry":{"type":"Polygon","coordinates":[[[126.6959908,37.454101],[126.6959721,37.4539156],[126.6966352,37.4538934],[126.6966399,37.4540787],[126.6959908,37.454101]]]}},{"type":"Feature","id":479829438,"properties":{"osmId":479829438,"name":"","height":null,"heightTag":null,"building":"school","updatedAt":"2026-04-02T07:42:49Z"},"geometry":{"type":"Polygon","coordinates":[[[126.6965372,37.4549685],[126.6977093,37.4545162],[126.6978106,37.4546771],[126.6976895,37.4547238],[126.6976673,37.4546867],[126.6972639,37.4548443],[126.6972844,37.4548832],[126.697132,37.4549443],[126.6971093,37.454904],[126.69671,37.4550537],[126.6967286,37.4550871],[126.6966399,37.4551242],[126.6965372,37.4549685]]]}},{"type":"Feature","id":479829439,"properties":{"osmId":479829439,"name":"","height":null,"heightTag":null,"building":"school","updatedAt":"2026-04-02T07:42:49Z"},"geometry":{"type":"Polygon","coordinates":[[[126.6970044,37.4551942],[126.6969531,37.4551029],[126.697261,37.454999],[126.6973106,37.4550987],[126.6970044,37.4551942]]]}},{"type":"Feature","id":479829440,"properties":{"osmId":479829440,"name":"","height":null,"heightTag":null,"building":"school","updatedAt":"2026-04-02T07:42:49Z"},"geometry":{"type":"Polygon","coordinates":[[[126.6969982,37.4551939],[126.696927,37.4550697],[126.6966299,37.4551694],[126.6967034,37.4552875],[126.6969982,37.4551939]]]}},{"type":"Feature","id":479829441,"properties":{"osmId":479829441,"name":"","height":null,"heightTag":null,"building":"school","updatedAt":"2026-04-02T07:42:49Z"},"geometry":{"type":"Polygon","coordinates":[[[126.6972749,37.4550104],[126.6973987,37.4549664],[126.6974641,37.4550874],[126.6973391,37.4551309],[126.6972749,37.4550104]]]}},{"type":"Feature","id":479829442,"properties":{"osmId":479829442,"name":"","height":null,"heightTag":null,"building":"school","updatedAt":"2026-04-02T07:42:49Z"},"geometry":{"type":"Polygon","coordinates":[[[126.6974028,37.4549622],[126.6975604,37.4548992],[126.6975855,37.4549344],[126.6974337,37.4550202],[126.6974028,37.4549622]]]}},{"type":"Feature","id":479829443,"properties":{"osmId":479829443,"name":"","height":null,"heightTag":null,"building":"school","updatedAt":"2026-04-02T07:42:49Z"},"geometry":{"type":"Polygon","coordinates":[[[126.697568,37.454896],[126.6976497,37.4548594],[126.6976643,37.4548811],[126.6975901,37.4549284],[126.697568,37.454896]]]}},{"type":"Feature","id":479829444,"properties":{"osmId":479829444,"name":"","height":null,"heightTag":null,"building":"school","updatedAt":"2026-04-02T07:42:49Z"},"geometry":{"type":"Polygon","coordinates":[[[126.6976625,37.4548659],[126.697784,37.4548163],[126.6977355,37.4547407],[126.6976112,37.4547912],[126.6976625,37.4548659]]]}},{"type":"Feature","id":479829445,"properties":{"osmId":479829445,"name":"","height":null,"heightTag":null,"building":"school","updatedAt":"2026-04-02T07:42:49Z"},"geometry":{"type":"Polygon","coordinates":[[[126.6978476,37.4547588],[126.6978067,37.4547139],[126.6979661,37.4546244],[126.6980075,37.4546726],[126.6978476,37.4547588]]]}},{"type":"Feature","id":509531609,"properties":{"osmId":509531609,"name":"2411","height":82,"heightTag":"82","building":"apartments","updatedAt":"2026-07-21T14:55:18Z"},"geometry":{"type":"Polygon","coordinates":[[[126.7155284,37.454016],[126.715493,37.4537379],[126.7156629,37.4537238],[126.7156983,37.454002],[126.7155284,37.454016]]]}},{"type":"Feature","id":509531610,"properties":{"osmId":509531610,"name":"2409","height":70,"heightTag":"70","building":"apartments","updatedAt":"2026-07-21T14:55:18Z"},"geometry":{"type":"Polygon","coordinates":[[[126.7149973,37.4551672],[126.7151584,37.4551561],[126.7151281,37.4548966],[126.7152191,37.4548836],[126.7152098,37.4547483],[126.7151024,37.4547594],[126.7149693,37.4546871],[126.7148339,37.4548095],[126.7149646,37.4548984],[126.7149973,37.4551672]]]}},{"type":"Feature","id":509531611,"properties":{"osmId":509531611,"name":"2410","height":65,"heightTag":"65","building":"apartments","updatedAt":"2026-07-21T14:55:18Z"},"geometry":{"type":"Polygon","coordinates":[[[126.7147872,37.4542237],[126.7149389,37.454081],[126.7150603,37.4541551],[126.7151678,37.4541477],[126.7151818,37.4542571],[126.7150533,37.4542701],[126.715065,37.4543646],[126.7149226,37.4543813],[126.7149039,37.4542923],[126.7147872,37.4542237]]]}},{"type":"Feature","id":509531612,"properties":{"osmId":509531612,"name":"2401","height":82,"heightTag":"82","building":"apartments","updatedAt":"2026-07-21T14:55:18Z"},"geometry":{"type":"Polygon","coordinates":[[[126.7173438,37.4547229],[126.71748,37.4547145],[126.7175101,37.4549716],[126.7173739,37.4549842],[126.7173438,37.4547229]]]}},{"type":"Feature","id":509531613,"properties":{"osmId":509531613,"name":"2402","height":96,"heightTag":"96","building":"apartments","updatedAt":"2026-07-21T14:55:18Z"},"geometry":{"type":"Polygon","coordinates":[[[126.7173084,37.4542734],[126.7175455,37.454258],[126.7175544,37.4543661],[126.7176304,37.4544139],[126.7175331,37.4545136],[126.7174429,37.4544659],[126.7173703,37.4545249],[126.7172411,37.4544504],[126.7173243,37.4543746],[126.7173084,37.4542734]]]}},{"type":"Feature","id":509531614,"properties":{"osmId":509531614,"name":"2107","height":65,"heightTag":"65","building":"apartments","updatedAt":"2026-07-21T14:55:18Z"},"geometry":{"type":"Polygon","coordinates":[[[126.7148587,37.4536643],[126.7150086,37.4536529],[126.7149998,37.4535644],[126.7154493,37.4535321],[126.7154387,37.4534197],[126.7149945,37.4534464],[126.7148653,37.4533691],[126.7147078,37.4535012],[126.7148458,37.4535925],[126.7148587,37.4536643]]]}},{"type":"Feature","id":509531615,"properties":{"osmId":509531615,"name":"2110","height":62,"heightTag":"62","building":"apartments","updatedAt":"2026-07-21T14:55:18Z"},"geometry":{"type":"Polygon","coordinates":[[[126.7148494,37.4533425],[126.7148158,37.4530432],[126.7149609,37.4530292],[126.7149874,37.4533326],[126.7148494,37.4533425]]]}},{"type":"Feature","id":509531616,"properties":{"osmId":509531616,"name":"2109","height":65,"heightTag":"65","building":"apartments","updatedAt":"2026-07-21T14:55:18Z"},"geometry":{"type":"Polygon","coordinates":[[[126.7148016,37.4529913],[126.7149432,37.4529842],[126.7149361,37.4528901],[126.7150529,37.4528747],[126.7150476,37.4527524],[126.7149467,37.4527581],[126.7148051,37.452685],[126.7146671,37.4528157],[126.7147839,37.4528901],[126.7148016,37.4529913]]]}},{"type":"Feature","id":509531617,"properties":{"osmId":509531617,"name":"2108","height":62,"heightTag":"62","building":"apartments","updatedAt":"2026-07-21T14:55:18Z"},"geometry":{"type":"Polygon","coordinates":[[[126.7151077,37.4527567],[126.7154581,37.45273],[126.7154794,37.4528452],[126.7151219,37.4528761],[126.7151077,37.4527567]]]}},{"type":"Feature","id":509531618,"properties":{"osmId":509531618,"name":"2105","height":65,"heightTag":"65","building":"apartments","updatedAt":"2026-07-21T14:55:18Z"},"geometry":{"type":"Polygon","coordinates":[[[126.7155342,37.4528325],[126.7155165,37.4527103],[126.7156298,37.4527075],[126.7157466,37.4526204],[126.7159111,37.4527272],[126.7158262,37.4528171],[126.7158404,37.4529084],[126.715674,37.4529182],[126.7156563,37.4528227],[126.7155342,37.4528325]]]}},{"type":"Feature","id":509531619,"properties":{"osmId":509531619,"name":"2106","height":62,"heightTag":"62","building":"apartments","updatedAt":"2026-07-21T14:55:18Z"},"geometry":{"type":"Polygon","coordinates":[[[126.7157306,37.4533986],[126.7158651,37.4533888],[126.7158191,37.4529618],[126.7156793,37.4529744],[126.7157306,37.4533986]]]}},{"type":"Feature","id":509531620,"properties":{"osmId":509531620,"name":"2104","height":62,"heightTag":"62","building":"apartments","updatedAt":"2026-07-21T14:55:18Z"},"geometry":{"type":"Polygon","coordinates":[[[126.7159625,37.4526878],[126.7163111,37.452671],[126.7163217,37.4527805],[126.7159784,37.4528002],[126.7159625,37.4526878]]]}},{"type":"Feature","id":509531621,"properties":{"osmId":509531621,"name":"2101","height":65,"heightTag":"65","building":"apartments","updatedAt":"2026-07-21T14:55:18Z"},"geometry":{"type":"Polygon","coordinates":[[[126.7163872,37.4527595],[126.716373,37.4526471],[126.7164969,37.4526372],[126.716596,37.4525544],[126.7167712,37.4526667],[126.7166738,37.4527581],[126.7166862,37.452848],[126.716527,37.452862],[126.716511,37.4527524],[126.7163872,37.4527595]]]}},{"type":"Feature","id":509531622,"properties":{"osmId":509531622,"name":"2102","height":67,"heightTag":"67","building":"apartments","updatedAt":"2026-07-21T14:55:18Z"},"geometry":{"type":"Polygon","coordinates":[[[126.7165747,37.4529126],[126.7167499,37.4528971],[126.7168012,37.4533087],[126.7166261,37.4533214],[126.7165747,37.4529126]]]}},{"type":"Feature","id":509531623,"properties":{"osmId":509531623,"name":"2103","height":56,"heightTag":"56","building":"apartments","updatedAt":"2026-07-21T14:55:18Z"},"geometry":{"type":"Polygon","coordinates":[[[126.7159341,37.4533804],[126.7164314,37.4533481],[126.7164438,37.4534478],[126.7159483,37.4534886],[126.7159341,37.4533804]]]}},{"type":"Feature","id":509603185,"properties":{"osmId":509603185,"name":"2202","height":56,"heightTag":"56","building":"apartments","updatedAt":"2026-07-21T14:55:18Z"},"geometry":{"type":"Polygon","coordinates":[[[126.7169443,37.4532875],[126.7173144,37.453262],[126.7173251,37.4533855],[126.7169603,37.4534153],[126.7169443,37.4532875]]]}},{"type":"Feature","id":509603186,"properties":{"osmId":509603186,"name":"2201","height":65,"heightTag":"65","building":"apartments","updatedAt":"2026-07-21T14:55:18Z"},"geometry":{"type":"Polygon","coordinates":[[[126.7169308,37.4526187],[126.7173342,37.4525766],[126.7174581,37.4524867],[126.7176103,37.4525878],[126.7175218,37.4526861],[126.717536,37.4527845],[126.7173909,37.4527957],[126.7173696,37.4526946],[126.7169555,37.4527423],[126.7169308,37.4526187]]]}},{"type":"Feature","id":509603187,"properties":{"osmId":509603187,"name":"2204","height":67,"heightTag":"67","building":"apartments","updatedAt":"2026-07-21T14:55:18Z"},"geometry":{"type":"Polygon","coordinates":[[[126.7174935,37.4528519],[126.7176528,37.4528351],[126.7176775,37.453102],[126.7175147,37.4531188],[126.7174935,37.4528519]]]}},{"type":"Feature","id":509603188,"properties":{"osmId":509603188,"name":"2203","height":73,"heightTag":"73","building":"apartments","updatedAt":"2026-07-21T14:55:18Z"},"geometry":{"type":"Polygon","coordinates":[[[126.7175678,37.4534335],[126.7177165,37.4534251],[126.7177625,37.4536835],[126.7176138,37.4537032],[126.7175678,37.4534335]]]}},{"type":"Feature","id":509603189,"properties":{"osmId":509603189,"name":"2205","height":53,"heightTag":"53","building":"apartments","updatedAt":"2026-07-21T14:55:18Z"},"geometry":{"type":"Polygon","coordinates":[[[126.7176634,37.4525429],[126.7183004,37.4525007],[126.718304,37.4526075],[126.7176705,37.4526637],[126.7176634,37.4525429]]]}},{"type":"Feature","id":509603190,"properties":{"osmId":509603190,"name":"2206","height":53,"heightTag":"53","building":"apartments","updatedAt":"2026-07-21T14:55:18Z"},"geometry":{"type":"Polygon","coordinates":[[[126.7177059,37.4531525],[126.7183217,37.4531104],[126.7183288,37.45322],[126.7177165,37.4532733],[126.7177059,37.4531525]]]}},{"type":"Feature","id":509603191,"properties":{"osmId":509603191,"name":"2207","height":53,"heightTag":"53","building":"apartments","updatedAt":"2026-07-21T14:55:18Z"},"geometry":{"type":"Polygon","coordinates":[[[126.7177589,37.4537454],[126.7183535,37.4536835],[126.7183712,37.4537987],[126.7177802,37.4538549],[126.7177589,37.4537454]]]}},{"type":"Feature","id":509603192,"properties":{"osmId":509603192,"name":"2208","height":65,"heightTag":"65","building":"apartments","updatedAt":"2026-07-21T14:55:18Z"},"geometry":{"type":"Polygon","coordinates":[[[126.7186933,37.4540769],[126.7188384,37.4540628],[126.7188101,37.4537931],[126.7188915,37.453706],[126.7187145,37.4535908],[126.7186083,37.4536751],[126.7184703,37.4536835],[126.718488,37.4538212],[126.7186579,37.4538044],[126.7186933,37.4540769]]]}},{"type":"Feature","id":509603193,"properties":{"osmId":509603193,"name":"2209","height":70,"heightTag":"70","building":"apartments","updatedAt":"2026-07-21T14:55:18Z"},"geometry":{"type":"Polygon","coordinates":[[[126.7184243,37.4531272],[126.7185269,37.4531272],[126.718665,37.4530373],[126.7188242,37.4531329],[126.7187322,37.4532312],[126.7187747,37.4535009],[126.7186119,37.4535122],[126.7185623,37.4532453],[126.718442,37.4532537],[126.7184243,37.4531272]]]}},{"type":"Feature","id":509603194,"properties":{"osmId":509603194,"name":"2210","height":65,"heightTag":"65","building":"apartments","updatedAt":"2026-07-21T14:55:18Z"},"geometry":{"type":"Polygon","coordinates":[[[126.7183641,37.4524895],[126.7184739,37.4524838],[126.71858,37.4523968],[126.7187605,37.452526],[126.7186508,37.4526075],[126.7187004,37.4529783],[126.7185305,37.4529868],[126.7184809,37.4526103],[126.7183712,37.4526215],[126.7183641,37.4524895]]]}},{"type":"Feature","id":509603195,"properties":{"osmId":509603195,"name":"2301","height":48,"heightTag":"48","building":"apartments","updatedAt":"2026-07-21T14:55:18Z"},"geometry":{"type":"Polygon","coordinates":[[[126.7178545,37.4545405],[126.7182084,37.454518],[126.718219,37.454636],[126.7178687,37.4546585],[126.7178545,37.4545405]]]}},{"type":"Feature","id":509603196,"properties":{"osmId":509603196,"name":"2302","height":70,"heightTag":"70","building":"apartments","updatedAt":"2026-07-21T14:55:18Z"},"geometry":{"type":"Polygon","coordinates":[[[126.7182403,37.4543297],[126.7186402,37.4543073],[126.7187535,37.4542342],[126.7189269,37.4543635],[126.7188278,37.4544449],[126.7188349,37.4545348],[126.7186791,37.4545461],[126.7186614,37.4544225],[126.7182544,37.4544562],[126.7182403,37.4543297]]]}},{"type":"Feature","id":509603197,"properties":{"osmId":509603197,"name":"2303","height":76,"heightTag":"76","building":"apartments","updatedAt":"2026-07-21T14:55:18Z"},"geometry":{"type":"Polygon","coordinates":[[[126.7187428,37.4546247],[126.7189127,37.4546107],[126.7189304,37.4548748],[126.7187676,37.4548888],[126.7187428,37.4546247]]]}},{"type":"Feature","id":509603198,"properties":{"osmId":509603198,"name":"2304","height":65,"heightTag":"65","building":"apartments","updatedAt":"2026-07-21T14:55:18Z"},"geometry":{"type":"Polygon","coordinates":[[[126.7189021,37.4549366],[126.7190472,37.4550265],[126.7189587,37.4550939],[126.7189764,37.4552288],[126.7188101,37.4552457],[126.7187959,37.4551501],[126.718665,37.4551642],[126.7186437,37.4550265],[126.7187995,37.4550125],[126.7189021,37.4549366]]]}},{"type":"Feature","id":509603199,"properties":{"osmId":509603199,"name":"2305","height":48,"heightTag":"48","building":"apartments","updatedAt":"2026-07-21T14:55:18Z"},"geometry":{"type":"Polygon","coordinates":[[[126.7180775,37.4550743],[126.7185659,37.4550434],[126.71858,37.4551614],[126.7180881,37.4551951],[126.7180775,37.4550743]]]}},{"type":"Feature","id":509603200,"properties":{"osmId":509603200,"name":"2306","height":48,"heightTag":"48","building":"apartments","updatedAt":"2026-07-21T14:55:18Z"},"geometry":{"type":"Polygon","coordinates":[[[126.7181447,37.4556277],[126.7186897,37.4555828],[126.7187004,37.4557176],[126.7181589,37.4557626],[126.7181447,37.4556277]]]}},{"type":"Feature","id":509603201,"properties":{"osmId":509603201,"name":"2307","height":76,"heightTag":"76","building":"apartments","updatedAt":"2026-07-21T14:55:18Z"},"geometry":{"type":"Polygon","coordinates":[[[126.7188101,37.455299],[126.7189764,37.4552906],[126.7190083,37.4555659],[126.7188349,37.45558],[126.7188101,37.455299]]]}},{"type":"Feature","id":527444360,"properties":{"osmId":527444360,"name":"","height":null,"heightTag":null,"building":"school","updatedAt":"2026-04-02T07:42:49Z"},"geometry":{"type":"Polygon","coordinates":[[[126.7095575,37.4458964],[126.7105055,37.4456851],[126.710543,37.4457912],[126.7104044,37.4458209],[126.7104215,37.4458668],[126.7098594,37.446004],[126.7098377,37.4459483],[126.7095995,37.4460027],[126.7095575,37.4458964]]]}},{"type":"Feature","id":527444361,"properties":{"osmId":527444361,"name":"","height":null,"heightTag":null,"building":"school","updatedAt":"2026-04-02T07:42:49Z"},"geometry":{"type":"Polygon","coordinates":[[[126.7105809,37.4456837],[126.7104438,37.4452959],[126.7105624,37.4452727],[126.7106271,37.4454525],[126.7106687,37.4454427],[126.7107319,37.4456494],[126.7105809,37.4456837]]]}},{"type":"Feature","id":527444362,"properties":{"osmId":527444362,"name":"","height":null,"heightTag":null,"building":"school","updatedAt":"2026-04-02T07:42:49Z"},"geometry":{"type":"Polygon","coordinates":[[[126.7101927,37.444781],[126.7096551,37.4449302],[126.7097228,37.4450966],[126.7103344,37.4449351],[126.7103714,37.4450244],[126.7095595,37.4452495],[126.7094656,37.445011],[126.7093978,37.4449926],[126.7093115,37.4450159],[126.7092191,37.4449694],[126.7092668,37.444896],[126.70931,37.4449119],[126.7101573,37.4446832],[126.7101927,37.444781]]]}},{"type":"Feature","id":527444363,"properties":{"osmId":527444363,"name":"","height":null,"heightTag":null,"building":"school","updatedAt":"2026-04-02T07:42:49Z"},"geometry":{"type":"Polygon","coordinates":[[[126.7092576,37.4453363],[126.7095025,37.4452739],[126.709424,37.4450525],[126.7093778,37.4450195],[126.70929,37.4450391],[126.7092776,37.4450146],[126.7091359,37.4450513],[126.7092576,37.4453363]]]}},{"type":"Feature","id":527444364,"properties":{"osmId":527444364,"name":"인천남동소방서","height":null,"heightTag":null,"building":"yes","updatedAt":"2026-04-02T07:42:49Z"},"geometry":{"type":"Polygon","coordinates":[[[126.7162199,37.4489994],[126.7162014,37.4487645],[126.7168299,37.4487303],[126.7168546,37.4489651],[126.7162199,37.4489994]]]}},{"type":"Feature","id":527692112,"properties":{"osmId":527692112,"name":"구월동우체국","height":null,"heightTag":null,"building":"yes","updatedAt":"2026-04-02T07:42:49Z"},"geometry":{"type":"Polygon","coordinates":[[[126.6981214,37.4500908],[126.6981121,37.4499464],[126.6982785,37.4499342],[126.6982877,37.450081],[126.6981214,37.4500908]]]}},{"type":"Feature","id":527692117,"properties":{"osmId":527692117,"name":"인천제일교회","height":null,"heightTag":null,"building":"yes","updatedAt":"2026-04-02T07:42:49Z"},"geometry":{"type":"Polygon","coordinates":[[[126.6954459,37.4513726],[126.695821,37.4513529],[126.6958564,37.4518193],[126.6954813,37.4518418],[126.6954459,37.4513726]]]}},{"type":"Feature","id":529807845,"properties":{"osmId":529807845,"name":"문학박태환수영장","height":null,"heightTag":null,"building":"yes","updatedAt":"2021-01-30T13:18:14Z"},"geometry":{"type":"Polygon","coordinates":[[[126.6953593,37.4342577],[126.6952819,37.4342958],[126.6951419,37.4344116],[126.6951134,37.4345645],[126.6951665,37.4346326],[126.6952709,37.4347091],[126.695515,37.4347898],[126.6956597,37.4347961],[126.6956958,37.4349074],[126.6957988,37.4348929],[126.6958621,37.434884],[126.6960606,37.4348585],[126.6963373,37.4347762],[126.6963148,37.4347068],[126.6963667,37.434691],[126.6965075,37.4345961],[126.6965993,37.4345013],[126.6966195,37.4344068],[126.6965932,37.4343287],[126.696532,37.4342485],[126.6964311,37.4341912],[126.6962381,37.4341318],[126.6960394,37.4341147],[126.6958851,37.4341208],[126.6958473,37.4340423],[126.6957551,37.4340588],[126.6956958,37.4340694],[126.6955389,37.434112],[126.6954142,37.4341578],[126.6953309,37.4341986],[126.6953593,37.4342577]]]}},{"type":"Feature","id":554721939,"properties":{"osmId":554721939,"name":"","height":null,"heightTag":null,"building":"apartments","updatedAt":"2026-07-20T15:29:49Z"},"geometry":{"type":"Polygon","coordinates":[[[126.7210784,37.4572263],[126.7211257,37.4575732],[126.7212431,37.4575631],[126.7211847,37.4571346],[126.7204494,37.4571977],[126.7204605,37.4572794],[126.7210784,37.4572263]]]}},{"type":"Feature","id":554721940,"properties":{"osmId":554721940,"name":"","height":null,"heightTag":null,"building":"apartments","updatedAt":"2026-07-20T15:29:49Z"},"geometry":{"type":"Polygon","coordinates":[[[126.7209086,37.4577269],[126.7209603,37.4580693],[126.7210772,37.4580582],[126.7210134,37.4576367],[126.7203,37.4577046],[126.7203119,37.4577836],[126.7209086,37.4577269]]]}},{"type":"Feature","id":554721941,"properties":{"osmId":554721941,"name":"","height":null,"heightTag":null,"building":"apartments","updatedAt":"2026-07-20T15:29:49Z"},"geometry":{"type":"Polygon","coordinates":[[[126.7207581,37.4582413],[126.7208054,37.4585882],[126.7209228,37.4585781],[126.7208644,37.4581496],[126.7201291,37.4582128],[126.7201402,37.4582944],[126.7207581,37.4582413]]]}},{"type":"Feature","id":554721942,"properties":{"osmId":554721942,"name":"","height":null,"heightTag":null,"building":"apartments","updatedAt":"2026-07-20T15:29:49Z"},"geometry":{"type":"Polygon","coordinates":[[[126.7200476,37.4588446],[126.7207682,37.4587827],[126.7207557,37.4586913],[126.7200351,37.4587532],[126.7200476,37.4588446]]]}},{"type":"Feature","id":554721943,"properties":{"osmId":554721943,"name":"","height":null,"heightTag":null,"building":"apartments","updatedAt":"2026-07-20T15:29:49Z"},"geometry":{"type":"Polygon","coordinates":[[[126.7201093,37.4592385],[126.7201222,37.4593332],[126.720841,37.4592715],[126.7208281,37.4591768],[126.7201093,37.4592385]]]}},{"type":"Feature","id":558026274,"properties":{"osmId":558026274,"name":"3105","height":48,"heightTag":"48","building":"apartments","updatedAt":"2026-07-24T09:18:16Z"},"geometry":{"type":"Polygon","coordinates":[[[126.7115487,37.4569718],[126.7115297,37.4568647],[126.7118165,37.4568326],[126.7118203,37.4568539],[126.7121055,37.4568221],[126.7121095,37.4568449],[126.7123871,37.4568139],[126.7124058,37.4569196],[126.712142,37.456949],[126.7121385,37.4569293],[126.7118481,37.4569617],[126.711844,37.4569389],[126.7115487,37.4569718]]]}},{"type":"Feature","id":558026275,"properties":{"osmId":558026275,"name":"3104","height":56,"heightTag":"56","building":"apartments","updatedAt":"2026-07-24T09:18:16Z"},"geometry":{"type":"Polygon","coordinates":[[[126.712602,37.4570371],[126.7125997,37.4570067],[126.71258,37.4570076],[126.7125776,37.4569754],[126.7126019,37.4569743],[126.7126004,37.4569547],[126.712577,37.4569361],[126.7125481,37.4569385],[126.7125505,37.4569566],[126.7124889,37.4569617],[126.7124873,37.4569489],[126.7124396,37.4569528],[126.7124256,37.4568459],[126.7125443,37.456836],[126.7126187,37.456752],[126.7126531,37.4567713],[126.7126676,37.4567549],[126.7128188,37.4568393],[126.7127991,37.4568615],[126.7128245,37.4568756],[126.7127545,37.4569547],[126.7127602,37.4570295],[126.712602,37.4570371]]]}},{"type":"Feature","id":558026276,"properties":{"osmId":558026276,"name":"3103","height":65,"heightTag":"65","building":"apartments","updatedAt":"2026-07-24T09:18:16Z"},"geometry":{"type":"Polygon","coordinates":[[[126.7129221,37.4569316],[126.7129038,37.4568115],[126.7134554,37.4567584],[126.7134739,37.4568797],[126.713385,37.4568883],[126.7133878,37.4569069],[126.7133286,37.4569126],[126.7133255,37.4568918],[126.7131047,37.456913],[126.713108,37.4569343],[126.713057,37.4569392],[126.7130539,37.456919],[126.7129221,37.4569316]]]}},{"type":"Feature","id":558026277,"properties":{"osmId":558026277,"name":"3102","height":65,"heightTag":"65","building":"apartments","updatedAt":"2026-07-24T09:18:16Z"},"geometry":{"type":"Polygon","coordinates":[[[126.7136842,37.4569601],[126.7136819,37.4569297],[126.7136623,37.4569306],[126.7136598,37.4568985],[126.7136841,37.4568973],[126.7136826,37.4568777],[126.7136593,37.4568591],[126.7136304,37.4568615],[126.7136327,37.4568796],[126.7135712,37.4568847],[126.7135695,37.4568719],[126.7135219,37.4568758],[126.7135078,37.4567689],[126.7136266,37.456759],[126.7137009,37.4566751],[126.7137354,37.4566943],[126.7137498,37.456678],[126.713901,37.4567623],[126.7138813,37.4567845],[126.7139067,37.4567987],[126.7138367,37.4568777],[126.7138424,37.4569525],[126.7136842,37.4569601]]]}},{"type":"Feature","id":558026278,"properties":{"osmId":558026278,"name":"3101","height":65,"heightTag":"65","building":"apartments","updatedAt":"2026-07-24T09:18:16Z"},"geometry":{"type":"Polygon","coordinates":[[[126.7140285,37.4568404],[126.7140112,37.4567079],[126.7143829,37.4566773],[126.7144593,37.4565949],[126.7144853,37.4566101],[126.7145074,37.4565862],[126.7146375,37.4566623],[126.7146121,37.4566897],[126.7146383,37.4567049],[126.7145681,37.4567806],[126.7145795,37.4568711],[126.7144053,37.4568849],[126.7143958,37.4568095],[126.7142281,37.4568228],[126.7142306,37.4568426],[126.7141529,37.4568489],[126.7141505,37.4568304],[126.7140285,37.4568404]]]}},{"type":"Feature","id":558026279,"properties":{"osmId":558026279,"name":"","height":null,"heightTag":null,"building":"yes","updatedAt":"2026-04-02T07:42:49Z"},"geometry":{"type":"Polygon","coordinates":[[[126.7144161,37.4571803],[126.714675,37.4571686],[126.7146568,37.4569153],[126.7145748,37.456919],[126.7145623,37.456928],[126.7145548,37.4569409],[126.7145545,37.4569546],[126.7145151,37.4569541],[126.7145133,37.4570459],[126.7144474,37.4570451],[126.7144463,37.4571021],[126.7144247,37.4571018],[126.7144122,37.4571256],[126.7144161,37.4571803]]]}},{"type":"Feature","id":558026280,"properties":{"osmId":558026280,"name":"","height":null,"heightTag":null,"building":"yes","updatedAt":"2026-04-02T07:42:49Z"},"geometry":{"type":"Polygon","coordinates":[[[126.7142271,37.4571734],[126.7142613,37.4571711],[126.7142939,37.4571175],[126.7142887,37.4570593],[126.7142724,37.4570602],[126.7142678,37.4570087],[126.7141053,37.4570179],[126.7141087,37.4570559],[126.7141337,37.4570629],[126.7141362,37.4570837],[126.7141537,37.4570956],[126.7141591,37.4571479],[126.714224,37.4571437],[126.7142271,37.4571734]]]}},{"type":"Feature","id":589755855,"properties":{"osmId":589755855,"name":"106","height":85,"heightTag":"85","building":"apartments","updatedAt":"2026-07-22T10:13:43Z"},"geometry":{"type":"Polygon","coordinates":[[[126.7123617,37.443537],[126.7124459,37.4434758],[126.7124009,37.4434367],[126.7124969,37.443367],[126.7125536,37.4434162],[126.7125724,37.4434026],[126.7126536,37.4434732],[126.7127675,37.4433907],[126.712512,37.4431684],[126.7124312,37.4432269],[126.7124621,37.4432537],[126.7121959,37.4434465],[126.7122722,37.4435128],[126.7122844,37.4435039],[126.7123295,37.4435431],[126.7123447,37.4435321],[126.7123617,37.443537]]]}},{"type":"Feature","id":589755857,"properties":{"osmId":589755857,"name":"105","height":85,"heightTag":"85","building":"apartments","updatedAt":"2026-07-22T10:13:43Z"},"geometry":{"type":"Polygon","coordinates":[[[126.7125266,37.4441549],[126.7126108,37.4440937],[126.7125658,37.4440546],[126.7126618,37.4439849],[126.7127185,37.4440341],[126.7127373,37.4440205],[126.7128185,37.4440911],[126.7129324,37.4440085],[126.7126769,37.4437862],[126.7125961,37.4438448],[126.712627,37.4438716],[126.7123609,37.4440643],[126.7124371,37.4441307],[126.7124494,37.4441218],[126.7124944,37.444161],[126.7125096,37.44415],[126.7125266,37.4441549]]]}},{"type":"Feature","id":589755860,"properties":{"osmId":589755860,"name":"104","height":85,"heightTag":"85","building":"apartments","updatedAt":"2026-07-22T10:13:43Z"},"geometry":{"type":"Polygon","coordinates":[[[126.7126822,37.4448006],[126.7127664,37.4447395],[126.7127214,37.4447004],[126.7128174,37.4446307],[126.7128741,37.4446799],[126.7128929,37.4446663],[126.7129741,37.4447369],[126.713088,37.4446543],[126.7128325,37.444432],[126.7127517,37.4444906],[126.7127826,37.4445174],[126.7125165,37.4447101],[126.7125927,37.4447765],[126.712605,37.4447676],[126.71265,37.4448068],[126.7126652,37.4447958],[126.7126822,37.4448006]]]}},{"type":"Feature","id":589755864,"properties":{"osmId":589755864,"name":"103","height":84,"heightTag":"84","building":"apartments","updatedAt":"2026-07-22T10:13:43Z"},"geometry":{"type":"Polygon","coordinates":[[[126.7128455,37.4454342],[126.7129297,37.445373],[126.7128847,37.4453339],[126.7129807,37.4452642],[126.7130374,37.4453134],[126.7130562,37.4452998],[126.7131374,37.4453704],[126.7132513,37.4452879],[126.7129958,37.4450656],[126.712915,37.4451241],[126.7129459,37.445151],[126.7126798,37.4453437],[126.712756,37.44541],[126.7127683,37.4454012],[126.7128133,37.4454404],[126.7128285,37.4454293],[126.7128455,37.4454342]]]}},{"type":"Feature","id":589755866,"properties":{"osmId":589755866,"name":"102","height":84,"heightTag":"84","building":"apartments","updatedAt":"2026-07-22T10:13:43Z"},"geometry":{"type":"Polygon","coordinates":[[[126.7137744,37.4454061],[126.7138587,37.4453449],[126.7138136,37.4453058],[126.7139097,37.4452361],[126.7139664,37.4452853],[126.7139852,37.4452717],[126.7140664,37.4453423],[126.7141803,37.4452597],[126.7139247,37.4450375],[126.713844,37.445096],[126.7138748,37.4451228],[126.7136087,37.4453156],[126.7136849,37.4453819],[126.7136972,37.445373],[126.7137422,37.4454122],[126.7137575,37.4454012],[126.7137744,37.4454061]]]}},{"type":"Feature","id":589755869,"properties":{"osmId":589755869,"name":"101","height":85,"heightTag":"85","building":"apartments","updatedAt":"2026-07-22T10:13:43Z"},"geometry":{"type":"Polygon","coordinates":[[[126.7141473,37.444494],[126.7141112,37.4445205],[126.714088,37.4445006],[126.7140176,37.4445522],[126.713906,37.4444563],[126.7140763,37.4443314],[126.7141886,37.4444278],[126.7145611,37.4444258],[126.7145618,37.4445112],[126.714497,37.4445115],[126.7144972,37.444526],[126.7143424,37.4445267],[126.7143423,37.4445154],[126.7143065,37.4445155],[126.7143065,37.4445242],[126.7141839,37.4445246],[126.7141838,37.4444939],[126.7141473,37.444494]]]}},{"type":"Feature","id":589755876,"properties":{"osmId":589755876,"name":"","height":null,"heightTag":null,"building":"yes","updatedAt":"2026-04-02T07:42:49Z"},"geometry":{"type":"Polygon","coordinates":[[[126.7144206,37.4439944],[126.7144219,37.4438795],[126.7143853,37.4438792],[126.7143863,37.4437957],[126.7145445,37.4437969],[126.7145422,37.4439953],[126.7144206,37.4439944]]]}},{"type":"Feature","id":589755878,"properties":{"osmId":589755878,"name":"107","height":85,"heightTag":"85","building":"apartments","updatedAt":"2026-07-22T10:13:43Z"},"geometry":{"type":"Polygon","coordinates":[[[126.7137037,37.4434066],[126.7136676,37.4434331],[126.7136444,37.4434132],[126.713574,37.4434648],[126.7134624,37.4433689],[126.7136327,37.443244],[126.713745,37.4433404],[126.7141175,37.4433384],[126.7141182,37.4434238],[126.7140535,37.4434242],[126.7140536,37.4434386],[126.7138988,37.4434393],[126.7138987,37.443428],[126.7138629,37.4434281],[126.7138629,37.4434368],[126.7137403,37.4434372],[126.7137402,37.4434065],[126.7137037,37.4434066]]]}},{"type":"Feature","id":589755881,"properties":{"osmId":589755881,"name":"","height":null,"heightTag":null,"building":"yes","updatedAt":"2026-04-02T07:42:49Z"},"geometry":{"type":"Polygon","coordinates":[[[126.7142049,37.4437421],[126.7142037,37.4435385],[126.7146112,37.443537],[126.7146124,37.4437406],[126.7142049,37.4437421]]]}},{"type":"Feature","id":589755883,"properties":{"osmId":589755883,"name":"","height":null,"heightTag":null,"building":"yes","updatedAt":"2026-04-02T07:42:49Z"},"geometry":{"type":"Polygon","coordinates":[[[126.7142205,37.44343],[126.7142196,37.4432747],[126.7145084,37.4432736],[126.7145094,37.4434289],[126.7142205,37.44343]]]}},{"type":"Feature","id":589755884,"properties":{"osmId":589755884,"name":"","height":null,"heightTag":null,"building":"yes","updatedAt":"2026-04-02T07:42:49Z"},"geometry":{"type":"Polygon","coordinates":[[[126.7142071,37.4432401],[126.7142082,37.4430506],[126.7145351,37.4430518],[126.714606,37.4431191],[126.7146054,37.4432018],[126.7144842,37.4432012],[126.7144841,37.4432145],[126.7142999,37.4432138],[126.7142998,37.4432405],[126.7142071,37.4432401]]]}},{"type":"Feature","id":589757532,"properties":{"osmId":589757532,"name":"","height":null,"heightTag":null,"building":"school","updatedAt":"2026-04-02T07:42:49Z"},"geometry":{"type":"Polygon","coordinates":[[[126.7153748,37.4421159],[126.7150213,37.4421114],[126.7150269,37.4418394],[126.7153494,37.4418436],[126.7153848,37.4418742],[126.7155074,37.4418764],[126.71551,37.4417869],[126.7154212,37.4417853],[126.7154224,37.4417416],[126.7152109,37.4417378],[126.7152143,37.4416137],[126.7160671,37.4416286],[126.7160627,37.4417889],[126.7159729,37.4417874],[126.7159737,37.4417575],[126.7159096,37.4417566],[126.7159088,37.441794],[126.7157227,37.4417916],[126.7157233,37.4417618],[126.7156393,37.4417609],[126.7156367,37.4419288],[126.7157679,37.4419301],[126.7158242,37.4419293],[126.715878,37.4419274],[126.7160057,37.4419207],[126.7160811,37.4419549],[126.7161129,37.4419553],[126.7161105,37.4420699],[126.7160917,37.4420697],[126.716091,37.442101],[126.7159096,37.4420985],[126.71591,37.4420824],[126.7158511,37.4420815],[126.7158506,37.4421057],[126.7156423,37.4421027],[126.7156429,37.4420778],[126.7155581,37.4420766],[126.7155575,37.4421017],[126.7154424,37.4421],[126.7154432,37.4420663],[126.715376,37.4420653],[126.7153748,37.4421159]]]}},{"type":"Feature","id":589757537,"properties":{"osmId":589757537,"name":"","height":null,"heightTag":null,"building":"yes","updatedAt":"2026-04-02T07:42:49Z"},"geometry":{"type":"Polygon","coordinates":[[[126.7154414,37.4427796],[126.7149719,37.4427773],[126.7149244,37.4427336],[126.7149279,37.442292],[126.7154451,37.4422946],[126.7154414,37.4427796]]]}},{"type":"Feature","id":589762501,"properties":{"osmId":589762501,"name":"","height":null,"heightTag":null,"building":"retail","updatedAt":"2026-04-02T07:42:49Z"},"geometry":{"type":"Polygon","coordinates":[[[126.7083067,37.4427171],[126.7083049,37.4424659],[126.7086295,37.4424645],[126.7086312,37.4427157],[126.7083067,37.4427171]]]}},{"type":"Feature","id":589762502,"properties":{"osmId":589762502,"name":"","height":null,"heightTag":null,"building":"retail","updatedAt":"2026-04-02T07:42:49Z"},"geometry":{"type":"Polygon","coordinates":[[[126.7083356,37.4432114],[126.7083006,37.4430241],[126.7085901,37.4430037],[126.7085831,37.4431669],[126.708464,37.4431743],[126.7084663,37.4432058],[126.7083356,37.4432114]]]}},{"type":"Feature","id":589762503,"properties":{"osmId":589762503,"name":"","height":null,"heightTag":null,"building":"retail","updatedAt":"2026-04-02T07:42:49Z"},"geometry":{"type":"Polygon","coordinates":[[[126.7086648,37.4431525],[126.7086536,37.4430014],[126.7090781,37.4429815],[126.7091061,37.4430019],[126.7091158,37.4431314],[126.7086648,37.4431525]]]}},{"type":"Feature","id":589762504,"properties":{"osmId":589762504,"name":"","height":null,"heightTag":null,"building":"retail","updatedAt":"2026-04-02T07:42:49Z"},"geometry":{"type":"Polygon","coordinates":[[[126.7073511,37.4433176],[126.7073329,37.4431124],[126.7080718,37.443071],[126.7080893,37.4432686],[126.7079215,37.443278],[126.7079243,37.4433097],[126.707518,37.4433324],[126.7075159,37.4433084],[126.7073511,37.4433176]]]}},{"type":"Feature","id":589762511,"properties":{"osmId":589762511,"name":"","height":null,"heightTag":null,"building":"retail","updatedAt":"2026-04-02T07:42:49Z"},"geometry":{"type":"Polygon","coordinates":[[[126.7092453,37.4431353],[126.7092405,37.4429466],[126.70941,37.4429439],[126.7094148,37.4431326],[126.7092453,37.4431353]]]}},{"type":"Feature","id":589762512,"properties":{"osmId":589762512,"name":"","height":null,"heightTag":null,"building":"retail","updatedAt":"2026-04-02T07:42:49Z"},"geometry":{"type":"Polygon","coordinates":[[[126.7094462,37.4430906],[126.70944,37.4429654],[126.7096089,37.4429601],[126.7096163,37.4431067],[126.7095597,37.4431084],[126.7095587,37.4430871],[126.7094462,37.4430906]]]}},{"type":"Feature","id":589762513,"properties":{"osmId":589762513,"name":"","height":null,"heightTag":null,"building":"retail","updatedAt":"2026-04-02T07:42:49Z"},"geometry":{"type":"Polygon","coordinates":[[[126.7096358,37.4430835],[126.7096384,37.4429524],[126.7097197,37.4429524],[126.7097647,37.4429633],[126.709796,37.4429782],[126.7098298,37.4430011],[126.7098611,37.4430249],[126.7098886,37.4430547],[126.7099036,37.4430835],[126.7099086,37.4431074],[126.7097034,37.4431163],[126.7096997,37.4430815],[126.7096358,37.4430835]]]}},{"type":"Feature","id":589762514,"properties":{"osmId":589762514,"name":"","height":null,"heightTag":null,"building":"retail","updatedAt":"2026-04-02T07:42:49Z"},"geometry":{"type":"Polygon","coordinates":[[[126.7084471,37.4422659],[126.7083996,37.4422311],[126.7084083,37.4417692],[126.7088075,37.4417771],[126.708795,37.4422699],[126.7084471,37.4422659]]]}},{"type":"Feature","id":589762515,"properties":{"osmId":589762515,"name":"","height":null,"heightTag":null,"building":"retail","updatedAt":"2026-04-02T07:42:49Z"},"geometry":{"type":"Polygon","coordinates":[[[126.7091789,37.4422709],[126.7090257,37.4422707],[126.7089971,37.4422466],[126.7089974,37.4420778],[126.7091792,37.442078],[126.7091789,37.4422709]]]}},{"type":"Feature","id":589762516,"properties":{"osmId":589762516,"name":"","height":null,"heightTag":null,"building":"retail","updatedAt":"2026-04-02T07:42:49Z"},"geometry":{"type":"Polygon","coordinates":[[[126.709256,37.4422803],[126.7092592,37.4420751],[126.7094433,37.4420769],[126.7094406,37.44225],[126.7094081,37.4422818],[126.709256,37.4422803]]]}},{"type":"Feature","id":590340763,"properties":{"osmId":590340763,"name":"","height":null,"heightTag":null,"building":"yes","updatedAt":"2026-04-02T07:42:49Z"},"geometry":{"type":"Polygon","coordinates":[[[126.709782,37.4424021],[126.7099199,37.4424037],[126.7099276,37.4419883],[126.7096366,37.4419849],[126.7096336,37.4421428],[126.7096734,37.4421433],[126.7096697,37.442342],[126.7097831,37.4423433],[126.709782,37.4424021]]]}},{"type":"Feature","id":590340765,"properties":{"osmId":590340765,"name":"","height":null,"heightTag":null,"building":"yes","updatedAt":"2026-04-02T07:42:49Z"},"geometry":{"type":"Polygon","coordinates":[[[126.7096239,37.4419497],[126.7096262,37.4417642],[126.709927,37.4417666],[126.7099247,37.441952],[126.7096239,37.4419497]]]}},{"type":"Feature","id":590340767,"properties":{"osmId":590340767,"name":"","height":null,"heightTag":null,"building":"yes","updatedAt":"2026-04-02T07:42:49Z"},"geometry":{"type":"Polygon","coordinates":[[[126.7096214,37.4416018],[126.7096225,37.4414311],[126.7099127,37.4414323],[126.7099116,37.441603],[126.7096214,37.4416018]]]}},{"type":"Feature","id":590340770,"properties":{"osmId":590340770,"name":"","height":null,"heightTag":null,"building":"yes","updatedAt":"2026-04-02T07:42:49Z"},"geometry":{"type":"Polygon","coordinates":[[[126.7096229,37.4414109],[126.7096242,37.4411907],[126.7096737,37.44115],[126.7099274,37.4411509],[126.7099258,37.441412],[126.7096229,37.4414109]]]}},{"type":"Feature","id":590340772,"properties":{"osmId":590340772,"name":"","height":null,"heightTag":null,"building":"yes","updatedAt":"2026-04-02T07:42:49Z"},"geometry":{"type":"Polygon","coordinates":[[[126.7092538,37.4420356],[126.7092564,37.4417959],[126.7094637,37.4417974],[126.709461,37.442037],[126.7092538,37.4420356]]]}},{"type":"Feature","id":590340774,"properties":{"osmId":590340774,"name":"","height":null,"heightTag":null,"building":"yes","updatedAt":"2026-04-02T07:42:49Z"},"geometry":{"type":"Polygon","coordinates":[[[126.7089885,37.4420338],[126.7089912,37.4417942],[126.7091985,37.4417956],[126.7091958,37.4420352],[126.7089885,37.4420338]]]}},{"type":"Feature","id":590340776,"properties":{"osmId":590340776,"name":"","height":null,"heightTag":null,"building":"yes","updatedAt":"2026-04-02T07:42:49Z"},"geometry":{"type":"Polygon","coordinates":[[[126.7092671,37.4416768],[126.7092687,37.4414447],[126.7094671,37.4414456],[126.7094655,37.4416777],[126.7092671,37.4416768]]]}},{"type":"Feature","id":590340778,"properties":{"osmId":590340778,"name":"","height":null,"heightTag":null,"building":"yes","updatedAt":"2026-04-02T07:42:49Z"},"geometry":{"type":"Polygon","coordinates":[[[126.7089975,37.4416779],[126.7089991,37.4414458],[126.7091976,37.4414466],[126.709196,37.4416787],[126.7089975,37.4416779]]]}},{"type":"Feature","id":590340780,"properties":{"osmId":590340780,"name":"","height":null,"heightTag":null,"building":"yes","updatedAt":"2026-04-02T07:42:49Z"},"geometry":{"type":"Polygon","coordinates":[[[126.708983,37.441403],[126.7089849,37.4412023],[126.7090493,37.4411534],[126.709185,37.4411542],[126.7091827,37.4414041],[126.708983,37.441403]]]}},{"type":"Feature","id":590340782,"properties":{"osmId":590340782,"name":"","height":null,"heightTag":null,"building":"yes","updatedAt":"2026-04-02T07:42:49Z"},"geometry":{"type":"Polygon","coordinates":[[[126.7092783,37.4413944],[126.7092845,37.4411593],[126.7094334,37.4411618],[126.7094734,37.4411973],[126.7094684,37.4413874],[126.7093215,37.4413849],[126.7093212,37.4413951],[126.7092783,37.4413944]]]}},{"type":"Feature","id":590340784,"properties":{"osmId":590340784,"name":"","height":null,"heightTag":null,"building":"yes","updatedAt":"2026-04-02T07:42:49Z"},"geometry":{"type":"Polygon","coordinates":[[[126.7094719,37.441018],[126.7094729,37.4408125],[126.7097959,37.4408135],[126.709796,37.4407933],[126.7099206,37.4407937],[126.7099196,37.4409947],[126.7098767,37.4410192],[126.7094719,37.441018]]]}},{"type":"Feature","id":590340786,"properties":{"osmId":590340786,"name":"","height":44,"heightTag":"44","building":"yes","updatedAt":"2026-07-22T10:30:39Z"},"geometry":{"type":"Polygon","coordinates":[[[126.7107709,37.4425784],[126.7104157,37.4425856],[126.7103649,37.4425776],[126.7103242,37.4425566],[126.7102836,37.4425211],[126.7102673,37.442492],[126.7102658,37.441771],[126.7107656,37.4417704],[126.710766,37.4419761],[126.710486,37.4419764],[126.7104869,37.4424065],[126.7105031,37.4424291],[126.7107658,37.4424237],[126.7107709,37.4425784]]]}},{"type":"Feature","id":590345235,"properties":{"osmId":590345235,"name":"","height":null,"heightTag":null,"building":"yes","updatedAt":"2026-04-02T07:42:49Z"},"geometry":{"type":"Polygon","coordinates":[[[126.7141356,37.4427604],[126.714133,37.4425714],[126.7138109,37.4425742],[126.7138131,37.4427302],[126.7137289,37.4427309],[126.7137296,37.4427792],[126.7141197,37.4427758],[126.7141356,37.4427604]]]}},{"type":"Feature","id":590345236,"properties":{"osmId":590345236,"name":"","height":null,"heightTag":null,"building":"yes","updatedAt":"2026-04-02T07:42:49Z"},"geometry":{"type":"Polygon","coordinates":[[[126.7141879,37.4427737],[126.714187,37.4425693],[126.7143823,37.4425688],[126.7143826,37.4426457],[126.7144111,37.4426457],[126.7144117,37.442773],[126.7141879,37.4427737]]]}},{"type":"Feature","id":590345237,"properties":{"osmId":590345237,"name":"","height":null,"heightTag":null,"building":"yes","updatedAt":"2026-04-02T07:42:49Z"},"geometry":{"type":"Polygon","coordinates":[[[126.7144352,37.442767],[126.7144344,37.4426927],[126.7144765,37.4426924],[126.7144748,37.4425352],[126.7146152,37.4425342],[126.7146276,37.442551],[126.7146347,37.4427196],[126.7145763,37.442766],[126.7144352,37.442767]]]}},{"type":"Feature","id":590345243,"properties":{"osmId":590345243,"name":"","height":null,"heightTag":null,"building":"yes","updatedAt":"2026-04-02T07:42:49Z"},"geometry":{"type":"Polygon","coordinates":[[[126.7150854,37.4432443],[126.7149657,37.4432452],[126.7149354,37.443228],[126.7149348,37.4431043],[126.7149844,37.4430565],[126.715121,37.443057],[126.7151257,37.4430598],[126.7151268,37.4431533],[126.7151139,37.4431534],[126.7151145,37.4432033],[126.7150849,37.4432035],[126.7150854,37.4432443]]]}},{"type":"Feature","id":590345244,"properties":{"osmId":590345244,"name":"","height":null,"heightTag":null,"building":"yes","updatedAt":"2026-04-02T07:42:49Z"},"geometry":{"type":"Polygon","coordinates":[[[126.7151348,37.4432143],[126.7151361,37.4430583],[126.7153217,37.4430594],[126.7153204,37.4432153],[126.7151348,37.4432143]]]}},{"type":"Feature","id":590345245,"properties":{"osmId":590345245,"name":"","height":null,"heightTag":null,"building":"yes","updatedAt":"2026-04-02T07:42:49Z"},"geometry":{"type":"Polygon","coordinates":[[[126.715356,37.4432379],[126.7156761,37.4432391],[126.7156972,37.443228],[126.7157012,37.4430737],[126.7156796,37.4430612],[126.7153571,37.44306],[126.715356,37.4432379]]]}},{"type":"Feature","id":590345246,"properties":{"osmId":590345246,"name":"","height":null,"heightTag":null,"building":"yes","updatedAt":"2026-04-02T07:42:49Z"},"geometry":{"type":"Polygon","coordinates":[[[126.7166141,37.4432367],[126.716614,37.443205],[126.7165205,37.4432052],[126.71652,37.4430455],[126.7167137,37.4430451],[126.7167452,37.4430641],[126.7167476,37.4432066],[126.7167029,37.4432365],[126.7166141,37.4432367]]]}},{"type":"Feature","id":590380150,"properties":{"osmId":590380150,"name":"","height":null,"heightTag":null,"building":"yes","updatedAt":"2026-04-02T07:42:49Z"},"geometry":{"type":"Polygon","coordinates":[[[126.7156236,37.4472081],[126.715623,37.4471502],[126.7155704,37.4471506],[126.7155694,37.4470523],[126.7157712,37.447051],[126.7158076,37.4470508],[126.7158086,37.4471453],[126.7157507,37.4471457],[126.7157513,37.4472073],[126.7156236,37.4472081]]]}},{"type":"Feature","id":590380152,"properties":{"osmId":590380152,"name":"","height":null,"heightTag":null,"building":"kindergarten","updatedAt":"2026-04-02T07:42:49Z"},"geometry":{"type":"Polygon","coordinates":[[[126.7155901,37.4427572],[126.7155905,37.4424733],[126.7158076,37.4424735],[126.7158074,37.4426142],[126.7161133,37.4426144],[126.7161131,37.4427576],[126.7155901,37.4427572]]]}},{"type":"Feature","id":590380154,"properties":{"osmId":590380154,"name":"507","height":84,"heightTag":"84","building":"apartments","updatedAt":"2026-07-22T10:20:22Z"},"geometry":{"type":"Polygon","coordinates":[[[126.7156212,37.4444932],[126.7158465,37.4443201],[126.7159892,37.4444372],[126.7158714,37.4445277],[126.7159289,37.4445748],[126.7158585,37.4446289],[126.7158343,37.4446091],[126.7158157,37.4446234],[126.7157546,37.4445733],[126.7157362,37.4445875],[126.7156212,37.4444932]]]}},{"type":"Feature","id":590380155,"properties":{"osmId":590380155,"name":"506","height":84,"heightTag":"84","building":"apartments","updatedAt":"2026-07-22T10:20:22Z"},"geometry":{"type":"Polygon","coordinates":[[[126.7163786,37.4444954],[126.7166038,37.4443223],[126.7167465,37.4444393],[126.7166287,37.4445299],[126.7166862,37.444577],[126.7166158,37.4446311],[126.7165917,37.4446113],[126.716573,37.4446256],[126.716512,37.4445755],[126.7164935,37.4445897],[126.7163786,37.4444954]]]}},{"type":"Feature","id":590380156,"properties":{"osmId":590380156,"name":"501","height":78,"heightTag":"78","building":"apartments","updatedAt":"2026-07-22T10:20:22Z"},"geometry":{"type":"Polygon","coordinates":[[[126.7151337,37.4437472],[126.715359,37.4435741],[126.7155017,37.4436911],[126.7153839,37.4437817],[126.7154414,37.4438288],[126.715371,37.4438829],[126.7153468,37.4438631],[126.7153282,37.4438774],[126.7152671,37.4438273],[126.7152487,37.4438415],[126.7151337,37.4437472]]]}},{"type":"Feature","id":590380157,"properties":{"osmId":590380157,"name":"502","height":78,"heightTag":"78","building":"apartments","updatedAt":"2026-07-22T10:20:22Z"},"geometry":{"type":"Polygon","coordinates":[[[126.7156947,37.44375],[126.7159199,37.4435769],[126.7160627,37.443694],[126.7159449,37.4437845],[126.7160023,37.4438316],[126.7159319,37.4438857],[126.7159078,37.4438659],[126.7158892,37.4438802],[126.7158281,37.4438301],[126.7158097,37.4438443],[126.7156947,37.44375]]]}},{"type":"Feature","id":590380158,"properties":{"osmId":590380158,"name":"503","height":78,"heightTag":"78","building":"apartments","updatedAt":"2026-07-22T10:20:22Z"},"geometry":{"type":"Polygon","coordinates":[[[126.7163813,37.443743],[126.7166065,37.4435699],[126.7167493,37.4436869],[126.7166315,37.4437775],[126.7166889,37.4438246],[126.7166185,37.4438787],[126.7165944,37.4438589],[126.7165758,37.4438732],[126.7165147,37.4438231],[126.7164963,37.4438373],[126.7163813,37.443743]]]}},{"type":"Feature","id":590380159,"properties":{"osmId":590380159,"name":"504","height":84,"heightTag":"84","building":"apartments","updatedAt":"2026-07-22T10:20:22Z"},"geometry":{"type":"Polygon","coordinates":[[[126.7170771,37.4438851],[126.7172296,37.4438383],[126.7172123,37.4437915],[126.7172784,37.4437721],[126.7173485,37.4437979],[126.7173241,37.4438342],[126.7174643,37.4438859],[126.7175426,37.4437753],[126.7175263,37.4437697],[126.7175335,37.44376],[126.7173119,37.4436785],[126.7172966,37.4437011],[126.7172448,37.4437003],[126.7172347,37.4436745],[126.7170161,37.4437511],[126.7170232,37.443764],[126.71701,37.4437705],[126.7170771,37.4438851]]]}},{"type":"Feature","id":590380160,"properties":{"osmId":590380160,"name":"505","height":84,"heightTag":"84","building":"apartments","updatedAt":"2026-07-22T10:20:22Z"},"geometry":{"type":"Polygon","coordinates":[[[126.7171575,37.4446869],[126.7173099,37.4446401],[126.7172926,37.4445933],[126.7173587,37.4445739],[126.7174288,37.4445997],[126.7174044,37.444636],[126.7175447,37.4446877],[126.717623,37.4445771],[126.7176067,37.4445715],[126.7176138,37.4445618],[126.7173922,37.4444803],[126.717377,37.4445029],[126.7173252,37.4445021],[126.717315,37.4444762],[126.7170965,37.4445529],[126.7171036,37.4445658],[126.7170904,37.4445723],[126.7171575,37.4446869]]]}},{"type":"Feature","id":590380162,"properties":{"osmId":590380162,"name":"","height":null,"heightTag":null,"building":"yes","updatedAt":"2026-04-02T07:42:49Z"},"geometry":{"type":"Polygon","coordinates":[[[126.7149541,37.4440272],[126.7149475,37.4438307],[126.7150602,37.4438283],[126.7150651,37.443973],[126.7151216,37.4439718],[126.7151233,37.4440236],[126.7149541,37.4440272]]]}},{"type":"Feature","id":590380167,"properties":{"osmId":590380167,"name":"","height":null,"heightTag":null,"building":"yes","updatedAt":"2026-04-02T07:42:49Z"},"geometry":{"type":"Polygon","coordinates":[[[126.7165222,37.4442418],[126.7165374,37.4442084],[126.7165467,37.4441769],[126.7165549,37.4441417],[126.7165549,37.4441241],[126.7165899,37.4441231],[126.7165922,37.4440471],[126.7169763,37.4440453],[126.716988,37.4440573],[126.7170067,37.4441259],[126.7169997,37.4441389],[126.7167884,37.4441815],[126.716751,37.4441815],[126.7167464,37.4442214],[126.7166868,37.4442186],[126.7166693,37.4442195],[126.7166565,37.444239],[126.7166436,37.4442631],[126.7166319,37.444264],[126.7165712,37.4442307],[126.7165584,37.444251],[126.7165525,37.4442585],[126.7165222,37.4442418]]]}},{"type":"Feature","id":592137256,"properties":{"osmId":592137256,"name":"","height":null,"heightTag":null,"building":"yes","updatedAt":"2026-04-02T07:42:49Z"},"geometry":{"type":"Polygon","coordinates":[[[126.7070659,37.4431639],[126.7070654,37.4431557],[126.7069694,37.4431594],[126.7069648,37.4430856],[126.7070956,37.4430804],[126.7071348,37.4431047],[126.7071384,37.443161],[126.7070659,37.4431639]]]}},{"type":"Feature","id":592137257,"properties":{"osmId":592137257,"name":"","height":null,"heightTag":null,"building":"yes","updatedAt":"2026-04-02T07:42:49Z"},"geometry":{"type":"Polygon","coordinates":[[[126.7073132,37.4435075],[126.7073042,37.4434391],[126.707717,37.4434047],[126.7077261,37.4434732],[126.7073132,37.4435075]]]}},{"type":"Feature","id":592137258,"properties":{"osmId":592137258,"name":"","height":null,"heightTag":null,"building":"yes","updatedAt":"2026-04-02T07:42:49Z"},"geometry":{"type":"Polygon","coordinates":[[[126.7070256,37.4433887],[126.7070043,37.4431966],[126.7071104,37.4431892],[126.7071226,37.4432037],[126.7071422,37.4433805],[126.7070256,37.4433887]]]}},{"type":"Feature","id":592137259,"properties":{"osmId":592137259,"name":"","height":null,"heightTag":null,"building":"yes","updatedAt":"2026-04-02T07:42:49Z"},"geometry":{"type":"Polygon","coordinates":[[[126.7070533,37.4436434],[126.7070308,37.443417],[126.7071687,37.4434084],[126.7071849,37.443572],[126.7071501,37.4435742],[126.7071563,37.4436369],[126.7070533,37.4436434]]]}},{"type":"Feature","id":592137260,"properties":{"osmId":592137260,"name":"","height":null,"heightTag":null,"building":"yes","updatedAt":"2026-04-02T07:42:49Z"},"geometry":{"type":"Polygon","coordinates":[[[126.7071079,37.4439626],[126.7070706,37.4436577],[126.7071896,37.4436485],[126.7072268,37.4439535],[126.7071079,37.4439626]]]}},{"type":"Feature","id":592137261,"properties":{"osmId":592137261,"name":"","height":null,"heightTag":null,"building":"yes","updatedAt":"2026-04-02T07:42:49Z"},"geometry":{"type":"Polygon","coordinates":[[[126.7073167,37.4437017],[126.7073019,37.4435863],[126.7073915,37.4435791],[126.7074063,37.4436945],[126.7073167,37.4437017]]]}},{"type":"Feature","id":592137262,"properties":{"osmId":592137262,"name":"","height":null,"heightTag":null,"building":"yes","updatedAt":"2026-04-02T07:42:49Z"},"geometry":{"type":"Polygon","coordinates":[[[126.7074367,37.4436922],[126.707422,37.4435768],[126.7075116,37.4435696],[126.7075263,37.443685],[126.7074367,37.4436922]]]}},{"type":"Feature","id":592137263,"properties":{"osmId":592137263,"name":"","height":null,"heightTag":null,"building":"yes","updatedAt":"2026-04-02T07:42:49Z"},"geometry":{"type":"Polygon","coordinates":[[[126.7074628,37.4438477],[126.7074481,37.4437322],[126.7075377,37.443725],[126.7075524,37.4438405],[126.7074628,37.4438477]]]}},{"type":"Feature","id":592137264,"properties":{"osmId":592137264,"name":"","height":null,"heightTag":null,"building":"yes","updatedAt":"2026-04-02T07:42:49Z"},"geometry":{"type":"Polygon","coordinates":[[[126.7073435,37.4438567],[126.7073287,37.4437413],[126.7074183,37.4437341],[126.7074331,37.4438495],[126.7073435,37.4438567]]]}},{"type":"Feature","id":592137265,"properties":{"osmId":592137265,"name":"","height":null,"heightTag":null,"building":"yes","updatedAt":"2026-04-02T07:42:49Z"},"geometry":{"type":"Polygon","coordinates":[[[126.7075751,37.4436326],[126.7075676,37.4435713],[126.7077452,37.4435575],[126.7077527,37.4436188],[126.7075751,37.4436326]]]}},{"type":"Feature","id":592137266,"properties":{"osmId":592137266,"name":"","height":null,"heightTag":null,"building":"yes","updatedAt":"2026-04-02T07:42:49Z"},"geometry":{"type":"Polygon","coordinates":[[[126.7075543,37.4437236],[126.7075478,37.4436527],[126.7076117,37.443649],[126.7076125,37.4436578],[126.7076575,37.4436552],[126.7076587,37.443669],[126.70771,37.4436661],[126.7077144,37.4437144],[126.7075543,37.4437236]]]}},{"type":"Feature","id":592137267,"properties":{"osmId":592137267,"name":"","height":null,"heightTag":null,"building":"yes","updatedAt":"2026-04-02T07:42:49Z"},"geometry":{"type":"Polygon","coordinates":[[[126.7075835,37.443814],[126.7075793,37.4437813],[126.7075763,37.4437574],[126.7077538,37.4437433],[126.7077609,37.4438],[126.7075835,37.443814]]]}},{"type":"Feature","id":592137268,"properties":{"osmId":592137268,"name":"","height":null,"heightTag":null,"building":"yes","updatedAt":"2026-04-02T07:42:49Z"},"geometry":{"type":"Polygon","coordinates":[[[126.7074084,37.4439349],[126.7073588,37.443912],[126.7073557,37.4438913],[126.7075423,37.4438739],[126.7075494,37.4439217],[126.7074084,37.4439349]]]}},{"type":"Feature","id":592137269,"properties":{"osmId":592137269,"name":"","height":null,"heightTag":null,"building":"yes","updatedAt":"2026-04-02T07:42:49Z"},"geometry":{"type":"Polygon","coordinates":[[[126.7076081,37.4439144],[126.7076009,37.4438592],[126.7077936,37.4438434],[126.7077973,37.4438721],[126.7077678,37.4439014],[126.7076081,37.4439144]]]}},{"type":"Feature","id":592137270,"properties":{"osmId":592137270,"name":"","height":null,"heightTag":null,"building":"yes","updatedAt":"2018-05-30T16:23:42Z"},"geometry":{"type":"Polygon","coordinates":[[[126.707128,37.4441021],[126.707121,37.4440471],[126.7071643,37.4440436],[126.7071713,37.4440987],[126.707128,37.4441021]]]}},{"type":"Feature","id":592137271,"properties":{"osmId":592137271,"name":"","height":null,"heightTag":null,"building":"yes","updatedAt":"2018-05-30T16:23:42Z"},"geometry":{"type":"Polygon","coordinates":[[[126.707145,37.4442382],[126.7071288,37.4441153],[126.7073126,37.4441],[126.7073289,37.4442229],[126.707145,37.4442382]]]}},{"type":"Feature","id":592137272,"properties":{"osmId":592137272,"name":"604","height":84,"heightTag":"84","building":"apartments","updatedAt":"2026-07-22T10:22:14Z"},"geometry":{"type":"Polygon","coordinates":[[[126.7122433,37.4424328],[126.7122933,37.4423676],[126.7122427,37.4423431],[126.7122737,37.4423027],[126.7122997,37.4423031],[126.7122992,37.4423278],[126.712365,37.4423287],[126.7123656,37.4423011],[126.7123954,37.4423015],[126.7124342,37.4423553],[126.7124038,37.4423691],[126.7123895,37.4423493],[126.7123617,37.4423619],[126.712413,37.442433],[126.712567,37.442363],[126.7124354,37.4421806],[126.7123523,37.4422183],[126.7123261,37.4422208],[126.7122211,37.44217],[126.71208,37.4423537],[126.7122433,37.4424328]]]}},{"type":"Feature","id":592137273,"properties":{"osmId":592137273,"name":"605","height":81,"heightTag":"81","building":"apartments","updatedAt":"2026-07-22T10:22:14Z"},"geometry":{"type":"Polygon","coordinates":[[[126.712717,37.4416187],[126.7126317,37.4415458],[126.712906,37.4413435],[126.7130655,37.4414797],[126.7130033,37.4415256],[126.7129623,37.4414905],[126.7129471,37.4415017],[126.7129194,37.4414781],[126.7128974,37.4414943],[126.7128662,37.4414676],[126.71281,37.441509],[126.7128515,37.4415445],[126.7127849,37.4415936],[126.7127692,37.4415802],[126.712717,37.4416187]]]}},{"type":"Feature","id":592137274,"properties":{"osmId":592137274,"name":"603","height":84,"heightTag":"84","building":"apartments","updatedAt":"2026-07-22T10:22:14Z"},"geometry":{"type":"Polygon","coordinates":[[[126.7130141,37.4424922],[126.7129279,37.4424182],[126.7132201,37.4422038],[126.7133806,37.4423417],[126.7133173,37.4423881],[126.7132763,37.4423528],[126.7132611,37.442364],[126.7132335,37.4423402],[126.7132115,37.4423563],[126.7131802,37.4423295],[126.7131238,37.4423709],[126.713165,37.4424064],[126.713099,37.4424548],[126.7130833,37.4424414],[126.7130141,37.4424922]]]}},{"type":"Feature","id":592137275,"properties":{"osmId":592137275,"name":"602","height":52,"heightTag":"52","building":"apartments","updatedAt":"2026-07-22T10:22:14Z"},"geometry":{"type":"Polygon","coordinates":[[[126.7136939,37.4422304],[126.7136926,37.4421401],[126.7142292,37.4421352],[126.7142305,37.4422217],[126.7141283,37.4422226],[126.7141289,37.4422691],[126.7140684,37.4422696],[126.7140677,37.442227],[126.7138754,37.4422288],[126.7138761,37.4422739],[126.7138168,37.4422745],[126.7138161,37.4422293],[126.7136939,37.4422304]]]}},{"type":"Feature","id":592137276,"properties":{"osmId":592137276,"name":"601","height":47,"heightTag":"47","building":"apartments","updatedAt":"2026-07-22T10:22:14Z"},"geometry":{"type":"Polygon","coordinates":[[[126.714333,37.4422218],[126.7143328,37.442178],[126.7143212,37.4421781],[126.714321,37.4421325],[126.7143777,37.4421324],[126.7143769,37.4419608],[126.7143396,37.4419609],[126.7143394,37.4419138],[126.7143889,37.4419137],[126.7143885,37.4418236],[126.7144716,37.4418234],[126.7144734,37.4422214],[126.714333,37.4422218]]]}},{"type":"Feature","id":592137277,"properties":{"osmId":592137277,"name":"606","height":58,"heightTag":"58","building":"apartments","updatedAt":"2026-07-22T10:22:14Z"},"geometry":{"type":"Polygon","coordinates":[[[126.7135615,37.4414447],[126.7135601,37.4413543],[126.7140967,37.4413494],[126.714098,37.441436],[126.7139958,37.4414369],[126.7139964,37.4414833],[126.7139359,37.4414839],[126.7139352,37.4414413],[126.7137429,37.441443],[126.7137436,37.4414882],[126.7136843,37.4414887],[126.7136836,37.4414436],[126.7135615,37.4414447]]]}},{"type":"Feature","id":592137278,"properties":{"osmId":592137278,"name":"607","height":55,"heightTag":"55","building":"apartments","updatedAt":"2026-07-22T10:22:14Z"},"geometry":{"type":"Polygon","coordinates":[[[126.7143052,37.4415477],[126.7143036,37.4414815],[126.7142702,37.441482],[126.7142689,37.4414283],[126.7141529,37.44143],[126.7141508,37.4413393],[126.7142733,37.4413375],[126.7142737,37.441356],[126.7144114,37.4413539],[126.7144136,37.4414447],[126.7143898,37.4414705],[126.7143916,37.4415464],[126.7143052,37.4415477]]]}},{"type":"Feature","id":592137281,"properties":{"osmId":592137281,"name":"","height":null,"heightTag":null,"building":"yes","updatedAt":"2026-04-02T07:42:49Z"},"geometry":{"type":"Polygon","coordinates":[[[126.7145994,37.4415117],[126.7144893,37.4415117],[126.7144893,37.4411928],[126.7145994,37.4411928],[126.7145994,37.4415117]]]}},{"type":"Feature","id":592648576,"properties":{"osmId":592648576,"name":"107","height":85,"heightTag":"85","building":"apartments","updatedAt":"2026-07-22T10:18:13Z"},"geometry":{"type":"Polygon","coordinates":[[[126.716112,37.4455173],[126.7161123,37.4454888],[126.7161652,37.4454893],[126.7162688,37.4454095],[126.7163222,37.4454532],[126.716356,37.4454271],[126.7164469,37.4455016],[126.7165294,37.4454381],[126.7162752,37.44523],[126.7161985,37.445289],[126.716231,37.4453157],[126.7160927,37.4454222],[126.715769,37.4454197],[126.7157679,37.4455098],[126.7158874,37.4455107],[126.715887,37.445544],[126.7159803,37.4455448],[126.7159806,37.4455163],[126.716112,37.4455173]]]}},{"type":"Feature","id":592648580,"properties":{"osmId":592648580,"name":"105","height":79,"heightTag":"79","building":"apartments","updatedAt":"2026-07-22T10:18:13Z"},"geometry":{"type":"Polygon","coordinates":[[[126.7145879,37.4459254],[126.7145889,37.4458835],[126.714484,37.445882],[126.7144844,37.4458664],[126.7144354,37.4458657],[126.7144383,37.4457351],[126.7148486,37.4457409],[126.7148458,37.4458657],[126.714794,37.445865],[126.7147936,37.4458816],[126.7146912,37.4458801],[126.7146902,37.4459268],[126.7145879,37.4459254]]]}},{"type":"Feature","id":592648590,"properties":{"osmId":592648590,"name":"104","height":82,"heightTag":"82","building":"apartments","updatedAt":"2026-07-22T10:18:13Z"},"geometry":{"type":"Polygon","coordinates":[[[126.7151115,37.4464433],[126.7151125,37.4464014],[126.7150076,37.4463999],[126.715008,37.4463843],[126.714959,37.4463836],[126.714962,37.446253],[126.7153722,37.4462588],[126.7153694,37.4463836],[126.7153176,37.4463828],[126.7153173,37.4463994],[126.7152149,37.446398],[126.7152138,37.4464447],[126.7151115,37.4464433]]]}},{"type":"Feature","id":592655208,"properties":{"osmId":592655208,"name":"102","height":85,"heightTag":"85","building":"apartments","updatedAt":"2026-07-22T10:18:13Z"},"geometry":{"type":"Polygon","coordinates":[[[126.7162834,37.4465773],[126.7161965,37.4465023],[126.7164802,37.4462949],[126.7165258,37.4462829],[126.7169145,37.4462847],[126.7169138,37.4463835],[126.7167507,37.4463827],[126.7167505,37.4464029],[126.7167071,37.4464027],[126.7167069,37.4464285],[126.71663,37.4464282],[126.7166304,37.446376],[126.7165293,37.4463756],[126.7164484,37.4464346],[126.7164713,37.4464543],[126.7164356,37.4464805],[126.7164603,37.4465018],[126.7164037,37.4465432],[126.7163699,37.4465141],[126.7162834,37.4465773]]]}},{"type":"Feature","id":592655209,"properties":{"osmId":592655209,"name":"101","height":85,"heightTag":"85","building":"apartments","updatedAt":"2026-07-22T10:18:13Z"},"geometry":{"type":"Polygon","coordinates":[[[126.7171445,37.4462487],[126.7171022,37.4462131],[126.7170078,37.4462837],[126.7169247,37.4462137],[126.7172004,37.4460075],[126.7172809,37.4460753],[126.7172586,37.446092],[126.7173769,37.4461917],[126.7177091,37.4461934],[126.7177085,37.4462724],[126.7173571,37.4462706],[126.7173572,37.4462494],[126.7173326,37.4462493],[126.7172968,37.4462191],[126.7172666,37.4462417],[126.7172136,37.4461971],[126.7171445,37.4462487]]]}},{"type":"Feature","id":592655210,"properties":{"osmId":592655210,"name":"108","height":82,"heightTag":"82","building":"apartments","updatedAt":"2026-07-22T10:18:13Z"},"geometry":{"type":"Polygon","coordinates":[[[126.7171673,37.4454856],[126.717125,37.44545],[126.7170306,37.4455206],[126.7169475,37.4454506],[126.7172232,37.4452444],[126.7173037,37.4453122],[126.7172813,37.4453289],[126.7173996,37.4454286],[126.7177319,37.4454302],[126.7177313,37.4455093],[126.7173799,37.4455075],[126.71738,37.4454863],[126.7173554,37.4454862],[126.7173196,37.445456],[126.7172894,37.4454786],[126.7172364,37.4454339],[126.7171673,37.4454856]]]}},{"type":"Feature","id":592667199,"properties":{"osmId":592667199,"name":"801","height":55,"heightTag":"55","building":"apartments","updatedAt":"2026-07-22T10:24:17Z"},"geometry":{"type":"Polygon","coordinates":[[[126.7152676,37.4407691],[126.7151376,37.4407657],[126.7151496,37.4404772],[126.7150536,37.4403974],[126.7152016,37.4402854],[126.7153041,37.4403709],[126.7152653,37.4404002],[126.7152823,37.4404144],[126.7152676,37.4407691]]]}},{"type":"Feature","id":592675928,"properties":{"osmId":592675928,"name":"808","height":84,"heightTag":"84","building":"apartments","updatedAt":"2026-07-22T10:24:17Z"},"geometry":{"type":"Polygon","coordinates":[[[126.7152779,37.4399042],[126.715166,37.439812],[126.7153609,37.4396628],[126.7154024,37.4396971],[126.7154465,37.4396634],[126.715634,37.4398179],[126.7155244,37.4399018],[126.7154203,37.439816],[126.7154522,37.4397916],[126.7154132,37.4397595],[126.7153627,37.4397981],[126.7153886,37.4398195],[126.7152779,37.4399042]]]}},{"type":"Feature","id":592675929,"properties":{"osmId":592675929,"name":"807","height":84,"heightTag":"84","building":"apartments","updatedAt":"2026-07-22T10:24:17Z"},"geometry":{"type":"Polygon","coordinates":[[[126.715885,37.4399747],[126.7160678,37.4398267],[126.7160839,37.4398392],[126.7162033,37.4397426],[126.7163963,37.4398929],[126.7163052,37.4399666],[126.7162409,37.4399165],[126.7162234,37.4399307],[126.7161615,37.4398825],[126.7161052,37.4399281],[126.7161231,37.439942],[126.7160999,37.4399609],[126.7161158,37.4399733],[126.7160763,37.4400052],[126.7160365,37.4399742],[126.7159619,37.4400346],[126.715885,37.4399747]]]}},{"type":"Feature","id":592675930,"properties":{"osmId":592675930,"name":"806","height":84,"heightTag":"84","building":"apartments","updatedAt":"2026-07-22T10:24:17Z"},"geometry":{"type":"Polygon","coordinates":[[[126.7166698,37.4400601],[126.716853,37.4399118],[126.7168691,37.4399244],[126.7169885,37.4398279],[126.7171814,37.4399782],[126.7170904,37.4400518],[126.7170261,37.4400017],[126.7170086,37.4400158],[126.7169467,37.4399676],[126.71689,37.4400134],[126.7169079,37.4400274],[126.7168847,37.4400462],[126.7169012,37.4400591],[126.7168616,37.4400911],[126.7168217,37.4400601],[126.7167471,37.4401204],[126.7166698,37.4400601]]]}},{"type":"Feature","id":592675931,"properties":{"osmId":592675931,"name":"805","height":84,"heightTag":"84","building":"apartments","updatedAt":"2026-07-22T10:24:17Z"},"geometry":{"type":"Polygon","coordinates":[[[126.7167576,37.4406541],[126.7169409,37.4405059],[126.716957,37.4405184],[126.7170763,37.4404219],[126.7172692,37.4405722],[126.7171782,37.4406458],[126.7171139,37.4405957],[126.7170965,37.4406098],[126.7170346,37.4405616],[126.7169779,37.4406075],[126.7169957,37.4406214],[126.7169725,37.4406402],[126.716989,37.4406531],[126.7169494,37.4406851],[126.7169096,37.4406541],[126.716835,37.4407144],[126.7167576,37.4406541]]]}},{"type":"Feature","id":592675932,"properties":{"osmId":592675932,"name":"804","height":84,"heightTag":"84","building":"apartments","updatedAt":"2026-07-22T10:24:17Z"},"geometry":{"type":"Polygon","coordinates":[[[126.7168234,37.4413084],[126.7167868,37.4412519],[126.7167533,37.4412544],[126.7167533,37.441277],[126.7166415,37.441281],[126.7166385,37.4411874],[126.7167767,37.441185],[126.7170735,37.4409485],[126.7172859,37.4410946],[126.7172066,37.4411567],[126.7171558,37.4411172],[126.7171202,37.441143],[126.7170745,37.4411067],[126.7168692,37.4412535],[126.7168864,37.4412802],[126.7168234,37.4413084]]]}},{"type":"Feature","id":592675933,"properties":{"osmId":592675933,"name":"803","height":50,"heightTag":"50","building":"apartments","updatedAt":"2026-07-22T10:24:17Z"},"geometry":{"type":"Polygon","coordinates":[[[126.7161385,37.4409408],[126.7161389,37.4408702],[126.7161197,37.4408702],[126.71612,37.4408114],[126.7161429,37.4408115],[126.7161438,37.4406492],[126.7160919,37.4406491],[126.7160922,37.4405904],[126.71611,37.4405905],[126.7161103,37.440547],[126.7162586,37.4405476],[126.7162563,37.4409412],[126.7161385,37.4409408]]]}},{"type":"Feature","id":592675934,"properties":{"osmId":592675934,"name":"802","height":35,"heightTag":"35","building":"apartments","updatedAt":"2026-07-22T10:24:17Z"},"geometry":{"type":"Polygon","coordinates":[[[126.7154824,37.4403887],[126.7155964,37.4403876],[126.7155972,37.4404398],[126.7156576,37.4404392],[126.7156568,37.4403881],[126.7158437,37.4403863],[126.7158445,37.4404412],[126.7159164,37.4404405],[126.715916,37.4404195],[126.7159647,37.440419],[126.7159643,37.4403893],[126.7159772,37.4403891],[126.7159757,37.4402924],[126.715481,37.4402972],[126.7154824,37.4403887]]]}},{"type":"Feature","id":592675935,"properties":{"osmId":592675935,"name":"","height":null,"heightTag":null,"building":"yes","updatedAt":"2026-04-02T07:42:49Z"},"geometry":{"type":"Polygon","coordinates":[[[126.715443,37.4409173],[126.7154447,37.4407866],[126.7156105,37.4407866],[126.7156076,37.4408732],[126.7157535,37.4408742],[126.7157827,37.4408704],[126.7158014,37.4408589],[126.7158195,37.4408408],[126.7158288,37.440819],[126.7158352,37.4407921],[126.7158364,37.4407745],[126.7159298,37.4407731],[126.7159374,37.4407796],[126.715938,37.4409557],[126.7159339,37.4409618],[126.7157021,37.4409604],[126.7156963,37.4409543],[126.7156963,37.4409205],[126.715443,37.4409173]]]}},{"type":"Feature","id":592675936,"properties":{"osmId":592675936,"name":"","height":null,"heightTag":null,"building":"yes","updatedAt":"2026-04-02T07:42:49Z"},"geometry":{"type":"Polygon","coordinates":[[[126.7166243,37.4402708],[126.7164651,37.4401753],[126.716335,37.4402083],[126.7162598,37.4401479],[126.7164474,37.4400067],[126.7167039,37.4402153],[126.7166243,37.4402708]]]}},{"type":"Feature","id":592675937,"properties":{"osmId":592675937,"name":"","height":null,"heightTag":null,"building":"yes","updatedAt":"2026-04-02T07:42:49Z"},"geometry":{"type":"Polygon","coordinates":[[[126.7149751,37.4402672],[126.7149763,37.4400615],[126.7150775,37.4400618],[126.7150763,37.4402676],[126.7149751,37.4402672]]]}},{"type":"Feature","id":592793974,"properties":{"osmId":592793974,"name":"106","height":84,"heightTag":"84","building":"apartments","updatedAt":"2026-07-22T10:06:54Z"},"geometry":{"type":"Polygon","coordinates":[[[126.7110992,37.4462341],[126.7113067,37.4459655],[126.7114213,37.4460214],[126.7114325,37.4460069],[126.7115293,37.446054],[126.7114797,37.4461182],[126.7114402,37.4460989],[126.7114088,37.4461395],[126.7113229,37.4460976],[126.7111851,37.4462759],[126.7110992,37.4462341]]]}},{"type":"Feature","id":592793977,"properties":{"osmId":592793977,"name":"105","height":58,"heightTag":"58","building":"apartments","updatedAt":"2026-07-22T10:06:54Z"},"geometry":{"type":"Polygon","coordinates":[[[126.7105377,37.4463846],[126.7106456,37.4462192],[126.7106351,37.4462108],[126.7106905,37.4461264],[126.7107742,37.4461611],[126.7107825,37.4461484],[126.710877,37.4461874],[126.7108196,37.446275],[126.7107728,37.4462557],[126.7107498,37.4462907],[126.7107183,37.4462777],[126.710692,37.4463178],[126.7107249,37.4463314],[126.7106806,37.4463992],[126.7106478,37.4463857],[126.7106251,37.4464205],[126.7105377,37.4463846]]]}},{"type":"Feature","id":592793980,"properties":{"osmId":592793980,"name":"103","height":30,"heightTag":"30","building":"apartments","updatedAt":"2026-07-22T10:06:54Z"},"geometry":{"type":"Polygon","coordinates":[[[126.7105691,37.4469148],[126.7105705,37.4468629],[126.7105554,37.4468627],[126.7105563,37.4468258],[126.7105426,37.4468256],[126.7105438,37.4467806],[126.7105783,37.4467812],[126.7105808,37.446685],[126.7105705,37.4466848],[126.7105713,37.4466542],[126.7105554,37.446654],[126.7105565,37.4466128],[126.7105912,37.4466134],[126.7105927,37.4465544],[126.7106951,37.4465561],[126.7106858,37.4469167],[126.7105691,37.4469148]]]}},{"type":"Feature","id":592793982,"properties":{"osmId":592793982,"name":"102","height":35,"heightTag":"35","building":"apartments","updatedAt":"2026-07-22T10:06:54Z"},"geometry":{"type":"Polygon","coordinates":[[[126.7110102,37.4470473],[126.7113227,37.4466152],[126.7114297,37.446664],[126.7113972,37.4467089],[126.711444,37.4467303],[126.7114162,37.4467688],[126.7114362,37.4467779],[126.7114179,37.4468032],[126.7113426,37.4467688],[126.7111087,37.4470922],[126.7110102,37.4470473]]]}},{"type":"Feature","id":592793985,"properties":{"osmId":592793985,"name":"107","height":75,"heightTag":"75","building":"apartments","updatedAt":"2026-07-22T10:06:54Z"},"geometry":{"type":"Polygon","coordinates":[[[126.7115533,37.4466238],[126.7116324,37.4465103],[126.7119574,37.4466531],[126.7118775,37.4467676],[126.7117442,37.4467091],[126.7117726,37.4466684],[126.7117135,37.4466424],[126.7117014,37.4466597],[126.7116662,37.4466443],[126.7116412,37.4466802],[126.7115747,37.446651],[126.7115842,37.4466374],[126.7115533,37.4466238]]]}},{"type":"Feature","id":592793988,"properties":{"osmId":592793988,"name":"101","height":30,"heightTag":"30","building":"apartments","updatedAt":"2026-07-22T10:06:54Z"},"geometry":{"type":"Polygon","coordinates":[[[126.71178,37.4473362],[126.7117496,37.4468835],[126.7118676,37.4468785],[126.7118981,37.4473312],[126.71178,37.4473362]]]}},{"type":"Feature","id":592793991,"properties":{"osmId":592793991,"name":"","height":null,"heightTag":null,"building":"yes","updatedAt":"2026-04-02T07:42:49Z"},"geometry":{"type":"Polygon","coordinates":[[[126.7112329,37.4471882],[126.7113576,37.4470116],[126.7114491,37.4470523],[126.7114369,37.4470696],[126.7115561,37.4471227],[126.7114865,37.4472213],[126.7113998,37.4471827],[126.7113569,37.4472433],[126.7112329,37.4471882]]]}},{"type":"Feature","id":592793996,"properties":{"osmId":592793996,"name":"104","height":30,"heightTag":"30","building":"apartments","updatedAt":"2026-07-22T10:06:54Z"},"geometry":{"type":"Polygon","coordinates":[[[126.7099531,37.4464464],[126.7099831,37.4464047],[126.7101493,37.4464804],[126.7101351,37.4465],[126.7101851,37.4465227],[126.7101998,37.4465024],[126.7102298,37.4465161],[126.7102679,37.4464634],[126.7102441,37.4464525],[126.7102636,37.4464256],[126.7099625,37.4462884],[126.7099252,37.44634],[126.7099108,37.4463335],[126.709872,37.4463872],[126.7099007,37.4464002],[126.7098886,37.446417],[126.7099531,37.4464464]]]}},{"type":"Feature","id":592794001,"properties":{"osmId":592794001,"name":"","height":null,"heightTag":null,"building":"yes","updatedAt":"2026-04-02T07:42:49Z"},"geometry":{"type":"Polygon","coordinates":[[[126.7107742,37.4460393],[126.7108559,37.445841],[126.7109447,37.4458614],[126.7109645,37.4458317],[126.7111046,37.4458966],[126.7110381,37.4459967],[126.7110497,37.4460023],[126.7109633,37.4461311],[126.7108151,37.4460634],[126.7108186,37.4460477],[126.7107742,37.4460393]]]}},{"type":"Feature","id":592796032,"properties":{"osmId":592796032,"name":"1","height":null,"heightTag":null,"building":"apartments","updatedAt":"2026-04-02T07:42:49Z"},"geometry":{"type":"Polygon","coordinates":[[[126.7122509,37.4486378],[126.7122442,37.4485536],[126.7131606,37.4485074],[126.7131674,37.4485915],[126.7122509,37.4486378]]]}},{"type":"Feature","id":592796033,"properties":{"osmId":592796033,"name":"2","height":null,"heightTag":null,"building":"apartments","updatedAt":"2026-04-02T07:42:49Z"},"geometry":{"type":"Polygon","coordinates":[[[126.7122259,37.4483829],[126.7122184,37.4482986],[126.71314,37.4482475],[126.7131474,37.4483316],[126.7122259,37.4483829]]]}},{"type":"Feature","id":592796034,"properties":{"osmId":592796034,"name":"3","height":null,"heightTag":null,"building":"apartments","updatedAt":"2026-04-02T07:42:49Z"},"geometry":{"type":"Polygon","coordinates":[[[126.7121981,37.4481357],[126.712193,37.448048],[126.7126357,37.4480318],[126.7126408,37.4481195],[126.7121981,37.4481357]]]}},{"type":"Feature","id":592796035,"properties":{"osmId":592796035,"name":"","height":null,"heightTag":null,"building":"yes","updatedAt":"2018-06-01T16:23:45Z"},"geometry":{"type":"Polygon","coordinates":[[[126.7127077,37.4481508],[126.7127037,37.4480589],[126.7127788,37.4480568],[126.7127802,37.4480883],[126.7128372,37.4480867],[126.7128398,37.4481472],[126.7127077,37.4481508]]]}},{"type":"Feature","id":592796235,"properties":{"osmId":592796235,"name":"","height":null,"heightTag":null,"building":"commercial","updatedAt":"2026-04-02T07:42:49Z"},"geometry":{"type":"Polygon","coordinates":[[[126.7081265,37.450227],[126.7081789,37.450194],[126.7082621,37.4501219],[126.7083175,37.4500656],[126.7083745,37.4499616],[126.7084053,37.4499091],[126.7084608,37.4499054],[126.7084685,37.4501683],[126.7083529,37.450172],[126.7082836,37.4502442],[126.7081296,37.4502466],[126.7081265,37.450227]]]}},{"type":"Feature","id":592799989,"properties":{"osmId":592799989,"name":"","height":null,"heightTag":null,"building":"yes","updatedAt":"2026-04-02T07:42:49Z"},"geometry":{"type":"Polygon","coordinates":[[[126.7196859,37.4557011],[126.7199582,37.4556851],[126.7199569,37.4556724],[126.7199984,37.4556639],[126.7200226,37.4556521],[126.720048,37.4556266],[126.7200534,37.4555957],[126.720048,37.4555648],[126.7200333,37.4555446],[126.7200038,37.4555308],[126.7199796,37.4555223],[126.7199394,37.4555159],[126.7199421,37.4554882],[126.7197731,37.4554903],[126.7197262,37.4549644],[126.7196538,37.4549186],[126.7195867,37.4549208],[126.7195344,37.4549697],[126.7195129,37.4549708],[126.7195693,37.4556213],[126.7196859,37.4557011]]]}},{"type":"Feature","id":594146391,"properties":{"osmId":594146391,"name":"208","height":41,"heightTag":"41","building":"apartments","updatedAt":"2026-07-22T10:05:03Z"},"geometry":{"type":"Polygon","coordinates":[[[126.7125913,37.4473158],[126.7125037,37.4472495],[126.7125868,37.4471803],[126.7126113,37.4471988],[126.7126755,37.4471454],[126.7126942,37.4471595],[126.7127305,37.4471292],[126.7128697,37.4472347],[126.7127946,37.4472972],[126.7127316,37.4472494],[126.712692,37.4472823],[126.7126604,37.4472584],[126.7125913,37.4473158]]]}},{"type":"Feature","id":594146392,"properties":{"osmId":594146392,"name":"","height":null,"heightTag":null,"building":"yes","updatedAt":"2026-04-02T07:42:49Z"},"geometry":{"type":"Polygon","coordinates":[[[126.7122649,37.4477248],[126.7123375,37.4475649],[126.7127349,37.4476787],[126.7126623,37.4478386],[126.7122649,37.4477248]]]}},{"type":"Feature","id":594146393,"properties":{"osmId":594146393,"name":"207","height":35,"heightTag":"35","building":"apartments","updatedAt":"2026-07-22T10:05:03Z"},"geometry":{"type":"Polygon","coordinates":[[[126.713062,37.4478556],[126.7130682,37.4476466],[126.7130604,37.4476465],[126.7130614,37.4476113],[126.7130449,37.4476109],[126.7130461,37.447569],[126.7130769,37.4475696],[126.713081,37.4474312],[126.7130532,37.4474307],[126.7130546,37.4473817],[126.7130827,37.4473822],[126.713084,37.4473383],[126.7132041,37.4473405],[126.713189,37.447858],[126.713062,37.4478556]]]}},{"type":"Feature","id":594146394,"properties":{"osmId":594146394,"name":"206","height":30,"heightTag":"30","building":"apartments","updatedAt":"2026-07-22T10:05:03Z"},"geometry":{"type":"Polygon","coordinates":[[[126.7136947,37.4480467],[126.7135902,37.4479783],[126.7138443,37.4477336],[126.7139487,37.4478019],[126.7136947,37.4480467]]]}},{"type":"Feature","id":594146395,"properties":{"osmId":594146395,"name":"201","height":75,"heightTag":"75","building":"apartments","updatedAt":"2026-07-22T10:05:03Z"},"geometry":{"type":"Polygon","coordinates":[[[126.712689,37.4468277],[126.7128915,37.4466209],[126.7130329,37.4467082],[126.7129778,37.4467645],[126.7129625,37.4467551],[126.7129477,37.4467703],[126.7129021,37.4467422],[126.7128123,37.4468339],[126.7128334,37.4468469],[126.7127713,37.4469103],[126.7126886,37.4468592],[126.712708,37.4468394],[126.712689,37.4468277]]]}},{"type":"Feature","id":594146396,"properties":{"osmId":594146396,"name":"202","height":84,"heightTag":"84","building":"apartments","updatedAt":"2026-07-22T10:05:03Z"},"geometry":{"type":"Polygon","coordinates":[[[126.7133014,37.446861],[126.7135039,37.4466542],[126.7136453,37.4467415],[126.7135901,37.4467979],[126.7135749,37.4467885],[126.71356,37.4468037],[126.7135145,37.4467756],[126.7134247,37.4468672],[126.7134457,37.4468802],[126.7133837,37.4469436],[126.7133009,37.4468926],[126.7133203,37.4468727],[126.7133014,37.446861]]]}},{"type":"Feature","id":594146397,"properties":{"osmId":594146397,"name":"203","height":84,"heightTag":"84","building":"apartments","updatedAt":"2026-07-22T10:05:03Z"},"geometry":{"type":"Polygon","coordinates":[[[126.7136713,37.4473842],[126.7137697,37.4472843],[126.7140948,37.4474861],[126.7140068,37.4475754],[126.7139635,37.4475485],[126.7139564,37.4475557],[126.7139011,37.4475214],[126.7138915,37.4475311],[126.7138311,37.4474936],[126.7138664,37.4474577],[126.7138274,37.4474334],[126.7138173,37.4474436],[126.7137788,37.4474197],[126.7137415,37.4474577],[126.7136857,37.447423],[126.7137039,37.4474044],[126.7136713,37.4473842]]]}},{"type":"Feature","id":594146398,"properties":{"osmId":594146398,"name":"204","height":75,"heightTag":"75","building":"apartments","updatedAt":"2026-07-22T10:05:03Z"},"geometry":{"type":"Polygon","coordinates":[[[126.7142369,37.4478616],[126.7143396,37.4476948],[126.7147017,37.4478353],[126.7146384,37.4479381],[126.7145425,37.4479009],[126.7145603,37.4478719],[126.7144178,37.4478166],[126.7143605,37.4479096],[126.7142369,37.4478616]]]}},{"type":"Feature","id":594146399,"properties":{"osmId":594146399,"name":"205","height":30,"heightTag":"30","building":"apartments","updatedAt":"2026-07-22T10:05:03Z"},"geometry":{"type":"Polygon","coordinates":[[[126.714742,37.4480597],[126.714866,37.4480274],[126.7149108,37.4481146],[126.7149931,37.4482106],[126.7150287,37.4482348],[126.7151547,37.4482937],[126.7152614,37.4482978],[126.7152604,37.4484059],[126.7151516,37.4484051],[126.7151537,37.4483833],[126.7151171,37.4483728],[126.7151079,37.4483865],[126.7149616,37.4483276],[126.7149758,37.4483115],[126.7149209,37.4482752],[126.7149057,37.4482856],[126.714801,37.4481791],[126.7148122,37.4481695],[126.7148061,37.4481606],[126.7147898,37.448163],[126.714742,37.4480597]]]}},{"type":"Feature","id":594146400,"properties":{"osmId":594146400,"name":"","height":null,"heightTag":null,"building":"yes","updatedAt":"2026-04-02T07:42:49Z"},"geometry":{"type":"Polygon","coordinates":[[[126.7139279,37.4481106],[126.7141043,37.4479466],[126.7141815,37.4479989],[126.7141605,37.4480185],[126.7142717,37.4480939],[126.7141845,37.4481751],[126.7141086,37.4481236],[126.7140404,37.4481869],[126.7139279,37.4481106]]]}},{"type":"Feature","id":594146402,"properties":{"osmId":594146402,"name":"","height":null,"heightTag":null,"building":"yes","updatedAt":"2026-04-02T07:42:49Z"},"geometry":{"type":"Polygon","coordinates":[[[126.7126366,37.4466914],[126.7125432,37.4466914],[126.7125432,37.4468731],[126.7126587,37.4469259],[126.7126798,37.4468851],[126.7126342,37.4468619],[126.7126366,37.4466914]]]}},{"type":"Feature","id":612878734,"properties":{"osmId":612878734,"name":"","height":null,"heightTag":null,"building":"yes","updatedAt":"2026-04-02T07:42:49Z"},"geometry":{"type":"Polygon","coordinates":[[[126.7034569,37.4433613],[126.7034551,37.4433065],[126.7034743,37.4432954],[126.7035788,37.4432933],[126.703581,37.4433587],[126.7034569,37.4433613]]]}},{"type":"Feature","id":612878736,"properties":{"osmId":612878736,"name":"","height":null,"heightTag":null,"building":"yes","updatedAt":"2026-04-02T07:42:49Z"},"geometry":{"type":"Polygon","coordinates":[[[126.7034565,37.4434399],[126.7034544,37.4433714],[126.7035765,37.4433691],[126.7035786,37.4434375],[126.7034565,37.4434399]]]}},{"type":"Feature","id":612878738,"properties":{"osmId":612878738,"name":"","height":null,"heightTag":null,"building":"yes","updatedAt":"2026-04-02T07:42:49Z"},"geometry":{"type":"Polygon","coordinates":[[[126.7034683,37.4435399],[126.7034665,37.4434739],[126.7036194,37.4434714],[126.7036212,37.4435374],[126.7034683,37.4435399]]]}},{"type":"Feature","id":612878740,"properties":{"osmId":612878740,"name":"","height":null,"heightTag":null,"building":"yes","updatedAt":"2026-04-02T07:42:49Z"},"geometry":{"type":"Polygon","coordinates":[[[126.7036233,37.4436431],[126.703536,37.4436453],[126.7034998,37.4436239],[126.7034972,37.4435561],[126.7036199,37.4435531],[126.7036233,37.4436431]]]}},{"type":"Feature","id":612878742,"properties":{"osmId":612878742,"name":"","height":null,"heightTag":null,"building":"yes","updatedAt":"2026-04-02T07:42:49Z"},"geometry":{"type":"Polygon","coordinates":[[[126.7036427,37.4436259],[126.7036405,37.4435405],[126.7036652,37.4435401],[126.7036664,37.4435868],[126.7039611,37.4435819],[126.7039621,37.4436206],[126.7036427,37.4436259]]]}},{"type":"Feature","id":612878745,"properties":{"osmId":612878745,"name":"","height":null,"heightTag":null,"building":"yes","updatedAt":"2026-04-02T07:42:49Z"},"geometry":{"type":"Polygon","coordinates":[[[126.7036729,37.4435757],[126.7036706,37.4434733],[126.7039729,37.443469],[126.7039752,37.4435714],[126.7036729,37.4435757]]]}},{"type":"Feature","id":612878747,"properties":{"osmId":612878747,"name":"","height":null,"heightTag":null,"building":"yes","updatedAt":"2026-04-02T07:42:49Z"},"geometry":{"type":"Polygon","coordinates":[[[126.7036006,37.4434161],[126.7035976,37.443307],[126.7036922,37.4433054],[126.7036952,37.4434145],[126.7036006,37.4434161]]]}},{"type":"Feature","id":612878749,"properties":{"osmId":612878749,"name":"","height":null,"heightTag":null,"building":"yes","updatedAt":"2026-04-02T07:42:49Z"},"geometry":{"type":"Polygon","coordinates":[[[126.7037112,37.443404],[126.7037088,37.4432994],[126.7039002,37.4432967],[126.7039026,37.4434012],[126.7037112,37.443404]]]}},{"type":"Feature","id":612878751,"properties":{"osmId":612878751,"name":"","height":null,"heightTag":null,"building":"yes","updatedAt":"2026-04-02T07:42:49Z"},"geometry":{"type":"Polygon","coordinates":[[[126.703935,37.4434164],[126.7039271,37.4433029],[126.7041102,37.4432948],[126.7041181,37.4434084],[126.703935,37.4434164]]]}},{"type":"Feature","id":612878753,"properties":{"osmId":612878753,"name":"","height":null,"heightTag":null,"building":"fun","updatedAt":"2026-04-02T07:42:49Z"},"geometry":{"type":"Polygon","coordinates":[[[126.7041379,37.4433903],[126.7041269,37.4432707],[126.7045669,37.4432452],[126.7045779,37.4433648],[126.7041379,37.4433903]]]}},{"type":"Feature","id":612878755,"properties":{"osmId":612878755,"name":"","height":null,"heightTag":null,"building":"yes","updatedAt":"2026-04-02T07:42:49Z"},"geometry":{"type":"Polygon","coordinates":[[[126.7039853,37.4436126],[126.7039851,37.44349],[126.7041114,37.4434899],[126.7041116,37.4436125],[126.7039853,37.4436126]]]}},{"type":"Feature","id":612878757,"properties":{"osmId":612878757,"name":"","height":null,"heightTag":null,"building":"yes","updatedAt":"2026-04-02T07:42:49Z"},"geometry":{"type":"Polygon","coordinates":[[[126.7041264,37.4435722],[126.7041243,37.4434495],[126.7042751,37.4434478],[126.704277,37.4435511],[126.7042639,37.4435706],[126.7041264,37.4435722]]]}},{"type":"Feature","id":612878759,"properties":{"osmId":612878759,"name":"","height":null,"heightTag":null,"building":"yes","updatedAt":"2026-04-02T07:42:49Z"},"geometry":{"type":"Polygon","coordinates":[[[126.7042974,37.44355],[126.7042882,37.4434265],[126.7046132,37.4434112],[126.7046225,37.4435347],[126.7042974,37.44355]]]}},{"type":"Feature","id":612878761,"properties":{"osmId":612878761,"name":"","height":null,"heightTag":null,"building":"yes","updatedAt":"2026-04-02T07:42:49Z"},"geometry":{"type":"Polygon","coordinates":[[[126.7047007,37.4433376],[126.7046937,37.4432296],[126.7049237,37.4432202],[126.7049307,37.4433283],[126.7047007,37.4433376]]]}},{"type":"Feature","id":612878763,"properties":{"osmId":612878763,"name":"","height":null,"heightTag":null,"building":"yes","updatedAt":"2026-04-02T07:42:49Z"},"geometry":{"type":"Polygon","coordinates":[[[126.7048213,37.4435759],[126.7047566,37.4435777],[126.7047217,37.4435458],[126.7047153,37.4434071],[126.7048134,37.4434042],[126.7048213,37.4435759]]]}},{"type":"Feature","id":612878765,"properties":{"osmId":612878765,"name":"","height":null,"heightTag":null,"building":"yes","updatedAt":"2026-04-02T07:42:49Z"},"geometry":{"type":"Polygon","coordinates":[[[126.704894,37.4435337],[126.7048883,37.4434106],[126.704998,37.4434074],[126.7049974,37.4433941],[126.7051101,37.4433908],[126.7051164,37.4435272],[126.704894,37.4435337]]]}},{"type":"Feature","id":612878767,"properties":{"osmId":612878767,"name":"","height":null,"heightTag":null,"building":"yes","updatedAt":"2026-04-02T07:42:49Z"},"geometry":{"type":"Polygon","coordinates":[[[126.7051558,37.4435515],[126.7051533,37.4434743],[126.705327,37.4434709],[126.7053294,37.4435481],[126.7051558,37.4435515]]]}},{"type":"Feature","id":612878769,"properties":{"osmId":612878769,"name":"","height":null,"heightTag":null,"building":"yes","updatedAt":"2026-04-02T07:42:49Z"},"geometry":{"type":"Polygon","coordinates":[[[126.7051409,37.4434399],[126.7051389,37.4433702],[126.7053366,37.4433665],[126.7053387,37.4434362],[126.7051409,37.4434399]]]}},{"type":"Feature","id":612878771,"properties":{"osmId":612878771,"name":"","height":null,"heightTag":null,"building":"yes","updatedAt":"2026-04-02T07:42:49Z"},"geometry":{"type":"Polygon","coordinates":[[[126.705179,37.4432913],[126.7051757,37.443179],[126.7053158,37.4431763],[126.7053192,37.4432887],[126.705179,37.4432913]]]}},{"type":"Feature","id":612878773,"properties":{"osmId":612878773,"name":"","height":null,"heightTag":null,"building":"yes","updatedAt":"2026-04-02T07:42:49Z"},"geometry":{"type":"Polygon","coordinates":[[[126.7049632,37.4433411],[126.7049582,37.4432055],[126.7051562,37.4432009],[126.7051611,37.4433366],[126.7049632,37.4433411]]]}},{"type":"Feature","id":615164743,"properties":{"osmId":615164743,"name":"","height":null,"heightTag":null,"building":"yes","updatedAt":"2026-04-02T07:42:49Z"},"geometry":{"type":"Polygon","coordinates":[[[126.7065007,37.4433301],[126.7064857,37.4431115],[126.7063405,37.4431178],[126.7063461,37.4431983],[126.7063768,37.4431969],[126.7063818,37.4432691],[126.7064126,37.4432678],[126.7064171,37.4433337],[126.7065007,37.4433301]]]}},{"type":"Feature","id":615164744,"properties":{"osmId":615164744,"name":"","height":null,"heightTag":null,"building":"yes","updatedAt":"2026-04-02T07:42:49Z"},"geometry":{"type":"Polygon","coordinates":[[[126.7061016,37.443258],[126.7060921,37.4431173],[126.7062013,37.4431126],[126.7062109,37.4432534],[126.7061016,37.443258]]]}},{"type":"Feature","id":615164745,"properties":{"osmId":615164745,"name":"","height":null,"heightTag":null,"building":"yes","updatedAt":"2026-04-02T07:42:49Z"},"geometry":{"type":"Polygon","coordinates":[[[126.7058256,37.4432336],[126.7058188,37.4431254],[126.7060537,37.4431161],[126.7060605,37.4432244],[126.7058256,37.4432336]]]}},{"type":"Feature","id":615164746,"properties":{"osmId":615164746,"name":"","height":null,"heightTag":null,"building":"yes","updatedAt":"2026-04-02T07:42:49Z"},"geometry":{"type":"Polygon","coordinates":[[[126.7053983,37.4433054],[126.7053868,37.4431676],[126.7055168,37.4431608],[126.7055283,37.4432986],[126.7053983,37.4433054]]]}},{"type":"Feature","id":615164747,"properties":{"osmId":615164747,"name":"","height":null,"heightTag":null,"building":"yes","updatedAt":"2026-04-02T07:42:49Z"},"geometry":{"type":"Polygon","coordinates":[[[126.7055415,37.4432966],[126.7055332,37.4431822],[126.7057226,37.4431735],[126.7057309,37.4432879],[126.7055415,37.4432966]]]}},{"type":"Feature","id":615164748,"properties":{"osmId":615164748,"name":"","height":null,"heightTag":null,"building":"yes","updatedAt":"2026-04-02T07:42:49Z"},"geometry":{"type":"Polygon","coordinates":[[[126.7054029,37.4434506],[126.7053989,37.4433448],[126.705526,37.4433419],[126.7055299,37.4434476],[126.7054029,37.4434506]]]}},{"type":"Feature","id":615164749,"properties":{"osmId":615164749,"name":"","height":null,"heightTag":null,"building":"yes","updatedAt":"2026-04-02T07:42:49Z"},"geometry":{"type":"Polygon","coordinates":[[[126.7055451,37.4434393],[126.705541,37.4433415],[126.7057906,37.4433349],[126.7057947,37.4434327],[126.7055451,37.4434393]]]}},{"type":"Feature","id":615164750,"properties":{"osmId":615164750,"name":"","height":null,"heightTag":null,"building":"yes","updatedAt":"2026-04-02T07:42:49Z"},"geometry":{"type":"Polygon","coordinates":[[[126.7058342,37.4434214],[126.7058297,37.4433198],[126.7060546,37.4433136],[126.7060591,37.4434152],[126.7058342,37.4434214]]]}},{"type":"Feature","id":615164752,"properties":{"osmId":615164752,"name":"","height":null,"heightTag":null,"building":"yes","updatedAt":"2026-04-02T07:42:49Z"},"geometry":{"type":"Polygon","coordinates":[[[126.7060595,37.4434935],[126.7060546,37.4434268],[126.706116,37.443424],[126.7061089,37.4433272],[126.7062259,37.4433217],[126.7062352,37.4434481],[126.7062001,37.4434869],[126.7060595,37.4434935]]]}},{"type":"Feature","id":615167057,"properties":{"osmId":615167057,"name":"","height":null,"heightTag":null,"building":"yes","updatedAt":"2026-04-02T07:42:49Z"},"geometry":{"type":"Polygon","coordinates":[[[126.7034968,37.4438074],[126.7036421,37.4437981],[126.7036342,37.4437199],[126.7035305,37.4437265],[126.7034919,37.4437588],[126.7034968,37.4438074]]]}},{"type":"Feature","id":615167058,"properties":{"osmId":615167058,"name":"","height":null,"heightTag":null,"building":"yes","updatedAt":"2026-04-02T07:42:49Z"},"geometry":{"type":"Polygon","coordinates":[[[126.7036616,37.4437919],[126.7036616,37.4437064],[126.7037256,37.4437064],[126.7037256,37.4437257],[126.7037907,37.4437257],[126.7037907,37.4437919],[126.7036616,37.4437919]]]}},{"type":"Feature","id":615167059,"properties":{"osmId":615167059,"name":"","height":null,"heightTag":null,"building":"yes","updatedAt":"2026-04-02T07:42:49Z"},"geometry":{"type":"Polygon","coordinates":[[[126.7038247,37.4437883],[126.7038239,37.4437069],[126.7039218,37.4437064],[126.7039553,37.4437233],[126.7039559,37.4437875],[126.7038247,37.4437883]]]}},{"type":"Feature","id":615167060,"properties":{"osmId":615167060,"name":"","height":null,"heightTag":null,"building":"yes","updatedAt":"2026-04-02T07:42:49Z"},"geometry":{"type":"Polygon","coordinates":[[[126.7035794,37.4438936],[126.7035723,37.4438176],[126.7037215,37.4438087],[126.7037287,37.4438847],[126.7035794,37.4438936]]]}},{"type":"Feature","id":615167061,"properties":{"osmId":615167061,"name":"","height":null,"heightTag":null,"building":"yes","updatedAt":"2026-04-02T07:42:49Z"},"geometry":{"type":"Polygon","coordinates":[[[126.7037533,37.4439346],[126.7037459,37.4438411],[126.7038327,37.4438368],[126.7038342,37.4438559],[126.7038611,37.4438546],[126.703867,37.443929],[126.7037533,37.4439346]]]}},{"type":"Feature","id":615167062,"properties":{"osmId":615167062,"name":"","height":null,"heightTag":null,"building":"yes","updatedAt":"2026-04-02T07:42:49Z"},"geometry":{"type":"Polygon","coordinates":[[[126.7038809,37.443932],[126.7038735,37.4438385],[126.7039602,37.4438342],[126.7039617,37.4438533],[126.7039886,37.443852],[126.7039945,37.4439263],[126.7038809,37.443932]]]}},{"type":"Feature","id":615167063,"properties":{"osmId":615167063,"name":"","height":null,"heightTag":null,"building":"yes","updatedAt":"2026-04-02T07:42:49Z"},"geometry":{"type":"Polygon","coordinates":[[[126.7035574,37.4440847],[126.7035424,37.443924],[126.7037241,37.4439133],[126.7037391,37.444074],[126.7035574,37.4440847]]]}},{"type":"Feature","id":615167064,"properties":{"osmId":615167064,"name":"성지원룸","height":null,"heightTag":null,"building":"yes","updatedAt":"2026-04-02T07:42:49Z"},"geometry":{"type":"Polygon","coordinates":[[[126.7037677,37.4440352],[126.7037625,37.4439655],[126.7040009,37.4439543],[126.7040061,37.444024],[126.7037677,37.4440352]]]}},{"type":"Feature","id":615167065,"properties":{"osmId":615167065,"name":"","height":null,"heightTag":null,"building":"yes","updatedAt":"2026-04-02T07:42:49Z"},"geometry":{"type":"Polygon","coordinates":[[[126.7037777,37.444139],[126.7037725,37.4440693],[126.7040109,37.4440581],[126.7040161,37.4441278],[126.7037777,37.444139]]]}},{"type":"Feature","id":615167066,"properties":{"osmId":615167066,"name":"","height":null,"heightTag":null,"building":"yes","updatedAt":"2026-04-02T07:42:49Z"},"geometry":{"type":"Polygon","coordinates":[[[126.7036202,37.4443779],[126.7036027,37.4441713],[126.7037421,37.4441639],[126.7037596,37.4443705],[126.7036202,37.4443779]]]}},{"type":"Feature","id":615167068,"properties":{"osmId":615167068,"name":"","height":null,"heightTag":null,"building":"yes","updatedAt":"2026-04-02T07:42:49Z"},"geometry":{"type":"Polygon","coordinates":[[[126.7036097,37.4445616],[126.7035974,37.4444008],[126.7037575,37.444393],[126.7037699,37.4445539],[126.7036097,37.4445616]]]}},{"type":"Feature","id":615167069,"properties":{"osmId":615167069,"name":"","height":null,"heightTag":null,"building":"yes","updatedAt":"2026-04-02T07:42:49Z"},"geometry":{"type":"Polygon","coordinates":[[[126.703629,37.4447039],[126.7036278,37.4446314],[126.7037866,37.4446297],[126.7037878,37.4447022],[126.703629,37.4447039]]]}},{"type":"Feature","id":615167070,"properties":{"osmId":615167070,"name":"","height":null,"heightTag":null,"building":"yes","updatedAt":"2026-04-02T07:42:49Z"},"geometry":{"type":"Polygon","coordinates":[[[126.7037713,37.4443065],[126.7037682,37.4442235],[126.7039178,37.44422],[126.7039209,37.444303],[126.7037713,37.4443065]]]}},{"type":"Feature","id":615167071,"properties":{"osmId":615167071,"name":"","height":null,"heightTag":null,"building":"yes","updatedAt":"2026-04-02T07:42:49Z"},"geometry":{"type":"Polygon","coordinates":[[[126.7039466,37.4442855],[126.7039447,37.4441921],[126.7040362,37.444191],[126.7040375,37.444254],[126.7039899,37.4442547],[126.7039905,37.4442849],[126.7039466,37.4442855]]]}},{"type":"Feature","id":615167072,"properties":{"osmId":615167072,"name":"","height":null,"heightTag":null,"building":"yes","updatedAt":"2026-04-02T07:42:49Z"},"geometry":{"type":"Polygon","coordinates":[[[126.7037848,37.4445024],[126.7037757,37.4443422],[126.7038588,37.4443392],[126.7038678,37.4444995],[126.7037848,37.4445024]]]}},{"type":"Feature","id":615167073,"properties":{"osmId":615167073,"name":"","height":null,"heightTag":null,"building":"yes","updatedAt":"2026-04-02T07:42:49Z"},"geometry":{"type":"Polygon","coordinates":[[[126.7038939,37.4444988],[126.7038904,37.4444301],[126.7040473,37.444425],[126.7040509,37.4444936],[126.7038939,37.4444988]]]}},{"type":"Feature","id":615167074,"properties":{"osmId":615167074,"name":"","height":null,"heightTag":null,"building":"yes","updatedAt":"2026-04-02T07:42:49Z"},"geometry":{"type":"Polygon","coordinates":[[[126.7038862,37.4444085],[126.7038826,37.4443399],[126.7040395,37.4443347],[126.7040431,37.4444034],[126.7038862,37.4444085]]]}},{"type":"Feature","id":615167075,"properties":{"osmId":615167075,"name":"","height":null,"heightTag":null,"building":"yes","updatedAt":"2026-04-02T07:42:49Z"},"geometry":{"type":"Polygon","coordinates":[[[126.7038032,37.4446995],[126.7037958,37.4445712],[126.7039139,37.444567],[126.7039212,37.4446952],[126.7038032,37.4446995]]]}},{"type":"Feature","id":615167076,"properties":{"osmId":615167076,"name":"","height":null,"heightTag":null,"building":"yes","updatedAt":"2026-04-02T07:42:49Z"},"geometry":{"type":"Polygon","coordinates":[[[126.7039417,37.4445922],[126.7039391,37.4445133],[126.7040331,37.4445113],[126.7040338,37.4445331],[126.7040629,37.4445325],[126.7040634,37.4445475],[126.7040852,37.4445471],[126.7040866,37.4445891],[126.7039417,37.4445922]]]}},{"type":"Feature","id":615167077,"properties":{"osmId":615167077,"name":"","height":null,"heightTag":null,"building":"yes","updatedAt":"2026-04-02T07:42:49Z"},"geometry":{"type":"Polygon","coordinates":[[[126.7039483,37.4446999],[126.7039456,37.4446119],[126.704015,37.4446106],[126.7040154,37.4446257],[126.7040635,37.4446248],[126.7040639,37.4446392],[126.7040875,37.4446387],[126.7040893,37.4446971],[126.7039483,37.4446999]]]}},{"type":"Feature","id":615169126,"properties":{"osmId":615169126,"name":"","height":null,"heightTag":null,"building":"yes","updatedAt":"2026-04-02T07:42:49Z"},"geometry":{"type":"Polygon","coordinates":[[[126.7040741,37.4437561],[126.7040746,37.4437167],[126.7040854,37.4437168],[126.7040859,37.4436804],[126.7042516,37.4436817],[126.7042506,37.4437575],[126.7040741,37.4437561]]]}},{"type":"Feature","id":615169127,"properties":{"osmId":615169127,"name":"","height":null,"heightTag":null,"building":"yes","updatedAt":"2026-04-02T07:42:49Z"},"geometry":{"type":"Polygon","coordinates":[[[126.7040672,37.4438461],[126.7040633,37.4437737],[126.7042363,37.4437678],[126.7042403,37.4438401],[126.7040672,37.4438461]]]}},{"type":"Feature","id":615169128,"properties":{"osmId":615169128,"name":"","height":null,"heightTag":null,"building":"yes","updatedAt":"2026-04-02T07:42:49Z"},"geometry":{"type":"Polygon","coordinates":[[[126.7042806,37.4438167],[126.7042788,37.4437154],[126.7043063,37.4436979],[126.7043961,37.4436969],[126.7043981,37.4438154],[126.7042806,37.4438167]]]}},{"type":"Feature","id":615169129,"properties":{"osmId":615169129,"name":"","height":null,"heightTag":null,"building":"yes","updatedAt":"2026-04-02T07:42:49Z"},"geometry":{"type":"Polygon","coordinates":[[[126.704416,37.443806],[126.7044133,37.4437082],[126.704464,37.4437074],[126.7044644,37.4437236],[126.704526,37.4437225],[126.7045282,37.4438041],[126.704416,37.443806]]]}},{"type":"Feature","id":615169130,"properties":{"osmId":615169130,"name":"","height":null,"heightTag":null,"building":"yes","updatedAt":"2026-04-02T07:42:49Z"},"geometry":{"type":"Polygon","coordinates":[[[126.7045472,37.4438058],[126.7045463,37.4437009],[126.704608,37.4437006],[126.7046083,37.4437286],[126.7046589,37.4437283],[126.7046591,37.4437515],[126.7046828,37.4437514],[126.7046833,37.443805],[126.7045472,37.4438058]]]}},{"type":"Feature","id":615169131,"properties":{"osmId":615169131,"name":"","height":null,"heightTag":null,"building":"yes","updatedAt":"2026-04-02T07:42:49Z"},"geometry":{"type":"Polygon","coordinates":[[[126.7040854,37.4440036],[126.7040766,37.443911],[126.7042498,37.4439006],[126.7042586,37.4439933],[126.7040854,37.4440036]]]}},{"type":"Feature","id":615169132,"properties":{"osmId":615169132,"name":"","height":null,"heightTag":null,"building":"yes","updatedAt":"2026-04-02T07:42:49Z"},"geometry":{"type":"Polygon","coordinates":[[[126.7042751,37.4439911],[126.7042706,37.4439081],[126.7043479,37.4439055],[126.7043485,37.4439157],[126.7044219,37.4439132],[126.7044259,37.4439859],[126.7042751,37.4439911]]]}},{"type":"Feature","id":615169133,"properties":{"osmId":615169133,"name":"","height":null,"heightTag":null,"building":"yes","updatedAt":"2026-04-02T07:42:49Z"},"geometry":{"type":"Polygon","coordinates":[[[126.7044366,37.4439815],[126.7044328,37.4439177],[126.704508,37.4439148],[126.7045065,37.4438909],[126.7045515,37.4438892],[126.7045567,37.443977],[126.7044366,37.4439815]]]}},{"type":"Feature","id":615169134,"properties":{"osmId":615169134,"name":"","height":null,"heightTag":null,"building":"yes","updatedAt":"2026-04-02T07:42:49Z"},"geometry":{"type":"Polygon","coordinates":[[[126.704577,37.4439535],[126.7045641,37.4438483],[126.7046701,37.4438401],[126.7046792,37.443914],[126.7046438,37.4439167],[126.7046477,37.443948],[126.704577,37.4439535]]]}},{"type":"Feature","id":615169135,"properties":{"osmId":615169135,"name":"","height":null,"heightTag":null,"building":"yes","updatedAt":"2026-04-02T07:42:49Z"},"geometry":{"type":"Polygon","coordinates":[[[126.7041231,37.4441203],[126.7041154,37.4440637],[126.7041972,37.4440567],[126.7041926,37.4440223],[126.7043021,37.444013],[126.7043143,37.4441041],[126.7041231,37.4441203]]]}},{"type":"Feature","id":615169136,"properties":{"osmId":615169136,"name":"","height":null,"heightTag":null,"building":"yes","updatedAt":"2026-04-02T07:42:49Z"},"geometry":{"type":"Polygon","coordinates":[[[126.704331,37.4441002],[126.7043211,37.4440344],[126.7044944,37.4440179],[126.7045044,37.4440836],[126.704331,37.4441002]]]}},{"type":"Feature","id":615169137,"properties":{"osmId":615169137,"name":"","height":null,"heightTag":null,"building":"yes","updatedAt":"2026-04-02T07:42:49Z"},"geometry":{"type":"Polygon","coordinates":[[[126.7045394,37.4440732],[126.7045279,37.4439943],[126.7047172,37.443977],[126.7047286,37.4440559],[126.7045394,37.4440732]]]}},{"type":"Feature","id":615169138,"properties":{"osmId":615169138,"name":"","height":null,"heightTag":null,"building":"yes","updatedAt":"2026-04-02T07:42:49Z"},"geometry":{"type":"Polygon","coordinates":[[[126.7045588,37.4441671],[126.704548,37.4440911],[126.7047154,37.4440761],[126.7047263,37.444152],[126.7045588,37.4441671]]]}},{"type":"Feature","id":615169139,"properties":{"osmId":615169139,"name":"","height":null,"heightTag":null,"building":"yes","updatedAt":"2026-04-02T07:42:49Z"},"geometry":{"type":"Polygon","coordinates":[[[126.7042224,37.4442221],[126.7042117,37.4441346],[126.7043191,37.4441263],[126.7043298,37.4442138],[126.7042224,37.4442221]]]}},{"type":"Feature","id":615169140,"properties":{"osmId":615169140,"name":"","height":null,"heightTag":null,"building":"yes","updatedAt":"2026-04-02T07:42:49Z"},"geometry":{"type":"Polygon","coordinates":[[[126.7043562,37.4442014],[126.7043448,37.4441225],[126.7044643,37.4441116],[126.7044758,37.4441905],[126.7043562,37.4442014]]]}},{"type":"Feature","id":615169141,"properties":{"osmId":615169141,"name":"","height":null,"heightTag":null,"building":"yes","updatedAt":"2026-04-02T07:42:49Z"},"geometry":{"type":"Polygon","coordinates":[[[126.7045351,37.4443308],[126.7045194,37.4442426],[126.7047254,37.4442196],[126.7047536,37.4442356],[126.7047659,37.444305],[126.7045351,37.4443308]]]}},{"type":"Feature","id":615169142,"properties":{"osmId":615169142,"name":"","height":null,"heightTag":null,"building":"yes","updatedAt":"2026-04-02T07:42:49Z"},"geometry":{"type":"Polygon","coordinates":[[[126.7041836,37.4445651],[126.7041769,37.4445215],[126.7041628,37.4445225],[126.7041306,37.4442979],[126.7041454,37.4442872],[126.7043398,37.4442654],[126.7043606,37.4442659],[126.7043834,37.4442712],[126.7044076,37.4442813],[126.704431,37.4442947],[126.7044491,37.444309],[126.7044659,37.4443277],[126.7044773,37.4443452],[126.7044847,37.4443708],[126.704488,37.4443878],[126.7044914,37.4444054],[126.7045296,37.4444022],[126.7045424,37.4444911],[126.7045129,37.4444943],[126.7045162,37.4445199],[126.7044257,37.4445257],[126.7044284,37.4445459],[126.7041836,37.4445651]]]}},{"type":"Feature","id":615174064,"properties":{"osmId":615174064,"name":"","height":null,"heightTag":null,"building":"yes","updatedAt":"2026-04-02T07:42:49Z"},"geometry":{"type":"Polygon","coordinates":[[[126.7042832,37.4446898],[126.7042288,37.4446937],[126.7041797,37.4446603],[126.7041734,37.4446037],[126.7042727,37.4445966],[126.7042832,37.4446898]]]}},{"type":"Feature","id":615174065,"properties":{"osmId":615174065,"name":"","height":null,"heightTag":null,"building":"yes","updatedAt":"2026-04-02T07:42:49Z"},"geometry":{"type":"Polygon","coordinates":[[[126.7043104,37.4446688],[126.7043035,37.4445864],[126.7044196,37.4445803],[126.7044265,37.4446627],[126.7043104,37.4446688]]]}},{"type":"Feature","id":615174066,"properties":{"osmId":615174066,"name":"","height":null,"heightTag":null,"building":"yes","updatedAt":"2026-04-02T07:42:49Z"},"geometry":{"type":"Polygon","coordinates":[[[126.7044533,37.4446768],[126.7044435,37.4445627],[126.7045391,37.4445575],[126.7045489,37.4446716],[126.7044533,37.4446768]]]}},{"type":"Feature","id":615174067,"properties":{"osmId":615174067,"name":"","height":null,"heightTag":null,"building":"yes","updatedAt":"2026-04-02T07:42:49Z"},"geometry":{"type":"Polygon","coordinates":[[[126.7045649,37.4444534],[126.7045554,37.4443938],[126.7047522,37.4443739],[126.7047618,37.4444335],[126.7045649,37.4444534]]]}},{"type":"Feature","id":615174068,"properties":{"osmId":615174068,"name":"","height":null,"heightTag":null,"building":"yes","updatedAt":"2026-04-02T07:42:49Z"},"geometry":{"type":"Polygon","coordinates":[[[126.7045846,37.4445584],[126.7045738,37.4444897],[126.7047335,37.444474],[126.7047443,37.4445427],[126.7045846,37.4445584]]]}},{"type":"Feature","id":615174069,"properties":{"osmId":615174069,"name":"","height":null,"heightTag":null,"building":"yes","updatedAt":"2026-04-02T07:42:49Z"},"geometry":{"type":"Polygon","coordinates":[[[126.7046083,37.4446562],[126.7045982,37.4445838],[126.7047991,37.4445661],[126.7048037,37.4445987],[126.704766,37.4446423],[126.7046083,37.4446562]]]}},{"type":"Feature","id":615174070,"properties":{"osmId":615174070,"name":"","height":null,"heightTag":null,"building":"yes","updatedAt":"2026-04-02T07:42:49Z"},"geometry":{"type":"Polygon","coordinates":[[[126.7047804,37.4437153],[126.704775,37.4436633],[126.7050018,37.4436486],[126.7050071,37.4437005],[126.7047804,37.4437153]]]}},{"type":"Feature","id":615174071,"properties":{"osmId":615174071,"name":"","height":null,"heightTag":null,"building":"yes","updatedAt":"2026-04-02T07:42:49Z"},"geometry":{"type":"Polygon","coordinates":[[[126.7047999,37.4438055],[126.7047941,37.443729],[126.7049983,37.4437192],[126.7050041,37.4437958],[126.7047999,37.4438055]]]}},{"type":"Feature","id":615174072,"properties":{"osmId":615174072,"name":"","height":null,"heightTag":null,"building":"yes","updatedAt":"2026-04-02T07:42:49Z"},"geometry":{"type":"Polygon","coordinates":[[[126.7050252,37.4437916],[126.7050154,37.4436878],[126.7051344,37.4436807],[126.7051442,37.4437845],[126.7050252,37.4437916]]]}},{"type":"Feature","id":615174073,"properties":{"osmId":615174073,"name":"","height":null,"heightTag":null,"building":"yes","updatedAt":"2026-04-02T07:42:49Z"},"geometry":{"type":"Polygon","coordinates":[[[126.7051612,37.4437729],[126.7051508,37.4436283],[126.7052258,37.4436249],[126.7052725,37.4436555],[126.7052806,37.4437675],[126.7051612,37.4437729]]]}},{"type":"Feature","id":615174074,"properties":{"osmId":615174074,"name":"","height":null,"heightTag":null,"building":"yes","updatedAt":"2026-04-02T07:42:49Z"},"geometry":{"type":"Polygon","coordinates":[[[126.7047984,37.4439059],[126.7047962,37.4438492],[126.7048596,37.4438477],[126.704859,37.4438296],[126.7049353,37.4438277],[126.7049382,37.4439025],[126.7047984,37.4439059]]]}},{"type":"Feature","id":615174075,"properties":{"osmId":615174075,"name":"","height":null,"heightTag":null,"building":"yes","updatedAt":"2026-04-02T07:42:49Z"},"geometry":{"type":"Polygon","coordinates":[[[126.7049557,37.4439005],[126.7049532,37.4438255],[126.7050793,37.4438228],[126.7050818,37.4438979],[126.7049557,37.4439005]]]}},{"type":"Feature","id":615174076,"properties":{"osmId":615174076,"name":"","height":null,"heightTag":null,"building":"yes","updatedAt":"2026-04-02T07:42:49Z"},"geometry":{"type":"Polygon","coordinates":[[[126.7051223,37.4439063],[126.7051145,37.4438145],[126.7052995,37.4438045],[126.7053073,37.4438963],[126.7051223,37.4439063]]]}},{"type":"Feature","id":615174077,"properties":{"osmId":615174077,"name":"","height":null,"heightTag":null,"building":"yes","updatedAt":"2026-04-02T07:42:49Z"},"geometry":{"type":"Polygon","coordinates":[[[126.7048256,37.4440828],[126.7048111,37.4439779],[126.7049347,37.4439672],[126.7049491,37.4440721],[126.7048256,37.4440828]]]}},{"type":"Feature","id":615174078,"properties":{"osmId":615174078,"name":"","height":null,"heightTag":null,"building":"yes","updatedAt":"2026-04-02T07:42:49Z"},"geometry":{"type":"Polygon","coordinates":[[[126.7049885,37.4440656],[126.7049808,37.4439774],[126.7050355,37.4439744],[126.7050337,37.4439535],[126.7050929,37.4439503],[126.7051024,37.4440594],[126.7049885,37.4440656]]]}},{"type":"Feature","id":615174079,"properties":{"osmId":615174079,"name":"","height":null,"heightTag":null,"building":"yes","updatedAt":"2026-04-02T07:42:49Z"},"geometry":{"type":"Polygon","coordinates":[[[126.7051481,37.4440518],[126.7051445,37.4439571],[126.7052941,37.4439535],[126.705297,37.4440318],[126.7052877,37.4440485],[126.7051481,37.4440518]]]}},{"type":"Feature","id":615174080,"properties":{"osmId":615174080,"name":"","height":null,"heightTag":null,"building":"yes","updatedAt":"2026-04-02T07:42:49Z"},"geometry":{"type":"Polygon","coordinates":[[[126.7048223,37.4442179],[126.7048135,37.4441316],[126.7049704,37.4441215],[126.7049792,37.4442078],[126.7048223,37.4442179]]]}},{"type":"Feature","id":615174081,"properties":{"osmId":615174081,"name":"","height":null,"heightTag":null,"building":"yes","updatedAt":"2026-04-02T07:42:49Z"},"geometry":{"type":"Polygon","coordinates":[[[126.7048649,37.4443268],[126.7048553,37.4442576],[126.7049989,37.4442452],[126.7050084,37.4443143],[126.7048649,37.4443268]]]}},{"type":"Feature","id":615174082,"properties":{"osmId":615174082,"name":"","height":null,"heightTag":null,"building":"yes","updatedAt":"2026-04-02T07:42:49Z"},"geometry":{"type":"Polygon","coordinates":[[[126.7048667,37.4444235],[126.704862,37.4443914],[126.7049033,37.4443876],[126.7048968,37.4443432],[126.7050218,37.4443317],[126.705033,37.4444082],[126.7048667,37.4444235]]]}},{"type":"Feature","id":615174083,"properties":{"osmId":615174083,"name":"","height":null,"heightTag":null,"building":"yes","updatedAt":"2026-04-02T07:42:49Z"},"geometry":{"type":"Polygon","coordinates":[[[126.7048817,37.4445175],[126.7048778,37.4444764],[126.7049013,37.444475],[126.704898,37.4444394],[126.7050391,37.444431],[126.7050463,37.4445076],[126.7048817,37.4445175]]]}},{"type":"Feature","id":615174084,"properties":{"osmId":615174084,"name":"","height":null,"heightTag":null,"building":"yes","updatedAt":"2026-04-02T07:42:49Z"},"geometry":{"type":"Polygon","coordinates":[[[126.7050535,37.4446191],[126.7049269,37.444626],[126.7048989,37.4446112],[126.7048945,37.4445604],[126.7049521,37.4445573],[126.7049504,37.4445376],[126.705046,37.4445323],[126.7050535,37.4446191]]]}},{"type":"Feature","id":615174085,"properties":{"osmId":615174085,"name":"","height":null,"heightTag":null,"building":"yes","updatedAt":"2026-04-02T07:42:49Z"},"geometry":{"type":"Polygon","coordinates":[[[126.7050901,37.4445931],[126.705071,37.4444672],[126.7052136,37.4444536],[126.7052326,37.4445795],[126.7050901,37.4445931]]]}},{"type":"Feature","id":615174086,"properties":{"osmId":615174086,"name":"","height":null,"heightTag":null,"building":"yes","updatedAt":"2026-04-02T07:42:49Z"},"geometry":{"type":"Polygon","coordinates":[[[126.7050212,37.4442628],[126.7050093,37.4441492],[126.7051616,37.4441392],[126.7051735,37.4442527],[126.7050212,37.4442628]]]}},{"type":"Feature","id":615174087,"properties":{"osmId":615174087,"name":"","height":null,"heightTag":null,"building":"yes","updatedAt":"2026-04-02T07:42:49Z"},"geometry":{"type":"Polygon","coordinates":[[[126.7050555,37.4444322],[126.7050495,37.4443581],[126.7052019,37.4443503],[126.7052079,37.4444244],[126.7050555,37.4444322]]]}},{"type":"Feature","id":615174088,"properties":{"osmId":615174088,"name":"","height":null,"heightTag":null,"building":"yes","updatedAt":"2026-04-02T07:42:49Z"},"geometry":{"type":"Polygon","coordinates":[[[126.7052216,37.4442272],[126.7052145,37.4440877],[126.7053137,37.4440845],[126.7053208,37.4442241],[126.7052216,37.4442272]]]}},{"type":"Feature","id":615174089,"properties":{"osmId":615174089,"name":"","height":null,"heightTag":null,"building":"yes","updatedAt":"2026-04-02T07:42:49Z"},"geometry":{"type":"Polygon","coordinates":[[[126.7052385,37.4443991],[126.705234,37.4443089],[126.7052541,37.4443083],[126.7052531,37.444289],[126.7053469,37.444286],[126.7053524,37.4443955],[126.7052385,37.4443991]]]}},{"type":"Feature","id":615174090,"properties":{"osmId":615174090,"name":"","height":null,"heightTag":null,"building":"yes","updatedAt":"2026-04-02T07:42:49Z"},"geometry":{"type":"Polygon","coordinates":[[[126.7052519,37.4445934],[126.7052363,37.4444454],[126.7053569,37.4444374],[126.7053706,37.4445676],[126.7053613,37.4445861],[126.7052519,37.4445934]]]}},{"type":"Feature","id":615181226,"properties":{"osmId":615181226,"name":"두플라스 주상복합","height":null,"heightTag":null,"building":"yes","updatedAt":"2026-04-02T07:42:49Z"},"geometry":{"type":"Polygon","coordinates":[[[126.710287,37.4413148],[126.7102843,37.4411481],[126.7109568,37.4411412],[126.7109595,37.4413079],[126.710287,37.4413148]]]}},{"type":"Feature","id":615181227,"properties":{"osmId":615181227,"name":"","height":45,"heightTag":"45","building":"yes","updatedAt":"2026-07-22T10:30:39Z"},"geometry":{"type":"Polygon","coordinates":[[[126.7094858,37.440357],[126.7098499,37.4403571],[126.7098499,37.4403424],[126.7098986,37.4403424],[126.7098986,37.440308],[126.7099323,37.440308],[126.7099324,37.440081],[126.7097843,37.4400809],[126.7097843,37.4401413],[126.7093948,37.4401412],[126.7093947,37.440307],[126.7094381,37.440307],[126.7094381,37.4403407],[126.7094858,37.4403407],[126.7094858,37.440357]]]}},{"type":"Feature","id":615181228,"properties":{"osmId":615181228,"name":"","height":44,"heightTag":"44","building":"yes","updatedAt":"2026-07-22T10:30:39Z"},"geometry":{"type":"Polygon","coordinates":[[[126.7099384,37.4400559],[126.7097765,37.440055],[126.7097771,37.4399878],[126.7093907,37.4399857],[126.7093928,37.4397511],[126.7095549,37.439752],[126.7095548,37.4397612],[126.7097868,37.4397625],[126.7097869,37.4397465],[126.7099412,37.4397473],[126.7099384,37.4400559]]]}},{"type":"Feature","id":615181229,"properties":{"osmId":615181229,"name":"","height":46,"heightTag":"46","building":"yes","updatedAt":"2026-07-22T10:30:39Z"},"geometry":{"type":"Polygon","coordinates":[[[126.7093911,37.439705],[126.7093907,37.4394663],[126.7097016,37.4394659],[126.7097015,37.4393955],[126.70989,37.4393953],[126.7098906,37.4397044],[126.7093911,37.439705]]]}},{"type":"Feature","id":615181230,"properties":{"osmId":615181230,"name":"","height":46,"heightTag":"46","building":"yes","updatedAt":"2026-07-22T10:30:39Z"},"geometry":{"type":"Polygon","coordinates":[[[126.7097602,37.4393718],[126.7097608,37.4393221],[126.7093842,37.4393191],[126.7093868,37.4391113],[126.7094505,37.4390628],[126.7098505,37.4390621],[126.7098903,37.439107],[126.7098869,37.4393728],[126.7097602,37.4393718]]]}},{"type":"Feature","id":617629949,"properties":{"osmId":617629949,"name":"","height":null,"heightTag":null,"building":"yes","updatedAt":"2018-08-17T13:31:04Z"},"geometry":{"type":"Polygon","coordinates":[[[126.7218259,37.4586151],[126.7218178,37.4584669],[126.7219217,37.4584527],[126.7219379,37.4586086],[126.7218259,37.4586151]]]}},{"type":"Feature","id":619380019,"properties":{"osmId":619380019,"name":"","height":null,"heightTag":null,"building":"yes","updatedAt":"2026-04-02T07:42:49Z"},"geometry":{"type":"Polygon","coordinates":[[[126.7036086,37.4448478],[126.7036048,37.4448012],[126.7036335,37.4447813],[126.703806,37.4447696],[126.7038113,37.4448322],[126.7036086,37.4448478]]]}},{"type":"Feature","id":619380020,"properties":{"osmId":619380020,"name":"","height":null,"heightTag":null,"building":"yes","updatedAt":"2026-04-02T07:42:49Z"},"geometry":{"type":"Polygon","coordinates":[[[126.7038023,37.4450286],[126.7036638,37.4450369],[126.7036514,37.4450313],[126.7036476,37.445021],[126.7036514,37.4450087],[126.7036383,37.4448697],[126.7037865,37.4448609],[126.7038023,37.4450286]]]}},{"type":"Feature","id":619380021,"properties":{"osmId":619380021,"name":"","height":null,"heightTag":null,"building":"yes","updatedAt":"2026-04-02T07:42:49Z"},"geometry":{"type":"Polygon","coordinates":[[[126.7038143,37.4452487],[126.70371,37.4452552],[126.7036877,37.4452521],[126.7036676,37.4452417],[126.7036607,37.4452246],[126.703652,37.4451365],[126.7038023,37.4451271],[126.7038143,37.4452487]]]}},{"type":"Feature","id":619380022,"properties":{"osmId":619380022,"name":"","height":null,"heightTag":null,"building":"yes","updatedAt":"2026-04-02T07:42:49Z"},"geometry":{"type":"Polygon","coordinates":[[[126.7038676,37.4452234],[126.7038542,37.4451444],[126.7041426,37.4451137],[126.704156,37.4451927],[126.7038676,37.4452234]]]}},{"type":"Feature","id":619380023,"properties":{"osmId":619380023,"name":"","height":null,"heightTag":null,"building":"yes","updatedAt":"2026-04-02T07:42:49Z"},"geometry":{"type":"Polygon","coordinates":[[[126.7038623,37.4450901],[126.7038514,37.4449991],[126.7039026,37.4449952],[126.7039042,37.4450085],[126.7039466,37.4450053],[126.7039492,37.4450272],[126.703978,37.445025],[126.7039847,37.4450808],[126.7038623,37.4450901]]]}},{"type":"Feature","id":619380024,"properties":{"osmId":619380024,"name":"","height":null,"heightTag":null,"building":"yes","updatedAt":"2026-04-02T07:42:49Z"},"geometry":{"type":"Polygon","coordinates":[[[126.7039346,37.4449406],[126.7038478,37.4449478],[126.7038268,37.4447874],[126.7039136,37.4447802],[126.7039346,37.4449406]]]}},{"type":"Feature","id":619380025,"properties":{"osmId":619380025,"name":"","height":null,"heightTag":null,"building":"yes","updatedAt":"2026-04-02T07:42:49Z"},"geometry":{"type":"Polygon","coordinates":[[[126.7039477,37.444782],[126.703944,37.4447567],[126.7040462,37.4447474],[126.7040499,37.4447727],[126.7039477,37.444782]]]}},{"type":"Feature","id":619380026,"properties":{"osmId":619380026,"name":"","height":null,"heightTag":null,"building":"yes","updatedAt":"2026-04-02T07:42:49Z"},"geometry":{"type":"Polygon","coordinates":[[[126.7043043,37.445195],[126.7042905,37.4451093],[126.7045084,37.4450873],[126.7045222,37.4451729],[126.7043043,37.445195]]]}},{"type":"Feature","id":619380027,"properties":{"osmId":619380027,"name":"","height":null,"heightTag":null,"building":"yes","updatedAt":"2026-04-02T07:42:49Z"},"geometry":{"type":"Polygon","coordinates":[[[126.7045716,37.445175],[126.704562,37.4451029],[126.7046244,37.4450977],[126.7046255,37.4451059],[126.7046912,37.4451004],[126.7046996,37.4451643],[126.7045716,37.445175]]]}},{"type":"Feature","id":619380028,"properties":{"osmId":619380028,"name":"","height":null,"heightTag":null,"building":"yes","updatedAt":"2026-04-02T07:42:49Z"},"geometry":{"type":"Polygon","coordinates":[[[126.7042864,37.4450335],[126.7042791,37.4449924],[126.7044925,37.4449685],[126.7044998,37.4450096],[126.7042864,37.4450335]]]}},{"type":"Feature","id":619380029,"properties":{"osmId":619380029,"name":"","height":null,"heightTag":null,"building":"yes","updatedAt":"2026-04-02T07:42:49Z"},"geometry":{"type":"Polygon","coordinates":[[[126.7045509,37.4450477],[126.7045385,37.4449718],[126.7046605,37.4449593],[126.7046729,37.4450352],[126.7045509,37.4450477]]]}},{"type":"Feature","id":619380030,"properties":{"osmId":619380030,"name":"","height":null,"heightTag":null,"building":"yes","updatedAt":"2026-04-02T07:42:49Z"},"geometry":{"type":"Polygon","coordinates":[[[126.704227,37.4449459],[126.7042159,37.4448786],[126.7043858,37.4448609],[126.7043969,37.4449281],[126.704227,37.4449459]]]}},{"type":"Feature","id":619380031,"properties":{"osmId":619380031,"name":"","height":null,"heightTag":null,"building":"yes","updatedAt":"2026-04-02T07:42:49Z"},"geometry":{"type":"Polygon","coordinates":[[[126.704211,37.4448314],[126.7042004,37.4447654],[126.7043607,37.4447493],[126.7043712,37.4448153],[126.704211,37.4448314]]]}},{"type":"Feature","id":619380032,"properties":{"osmId":619380032,"name":"","height":null,"heightTag":null,"building":"yes","updatedAt":"2026-04-02T07:42:49Z"},"geometry":{"type":"Polygon","coordinates":[[[126.7044119,37.4449433],[126.7043978,37.4448556],[126.70448,37.4448472],[126.704484,37.4448717],[126.7045078,37.4448693],[126.704518,37.4449325],[126.7044119,37.4449433]]]}},{"type":"Feature","id":619380033,"properties":{"osmId":619380033,"name":"","height":null,"heightTag":null,"building":"yes","updatedAt":"2026-04-02T07:42:49Z"},"geometry":{"type":"Polygon","coordinates":[[[126.7045469,37.4449188],[126.7045218,37.4447418],[126.704614,37.4447336],[126.704639,37.4449105],[126.7045469,37.4449188]]]}},{"type":"Feature","id":619380034,"properties":{"osmId":619380034,"name":"","height":null,"heightTag":null,"building":"yes","updatedAt":"2026-04-02T07:42:49Z"},"geometry":{"type":"Polygon","coordinates":[[[126.7046923,37.4449073],[126.7046672,37.4447304],[126.7047594,37.4447221],[126.7047844,37.4448991],[126.7046923,37.4449073]]]}},{"type":"Feature","id":619380035,"properties":{"osmId":619380035,"name":"","height":null,"heightTag":null,"building":"yes","updatedAt":"2026-04-02T07:42:49Z"},"geometry":{"type":"Polygon","coordinates":[[[126.704834,37.4448902],[126.704809,37.4447133],[126.7049011,37.444705],[126.7049261,37.444882],[126.704834,37.4448902]]]}},{"type":"Feature","id":619380036,"properties":{"osmId":619380036,"name":"","height":null,"heightTag":null,"building":"yes","updatedAt":"2026-04-02T07:42:49Z"},"geometry":{"type":"Polygon","coordinates":[[[126.7049742,37.4448774],[126.7049491,37.4447004],[126.7050413,37.4446922],[126.7050663,37.4448691],[126.7049742,37.4448774]]]}},{"type":"Feature","id":619380037,"properties":{"osmId":619380037,"name":"","height":null,"heightTag":null,"building":"yes","updatedAt":"2026-04-02T07:42:49Z"},"geometry":{"type":"Polygon","coordinates":[[[126.7051182,37.444867],[126.7050932,37.44469],[126.7051853,37.4446818],[126.7052104,37.4448587],[126.7051182,37.444867]]]}},{"type":"Feature","id":619380038,"properties":{"osmId":619380038,"name":"","height":null,"heightTag":null,"building":"yes","updatedAt":"2026-04-02T07:42:49Z"},"geometry":{"type":"Polygon","coordinates":[[[126.7047345,37.4450437],[126.704725,37.4449833],[126.7047373,37.4449821],[126.7047342,37.4449629],[126.7047966,37.4449567],[126.7047954,37.444949],[126.7048646,37.4449421],[126.7048784,37.4450293],[126.7047345,37.4450437]]]}},{"type":"Feature","id":619380039,"properties":{"osmId":619380039,"name":"","height":null,"heightTag":null,"building":"yes","updatedAt":"2026-04-02T07:42:49Z"},"geometry":{"type":"Polygon","coordinates":[[[126.7047487,37.4451549],[126.7047351,37.445073],[126.7048768,37.4450581],[126.7048904,37.4451401],[126.7047487,37.4451549]]]}},{"type":"Feature","id":619380040,"properties":{"osmId":619380040,"name":"","height":null,"heightTag":null,"building":"yes","updatedAt":"2026-04-02T07:42:49Z"},"geometry":{"type":"Polygon","coordinates":[[[126.7049131,37.445146],[126.7048991,37.4450525],[126.7052638,37.445018],[126.7052778,37.4451116],[126.7049131,37.445146]]]}},{"type":"Feature","id":619380041,"properties":{"osmId":619380041,"name":"","height":null,"heightTag":null,"building":"yes","updatedAt":"2026-04-02T07:42:49Z"},"geometry":{"type":"Polygon","coordinates":[[[126.7049068,37.4450247],[126.7048946,37.4449254],[126.70511,37.4449087],[126.7051205,37.4449943],[126.7049698,37.445006],[126.7049715,37.4450197],[126.7049068,37.4450247]]]}},{"type":"Feature","id":619380042,"properties":{"osmId":619380042,"name":"","height":null,"heightTag":null,"building":"yes","updatedAt":"2026-04-02T07:42:49Z"},"geometry":{"type":"Polygon","coordinates":[[[126.7051321,37.4450123],[126.7051214,37.4449205],[126.7052138,37.4449137],[126.7052245,37.4450055],[126.7051321,37.4450123]]]}},{"type":"Feature","id":619380043,"properties":{"osmId":619380043,"name":"","height":null,"heightTag":null,"building":"yes","updatedAt":"2026-04-02T07:42:49Z"},"geometry":{"type":"Polygon","coordinates":[[[126.7053397,37.4450519],[126.7053331,37.4449422],[126.7053756,37.4449406],[126.705375,37.44493],[126.705398,37.4449291],[126.7053987,37.4449403],[126.7054433,37.4449386],[126.7054498,37.4450477],[126.7053397,37.4450519]]]}},{"type":"Feature","id":619380044,"properties":{"osmId":619380044,"name":"","height":null,"heightTag":null,"building":"yes","updatedAt":"2026-04-02T07:42:49Z"},"geometry":{"type":"Polygon","coordinates":[[[126.7052317,37.4448588],[126.7052228,37.444793],[126.7054217,37.4447761],[126.7054306,37.444842],[126.7052317,37.4448588]]]}},{"type":"Feature","id":619380045,"properties":{"osmId":619380045,"name":"","height":null,"heightTag":null,"building":"yes","updatedAt":"2026-04-02T07:42:49Z"},"geometry":{"type":"Polygon","coordinates":[[[126.7052236,37.4447389],[126.7052159,37.4446908],[126.7052452,37.4446878],[126.7052439,37.4446799],[126.7053721,37.4446667],[126.7054129,37.44469],[126.7054176,37.444719],[126.7052236,37.4447389]]]}},{"type":"Feature","id":619381138,"properties":{"osmId":619381138,"name":"","height":null,"heightTag":null,"building":"yes","updatedAt":"2026-04-02T07:42:49Z"},"geometry":{"type":"Polygon","coordinates":[[[126.7056569,37.4441047],[126.7054829,37.4441211],[126.7054718,37.4440463],[126.7056457,37.4440299],[126.7056569,37.4441047]]]}},{"type":"Feature","id":619381139,"properties":{"osmId":619381139,"name":"","height":null,"heightTag":null,"building":"yes","updatedAt":"2026-04-02T07:42:49Z"},"geometry":{"type":"Polygon","coordinates":[[[126.7055264,37.4436685],[126.7053547,37.44368],[126.7053502,37.4436378],[126.7053794,37.4436125],[126.7055195,37.4436031],[126.7055264,37.4436685]]]}},{"type":"Feature","id":619381140,"properties":{"osmId":619381140,"name":"","height":null,"heightTag":null,"building":"yes","updatedAt":"2026-04-02T07:42:49Z"},"geometry":{"type":"Polygon","coordinates":[[[126.705382,37.4438048],[126.7053717,37.4437238],[126.7055325,37.443711],[126.7055428,37.4437919],[126.705382,37.4438048]]]}},{"type":"Feature","id":619381141,"properties":{"osmId":619381141,"name":"","height":null,"heightTag":null,"building":"yes","updatedAt":"2026-04-02T07:42:49Z"},"geometry":{"type":"Polygon","coordinates":[[[126.7053957,37.443943],[126.7053847,37.4438619],[126.7055503,37.4438478],[126.7055613,37.4439289],[126.7053957,37.443943]]]}},{"type":"Feature","id":619381142,"properties":{"osmId":619381142,"name":"","height":null,"heightTag":null,"building":"yes","updatedAt":"2026-04-02T07:42:49Z"},"geometry":{"type":"Polygon","coordinates":[[[126.7054065,37.4439856],[126.705401,37.4439533],[126.705558,37.4439363],[126.7055635,37.4439686],[126.7054065,37.4439856]]]}},{"type":"Feature","id":619381143,"properties":{"osmId":619381143,"name":"","height":null,"heightTag":null,"building":"yes","updatedAt":"2026-04-02T07:42:49Z"},"geometry":{"type":"Polygon","coordinates":[[[126.7054151,37.4440242],[126.7054096,37.4439919],[126.7055666,37.4439749],[126.7055721,37.4440072],[126.7054151,37.4440242]]]}},{"type":"Feature","id":619381144,"properties":{"osmId":619381144,"name":"","height":null,"heightTag":null,"building":"yes","updatedAt":"2026-04-02T07:42:49Z"},"geometry":{"type":"Polygon","coordinates":[[[126.7055675,37.4436841],[126.7055579,37.4436003],[126.7057151,37.443589],[126.7057247,37.4436727],[126.7055675,37.4436841]]]}},{"type":"Feature","id":619381145,"properties":{"osmId":619381145,"name":"","height":null,"heightTag":null,"building":"yes","updatedAt":"2026-04-02T07:42:49Z"},"geometry":{"type":"Polygon","coordinates":[[[126.7055846,37.4438134],[126.7055696,37.4437166],[126.7057358,37.4437005],[126.7057508,37.4437972],[126.7055846,37.4438134]]]}},{"type":"Feature","id":619381146,"properties":{"osmId":619381146,"name":"","height":null,"heightTag":null,"building":"yes","updatedAt":"2026-04-02T07:42:49Z"},"geometry":{"type":"Polygon","coordinates":[[[126.7056466,37.443982],[126.7056262,37.4439645],[126.7056177,37.4438673],[126.7057716,37.4438588],[126.7057817,37.4439746],[126.7056466,37.443982]]]}},{"type":"Feature","id":619381147,"properties":{"osmId":619381147,"name":"","height":null,"heightTag":null,"building":"yes","updatedAt":"2026-04-02T07:42:49Z"},"geometry":{"type":"Polygon","coordinates":[[[126.7056988,37.4441095],[126.7056875,37.4440269],[126.7058195,37.4440155],[126.7058308,37.4440981],[126.7056988,37.4441095]]]}},{"type":"Feature","id":619381148,"properties":{"osmId":619381148,"name":"","height":null,"heightTag":null,"building":"yes","updatedAt":"2026-04-02T07:42:49Z"},"geometry":{"type":"Polygon","coordinates":[[[126.7058368,37.4440723],[126.7058248,37.4439807],[126.7059801,37.4439678],[126.7059922,37.4440594],[126.7058368,37.4440723]]]}},{"type":"Feature","id":619381149,"properties":{"osmId":619381149,"name":"","height":null,"heightTag":null,"building":"yes","updatedAt":"2026-04-02T07:42:49Z"},"geometry":{"type":"Polygon","coordinates":[[[126.7058254,37.4439333],[126.7058159,37.4438424],[126.7059513,37.4438335],[126.7059608,37.4439244],[126.7058254,37.4439333]]]}},{"type":"Feature","id":619381150,"properties":{"osmId":619381150,"name":"","height":null,"heightTag":null,"building":"yes","updatedAt":"2026-04-02T07:42:49Z"},"geometry":{"type":"Polygon","coordinates":[[[126.7057831,37.4438157],[126.7057722,37.4437247],[126.7059377,37.4437123],[126.7059483,37.4437214],[126.705958,37.4438025],[126.7057831,37.4438157]]]}},{"type":"Feature","id":619381151,"properties":{"osmId":619381151,"name":"","height":null,"heightTag":null,"building":"yes","updatedAt":"2026-04-02T07:42:49Z"},"geometry":{"type":"Polygon","coordinates":[[[126.7057632,37.4436973],[126.7057514,37.4435954],[126.7058588,37.4435875],[126.7058706,37.4436895],[126.7057632,37.4436973]]]}},{"type":"Feature","id":619381152,"properties":{"osmId":619381152,"name":"","height":null,"heightTag":null,"building":"yes","updatedAt":"2026-04-02T07:42:49Z"},"geometry":{"type":"Polygon","coordinates":[[[126.7060042,37.4440605],[126.7059757,37.4438494],[126.7061051,37.4438383],[126.7061337,37.4440495],[126.7060042,37.4440605]]]}},{"type":"Feature","id":619381153,"properties":{"osmId":619381153,"name":"","height":null,"heightTag":null,"building":"yes","updatedAt":"2026-04-02T07:42:49Z"},"geometry":{"type":"Polygon","coordinates":[[[126.7059823,37.4438245],[126.705968,37.4437033],[126.7060525,37.443697],[126.7060598,37.4437593],[126.7060969,37.4437565],[126.7061039,37.4438155],[126.7059823,37.4438245]]]}},{"type":"Feature","id":619381154,"properties":{"osmId":619381154,"name":"","height":null,"heightTag":null,"building":"yes","updatedAt":"2026-04-02T07:42:49Z"},"geometry":{"type":"Polygon","coordinates":[[[126.7058837,37.4436892],[126.7058727,37.4435872],[126.7060905,37.4435724],[126.7061015,37.4436744],[126.7058837,37.4436892]]]}},{"type":"Feature","id":619381155,"properties":{"osmId":619381155,"name":"","height":null,"heightTag":null,"building":"yes","updatedAt":"2026-04-02T07:42:49Z"},"geometry":{"type":"Polygon","coordinates":[[[126.7061185,37.4436586],[126.7061069,37.4435746],[126.7062367,37.4435633],[126.7062827,37.4435872],[126.7062905,37.4436437],[126.7061185,37.4436586]]]}},{"type":"Feature","id":619381156,"properties":{"osmId":619381156,"name":"","height":null,"heightTag":null,"building":"yes","updatedAt":"2026-04-02T07:42:49Z"},"geometry":{"type":"Polygon","coordinates":[[[126.7061231,37.443809],[126.7061114,37.4437126],[126.7062846,37.4436994],[126.7062963,37.4437958],[126.7061231,37.443809]]]}},{"type":"Feature","id":619381157,"properties":{"osmId":619381157,"name":"","height":null,"heightTag":null,"building":"yes","updatedAt":"2026-04-02T07:42:49Z"},"geometry":{"type":"Polygon","coordinates":[[[126.7061761,37.4440595],[126.7061519,37.443832],[126.7062633,37.4438245],[126.7062875,37.444052],[126.7061761,37.4440595]]]}},{"type":"Feature","id":619389408,"properties":{"osmId":619389408,"name":"","height":null,"heightTag":null,"building":"yes","updatedAt":"2026-04-02T07:42:49Z"},"geometry":{"type":"Polygon","coordinates":[[[126.7056156,37.444563],[126.7055389,37.4445704],[126.705484,37.4445491],[126.7054773,37.4445055],[126.7056048,37.4444932],[126.7056156,37.444563]]]}},{"type":"Feature","id":619389409,"properties":{"osmId":619389409,"name":"","height":null,"heightTag":null,"building":"yes","updatedAt":"2026-04-02T07:42:49Z"},"geometry":{"type":"Polygon","coordinates":[[[126.7054861,37.4444882],[126.7054757,37.444421],[126.705596,37.4444093],[126.7056063,37.4444765],[126.7054861,37.4444882]]]}},{"type":"Feature","id":619389410,"properties":{"osmId":619389410,"name":"","height":null,"heightTag":null,"building":"yes","updatedAt":"2026-04-02T07:42:49Z"},"geometry":{"type":"Polygon","coordinates":[[[126.7054727,37.4443979],[126.7054611,37.4443129],[126.7055701,37.4443035],[126.7055817,37.4443885],[126.7054727,37.4443979]]]}},{"type":"Feature","id":619389411,"properties":{"osmId":619389411,"name":"","height":null,"heightTag":null,"building":"yes","updatedAt":"2026-04-02T07:42:49Z"},"geometry":{"type":"Polygon","coordinates":[[[126.7054679,37.4442814],[126.7054583,37.4442256],[126.705491,37.4442006],[126.705701,37.4441779],[126.7057142,37.4442547],[126.7054679,37.4442814]]]}},{"type":"Feature","id":619389412,"properties":{"osmId":619389412,"name":"","height":null,"heightTag":null,"building":"yes","updatedAt":"2026-04-02T07:42:49Z"},"geometry":{"type":"Polygon","coordinates":[[[126.7056577,37.4445603],[126.7056425,37.4444533],[126.7057354,37.444445],[126.7057506,37.4445519],[126.7056577,37.4445603]]]}},{"type":"Feature","id":619389413,"properties":{"osmId":619389413,"name":"","height":null,"heightTag":null,"building":"yes","updatedAt":"2026-04-02T07:42:49Z"},"geometry":{"type":"Polygon","coordinates":[[[126.7056349,37.444422],[126.7056228,37.4443173],[126.7057197,37.4443102],[126.7057318,37.444415],[126.7056349,37.444422]]]}},{"type":"Feature","id":619389414,"properties":{"osmId":619389414,"name":"","height":null,"heightTag":null,"building":"yes","updatedAt":"2026-04-02T07:42:49Z"},"geometry":{"type":"Polygon","coordinates":[[[126.7059244,37.4445065],[126.705902,37.4443829],[126.7061421,37.4443554],[126.7061646,37.4444791],[126.7060533,37.4444918],[126.7060564,37.4445091],[126.7060102,37.4445144],[126.7060071,37.4444971],[126.7059244,37.4445065]]]}},{"type":"Feature","id":619389416,"properties":{"osmId":619389416,"name":"","height":null,"heightTag":null,"building":"yes","updatedAt":"2026-04-02T07:42:49Z"},"geometry":{"type":"Polygon","coordinates":[[[126.7062072,37.4445038],[126.7061895,37.4443516],[126.7063185,37.4443422],[126.7063236,37.444386],[126.7063812,37.4443818],[126.7063911,37.4444676],[126.7063596,37.4444926],[126.7062072,37.4445038]]]}},{"type":"Feature","id":619389417,"properties":{"osmId":619389417,"name":"","height":null,"heightTag":null,"building":"yes","updatedAt":"2026-04-02T07:42:49Z"},"geometry":{"type":"Polygon","coordinates":[[[126.7061571,37.4443112],[126.7061477,37.4442379],[126.7061952,37.444234],[126.7061922,37.4442106],[126.7062654,37.4442047],[126.7062779,37.4443014],[126.7061571,37.4443112]]]}},{"type":"Feature","id":619389418,"properties":{"osmId":619389418,"name":"","height":null,"heightTag":null,"building":"yes","updatedAt":"2026-04-02T07:42:49Z"},"geometry":{"type":"Polygon","coordinates":[[[126.705545,37.4447889],[126.7055295,37.4446919],[126.705561,37.4446585],[126.7056432,37.4446502],[126.7056635,37.444777],[126.705545,37.4447889]]]}},{"type":"Feature","id":619389419,"properties":{"osmId":619389419,"name":"","height":null,"heightTag":null,"building":"yes","updatedAt":"2026-04-02T07:42:49Z"},"geometry":{"type":"Polygon","coordinates":[[[126.7057021,37.4447699],[126.7056837,37.4446551],[126.7058053,37.4446428],[126.7058237,37.4447576],[126.7057021,37.4447699]]]}},{"type":"Feature","id":619389420,"properties":{"osmId":619389420,"name":"","height":null,"heightTag":null,"building":"yes","updatedAt":"2026-04-02T07:42:49Z"},"geometry":{"type":"Polygon","coordinates":[[[126.7058743,37.4447539],[126.7058566,37.4446413],[126.7059721,37.4446299],[126.7059898,37.4447424],[126.7058743,37.4447539]]]}},{"type":"Feature","id":619389421,"properties":{"osmId":619389421,"name":"","height":null,"heightTag":null,"building":"yes","updatedAt":"2026-04-02T07:42:49Z"},"geometry":{"type":"Polygon","coordinates":[[[126.7059061,37.4449241],[126.7058947,37.4448244],[126.7060004,37.4448168],[126.7060118,37.4449164],[126.7059061,37.4449241]]]}},{"type":"Feature","id":619389422,"properties":{"osmId":619389422,"name":"","height":null,"heightTag":null,"building":"yes","updatedAt":"2026-04-02T07:42:49Z"},"geometry":{"type":"Polygon","coordinates":[[[126.7059297,37.4450624],[126.7059156,37.4449573],[126.706029,37.4449477],[126.7060432,37.4450527],[126.7059297,37.4450624]]]}},{"type":"Feature","id":619389423,"properties":{"osmId":619389423,"name":"","height":null,"heightTag":null,"building":"yes","updatedAt":"2026-04-02T07:42:49Z"},"geometry":{"type":"Polygon","coordinates":[[[126.7060039,37.4447066],[126.705991,37.4446251],[126.7061476,37.4446094],[126.7061605,37.4446909],[126.7060039,37.4447066]]]}},{"type":"Feature","id":619389424,"properties":{"osmId":619389424,"name":"","height":null,"heightTag":null,"building":"yes","updatedAt":"2026-04-02T07:42:49Z"},"geometry":{"type":"Polygon","coordinates":[[[126.7061717,37.444687],[126.7061588,37.4446066],[126.7063836,37.444584],[126.7064227,37.4446113],[126.7064306,37.4446609],[126.7061717,37.444687]]]}},{"type":"Feature","id":619389425,"properties":{"osmId":619389425,"name":"","height":null,"heightTag":null,"building":"yes","updatedAt":"2026-04-02T07:42:49Z"},"geometry":{"type":"Polygon","coordinates":[[[126.7060561,37.4450487],[126.7060199,37.444753],[126.706237,37.4447308],[126.7062569,37.4448856],[126.7063456,37.4448773],[126.7063608,37.4450098],[126.7063433,37.4450246],[126.7060561,37.4450487]]]}},{"type":"Feature","id":619390303,"properties":{"osmId":619390303,"name":"","height":null,"heightTag":null,"building":"yes","updatedAt":"2026-04-02T07:42:49Z"},"geometry":{"type":"Polygon","coordinates":[[[126.7064076,37.4435473],[126.706387,37.4433481],[126.7064977,37.4433409],[126.7065092,37.443343],[126.7065266,37.4435395],[126.7064076,37.4435473]]]}},{"type":"Feature","id":619390304,"properties":{"osmId":619390304,"name":"","height":null,"heightTag":null,"building":"yes","updatedAt":"2026-04-02T07:42:49Z"},"geometry":{"type":"Polygon","coordinates":[[[126.7065449,37.4436699],[126.7065337,37.4435477],[126.7064319,37.4435536],[126.7064431,37.4436758],[126.7065449,37.4436699]]]}},{"type":"Feature","id":619390305,"properties":{"osmId":619390305,"name":"","height":null,"heightTag":null,"building":"yes","updatedAt":"2026-04-02T07:42:49Z"},"geometry":{"type":"Polygon","coordinates":[[[126.7064107,37.44386],[126.7063915,37.4436963],[126.7065122,37.4436873],[126.7065314,37.443851],[126.7064107,37.44386]]]}},{"type":"Feature","id":619390306,"properties":{"osmId":619390306,"name":"","height":null,"heightTag":null,"building":"yes","updatedAt":"2026-04-02T07:42:49Z"},"geometry":{"type":"Polygon","coordinates":[[[126.7064723,37.4440227],[126.7064641,37.4439578],[126.7064472,37.4439591],[126.7064383,37.4438891],[126.7065637,37.4438791],[126.7065808,37.444014],[126.7064723,37.4440227]]]}},{"type":"Feature","id":619390307,"properties":{"osmId":619390307,"name":"","height":null,"heightTag":null,"building":"yes","updatedAt":"2026-04-02T07:42:49Z"},"geometry":{"type":"Polygon","coordinates":[[[126.706476,37.4444105],[126.7064647,37.444321],[126.7065128,37.4443171],[126.7064945,37.4441724],[126.7064838,37.4441733],[126.7064764,37.4441148],[126.7066049,37.4441045],[126.706642,37.4443972],[126.706476,37.4444105]]]}},{"type":"Feature","id":619390308,"properties":{"osmId":619390308,"name":"","height":null,"heightTag":null,"building":"yes","updatedAt":"2026-04-02T07:42:49Z"},"geometry":{"type":"Polygon","coordinates":[[[126.7065002,37.4445697],[126.706496,37.4445377],[126.7065191,37.4445358],[126.7065044,37.4444267],[126.7066459,37.4444147],[126.7066648,37.4445558],[126.7065002,37.4445697]]]}},{"type":"Feature","id":619390309,"properties":{"osmId":619390309,"name":"","height":null,"heightTag":null,"building":"yes","updatedAt":"2026-04-02T07:42:49Z"},"geometry":{"type":"Polygon","coordinates":[[[126.7065756,37.4447171],[126.706554,37.4445764],[126.7066842,37.444563],[126.7067027,37.4447061],[126.7065756,37.4447171]]]}},{"type":"Feature","id":619390310,"properties":{"osmId":619390310,"name":"","height":null,"heightTag":null,"building":"yes","updatedAt":"2026-04-02T07:42:49Z"},"geometry":{"type":"Polygon","coordinates":[[[126.7065879,37.4448039],[126.7067116,37.4447925],[126.7066998,37.4447121],[126.7065761,37.4447236],[126.7065879,37.4448039]]]}},{"type":"Feature","id":619440505,"properties":{"osmId":619440505,"name":"메종드시월","height":null,"heightTag":null,"building":"yes","updatedAt":"2026-04-02T07:42:49Z"},"geometry":{"type":"Polygon","coordinates":[[[126.7033998,37.4468058],[126.7033891,37.446667],[126.7036456,37.4466546],[126.7036563,37.4467934],[126.7033998,37.4468058]]]}},{"type":"Feature","id":619440506,"properties":{"osmId":619440506,"name":"","height":null,"heightTag":null,"building":"yes","updatedAt":"2026-04-02T07:42:49Z"},"geometry":{"type":"Polygon","coordinates":[[[126.7036557,37.4455165],[126.703648,37.4454024],[126.7037731,37.4453971],[126.7037807,37.4455112],[126.7036557,37.4455165]]]}},{"type":"Feature","id":619440507,"properties":{"osmId":619440507,"name":"","height":null,"heightTag":null,"building":"yes","updatedAt":"2026-04-02T07:42:49Z"},"geometry":{"type":"Polygon","coordinates":[[[126.7037914,37.445481],[126.7037837,37.4453669],[126.7039088,37.4453616],[126.7039165,37.4454757],[126.7037914,37.445481]]]}},{"type":"Feature","id":619440508,"properties":{"osmId":619440508,"name":"","height":null,"heightTag":null,"building":"yes","updatedAt":"2026-04-02T07:42:49Z"},"geometry":{"type":"Polygon","coordinates":[[[126.7039443,37.4455149],[126.7039294,37.4453743],[126.7043438,37.4453467],[126.7043587,37.4454873],[126.7039443,37.4455149]]]}},{"type":"Feature","id":619440509,"properties":{"osmId":619440509,"name":"","height":null,"heightTag":null,"building":"yes","updatedAt":"2026-04-02T07:42:49Z"},"geometry":{"type":"Polygon","coordinates":[[[126.7044525,37.4454336],[126.7044423,37.445328],[126.7045961,37.4453186],[126.7046536,37.4453586],[126.7046596,37.4454209],[126.7044525,37.4454336]]]}},{"type":"Feature","id":619440510,"properties":{"osmId":619440510,"name":"","height":null,"heightTag":null,"building":"yes","updatedAt":"2026-04-02T07:42:49Z"},"geometry":{"type":"Polygon","coordinates":[[[126.7036633,37.4456142],[126.7036577,37.4455679],[126.7038495,37.4455533],[126.7038712,37.4457324],[126.7038489,37.4457341],[126.7038425,37.4456815],[126.7038548,37.4456806],[126.7038451,37.4456003],[126.7036633,37.4456142]]]}},{"type":"Feature","id":619440511,"properties":{"osmId":619440511,"name":"","height":null,"heightTag":null,"building":"yes","updatedAt":"2026-04-02T07:42:49Z"},"geometry":{"type":"Polygon","coordinates":[[[126.7038895,37.4457292],[126.70387,37.4455478],[126.70397,37.4455411],[126.7039895,37.4457224],[126.7038895,37.4457292]]]}},{"type":"Feature","id":619440512,"properties":{"osmId":619440512,"name":"","height":null,"heightTag":null,"building":"yes","updatedAt":"2026-04-02T07:42:49Z"},"geometry":{"type":"Polygon","coordinates":[[[126.7040464,37.4457046],[126.7040427,37.4456724],[126.7040283,37.4456701],[126.7040145,37.4455478],[126.7041027,37.4455415],[126.7041205,37.4456993],[126.7040464,37.4457046]]]}},{"type":"Feature","id":619440513,"properties":{"osmId":619440513,"name":"","height":null,"heightTag":null,"building":"yes","updatedAt":"2026-04-02T07:42:49Z"},"geometry":{"type":"Polygon","coordinates":[[[126.7042051,37.4457123],[126.7041836,37.4455354],[126.7042957,37.4455263],[126.7043187,37.4457032],[126.7042051,37.4457123]]]}},{"type":"Feature","id":619440515,"properties":{"osmId":619440515,"name":"","height":null,"heightTag":null,"building":"yes","updatedAt":"2026-04-02T07:42:49Z"},"geometry":{"type":"Polygon","coordinates":[[[126.7043446,37.4456986],[126.7043359,37.4456279],[126.7044825,37.445613],[126.7044955,37.4456861],[126.7043446,37.4456986]]]}},{"type":"Feature","id":619440516,"properties":{"osmId":619440516,"name":"","height":null,"heightTag":null,"building":"yes","updatedAt":"2026-04-02T07:42:49Z"},"geometry":{"type":"Polygon","coordinates":[[[126.7043316,37.4456028],[126.704323,37.4455252],[126.7044768,37.4455115],[126.7044883,37.4455902],[126.7043316,37.4456028]]]}},{"type":"Feature","id":619440517,"properties":{"osmId":619440517,"name":"","height":null,"heightTag":null,"building":"yes","updatedAt":"2026-04-02T07:42:49Z"},"geometry":{"type":"Polygon","coordinates":[[[126.7045444,37.4456886],[126.7045321,37.4456159],[126.7046789,37.4456001],[126.7046913,37.4456728],[126.7045444,37.4456886]]]}},{"type":"Feature","id":619440518,"properties":{"osmId":619440518,"name":"","height":null,"heightTag":null,"building":"yes","updatedAt":"2026-04-02T07:42:49Z"},"geometry":{"type":"Polygon","coordinates":[[[126.7045317,37.4455785],[126.7045194,37.4455058],[126.7046662,37.4454901],[126.7046786,37.4455628],[126.7045317,37.4455785]]]}},{"type":"Feature","id":619447869,"properties":{"osmId":619447869,"name":"","height":null,"heightTag":null,"building":"yes","updatedAt":"2026-04-02T07:42:49Z"},"geometry":{"type":"Polygon","coordinates":[[[126.7037402,37.4461823],[126.7036942,37.4458577],[126.7037189,37.4458212],[126.7038039,37.4458156],[126.7038499,37.4461753],[126.7037402,37.4461823]]]}},{"type":"Feature","id":619447870,"properties":{"osmId":619447870,"name":"","height":null,"heightTag":null,"building":"yes","updatedAt":"2026-04-02T07:42:49Z"},"geometry":{"type":"Polygon","coordinates":[[[126.7038934,37.4460253],[126.7038666,37.4458268],[126.7039634,37.4458186],[126.7039902,37.4460171],[126.7038934,37.4460253]]]}},{"type":"Feature","id":619447871,"properties":{"osmId":619447871,"name":"","height":null,"heightTag":null,"building":"yes","updatedAt":"2026-04-02T07:42:49Z"},"geometry":{"type":"Polygon","coordinates":[[[126.7040083,37.4460142],[126.7039822,37.4458181],[126.7041295,37.4458058],[126.7041596,37.4458282],[126.7041824,37.4459995],[126.7040083,37.4460142]]]}},{"type":"Feature","id":619447872,"properties":{"osmId":619447872,"name":"","height":null,"heightTag":null,"building":"yes","updatedAt":"2026-04-02T07:42:49Z"},"geometry":{"type":"Polygon","coordinates":[[[126.7037649,37.4463801],[126.7037465,37.4462331],[126.7038366,37.446226],[126.703855,37.4463729],[126.7037649,37.4463801]]]}},{"type":"Feature","id":619447873,"properties":{"osmId":619447873,"name":"","height":null,"heightTag":null,"building":"yes","updatedAt":"2026-04-02T07:42:49Z"},"geometry":{"type":"Polygon","coordinates":[[[126.7038818,37.4463672],[126.7038567,37.446217],[126.7039347,37.4462088],[126.7039597,37.446359],[126.7038818,37.4463672]]]}},{"type":"Feature","id":619447874,"properties":{"osmId":619447874,"name":"","height":null,"heightTag":null,"building":"yes","updatedAt":"2026-04-02T07:42:49Z"},"geometry":{"type":"Polygon","coordinates":[[[126.703981,37.4463538],[126.7039628,37.4462034],[126.7040494,37.4461968],[126.7040676,37.4463472],[126.703981,37.4463538]]]}},{"type":"Feature","id":619447875,"properties":{"osmId":619447875,"name":"","height":null,"heightTag":null,"building":"yes","updatedAt":"2026-04-02T07:42:49Z"},"geometry":{"type":"Polygon","coordinates":[[[126.7039103,37.4461594],[126.7038998,37.4460908],[126.7041717,37.4460646],[126.7041821,37.4461333],[126.7039103,37.4461594]]]}},{"type":"Feature","id":619447876,"properties":{"osmId":619447876,"name":"","height":null,"heightTag":null,"building":"yes","updatedAt":"2026-04-02T07:42:49Z"},"geometry":{"type":"Polygon","coordinates":[[[126.7040889,37.4462855],[126.7040766,37.4461958],[126.7042059,37.4461846],[126.7042183,37.4462743],[126.7040889,37.4462855]]]}},{"type":"Feature","id":619447877,"properties":{"osmId":619447877,"name":"","height":null,"heightTag":null,"building":"yes","updatedAt":"2026-04-02T07:42:49Z"},"geometry":{"type":"Polygon","coordinates":[[[126.7037528,37.4465203],[126.7037443,37.4464405],[126.7037771,37.4464383],[126.7037756,37.4464244],[126.703838,37.4464203],[126.7038359,37.4464004],[126.7039053,37.4463958],[126.7039174,37.4465093],[126.7037528,37.4465203]]]}},{"type":"Feature","id":619447878,"properties":{"osmId":619447878,"name":"","height":null,"heightTag":null,"building":"yes","updatedAt":"2026-04-02T07:42:49Z"},"geometry":{"type":"Polygon","coordinates":[[[126.7039497,37.4465421],[126.7039298,37.4464157],[126.7040615,37.4464027],[126.7040691,37.4464505],[126.7040462,37.4464528],[126.7040585,37.4465313],[126.7039497,37.4465421]]]}},{"type":"Feature","id":619447880,"properties":{"osmId":619447880,"name":"","height":null,"heightTag":null,"building":"yes","updatedAt":"2026-04-02T07:42:49Z"},"geometry":{"type":"Polygon","coordinates":[[[126.7041035,37.4464112],[126.7040941,37.4463249],[126.7042216,37.4463162],[126.7042309,37.4464025],[126.7041035,37.4464112]]]}},{"type":"Feature","id":619447881,"properties":{"osmId":619447881,"name":"","height":null,"heightTag":null,"building":"yes","updatedAt":"2026-04-02T07:42:49Z"},"geometry":{"type":"Polygon","coordinates":[[[126.7041025,37.4465369],[126.7040889,37.4464535],[126.7042372,37.4464382],[126.7042481,37.4465045],[126.7042268,37.4465241],[126.7041025,37.4465369]]]}},{"type":"Feature","id":619447882,"properties":{"osmId":619447882,"name":"","height":null,"heightTag":null,"building":"yes","updatedAt":"2026-04-02T07:42:49Z"},"geometry":{"type":"Polygon","coordinates":[[[126.7037896,37.4467182],[126.7037781,37.446639],[126.7038924,37.4466285],[126.7039039,37.4467077],[126.7037896,37.4467182]]]}},{"type":"Feature","id":619447883,"properties":{"osmId":619447883,"name":"","height":null,"heightTag":null,"building":"yes","updatedAt":"2026-04-02T07:42:49Z"},"geometry":{"type":"Polygon","coordinates":[[[126.7039283,37.4467009],[126.7039155,37.4465863],[126.7040099,37.4465796],[126.7040228,37.4466942],[126.7039283,37.4467009]]]}},{"type":"Feature","id":619447884,"properties":{"osmId":619447884,"name":"","height":null,"heightTag":null,"building":"yes","updatedAt":"2026-04-02T07:42:49Z"},"geometry":{"type":"Polygon","coordinates":[[[126.7040427,37.4466888],[126.7040298,37.4465741],[126.7041243,37.4465675],[126.7041371,37.4466821],[126.7040427,37.4466888]]]}},{"type":"Feature","id":619447885,"properties":{"osmId":619447885,"name":"","height":null,"heightTag":null,"building":"yes","updatedAt":"2026-04-02T07:42:49Z"},"geometry":{"type":"Polygon","coordinates":[[[126.7041716,37.4466674],[126.7041551,37.4465643],[126.7042482,37.4465549],[126.7042647,37.446658],[126.7041716,37.4466674]]]}},{"type":"Feature","id":619447886,"properties":{"osmId":619447886,"name":"","height":null,"heightTag":null,"building":"yes","updatedAt":"2026-04-02T07:42:49Z"},"geometry":{"type":"Polygon","coordinates":[[[126.7038681,37.4468302],[126.7038569,37.4467243],[126.7039607,37.4467173],[126.7039656,37.4467634],[126.7039424,37.4467649],[126.7039487,37.4468248],[126.7038681,37.4468302]]]}},{"type":"Feature","id":619447887,"properties":{"osmId":619447887,"name":"","height":null,"heightTag":null,"building":"yes","updatedAt":"2026-04-02T07:42:49Z"},"geometry":{"type":"Polygon","coordinates":[[[126.7039888,37.4468057],[126.7039816,37.4467215],[126.7041073,37.4467147],[126.7041146,37.4467988],[126.7039888,37.4468057]]]}},{"type":"Feature","id":619447888,"properties":{"osmId":619447888,"name":"","height":null,"heightTag":null,"building":"yes","updatedAt":"2026-04-02T07:42:49Z"},"geometry":{"type":"Polygon","coordinates":[[[126.7041677,37.4468065],[126.7041535,37.4467108],[126.7042737,37.4466996],[126.7042879,37.4467953],[126.7041677,37.4468065]]]}},{"type":"Feature","id":619447889,"properties":{"osmId":619447889,"name":"","height":null,"heightTag":null,"building":"yes","updatedAt":"2026-04-02T07:42:49Z"},"geometry":{"type":"Polygon","coordinates":[[[126.7038114,37.4469623],[126.7038009,37.4468482],[126.7039773,37.4468379],[126.7039826,37.446895],[126.7039189,37.446933],[126.703921,37.4469559],[126.7038114,37.4469623]]]}},{"type":"Feature","id":619447890,"properties":{"osmId":619447890,"name":"","height":null,"heightTag":null,"building":"yes","updatedAt":"2026-04-02T07:42:49Z"},"geometry":{"type":"Polygon","coordinates":[[[126.7040027,37.4469451],[126.7039949,37.4468631],[126.7041366,37.4468545],[126.7041444,37.4469365],[126.7040027,37.4469451]]]}},{"type":"Feature","id":619447891,"properties":{"osmId":619447891,"name":"","height":null,"heightTag":null,"building":"yes","updatedAt":"2026-04-02T07:42:49Z"},"geometry":{"type":"Polygon","coordinates":[[[126.7041658,37.4469434],[126.7041547,37.4468492],[126.7042918,37.446839],[126.7043029,37.4469332],[126.7041658,37.4469434]]]}},{"type":"Feature","id":619447893,"properties":{"osmId":619447893,"name":"","height":null,"heightTag":null,"building":"yes","updatedAt":"2026-04-02T07:42:49Z"},"geometry":{"type":"Polygon","coordinates":[[[126.7038057,37.4470777],[126.7038004,37.4469962],[126.7039508,37.4469878],[126.7039561,37.4470693],[126.7038057,37.4470777]]]}},{"type":"Feature","id":619447894,"properties":{"osmId":619447894,"name":"","height":null,"heightTag":null,"building":"yes","updatedAt":"2026-04-02T07:42:49Z"},"geometry":{"type":"Polygon","coordinates":[[[126.7039829,37.4470504],[126.7039753,37.4469846],[126.7041514,37.4469717],[126.7041591,37.4470375],[126.7039829,37.4470504]]]}},{"type":"Feature","id":619447895,"properties":{"osmId":619447895,"name":"","height":null,"heightTag":null,"building":"yes","updatedAt":"2026-04-02T07:42:49Z"},"geometry":{"type":"Polygon","coordinates":[[[126.70418,37.4470462],[126.7041751,37.4469627],[126.7043179,37.4469574],[126.7043242,37.4470636],[126.7042392,37.447044],[126.70418,37.4470462]]]}},{"type":"Feature","id":619447896,"properties":{"osmId":619447896,"name":"","height":null,"heightTag":null,"building":"yes","updatedAt":"2026-04-02T07:42:49Z"},"geometry":{"type":"Polygon","coordinates":[[[126.7038247,37.4472073],[126.7038178,37.4471195],[126.7039621,37.4471124],[126.703969,37.4472001],[126.7038247,37.4472073]]]}},{"type":"Feature","id":619447897,"properties":{"osmId":619447897,"name":"","height":null,"heightTag":null,"building":"yes","updatedAt":"2026-04-02T07:42:49Z"},"geometry":{"type":"Polygon","coordinates":[[[126.7039878,37.4472153],[126.7039811,37.4471213],[126.7040127,37.4471198],[126.7040994,37.4471788],[126.7041017,37.4472101],[126.7039878,37.4472153]]]}},{"type":"Feature","id":619447898,"properties":{"osmId":619447898,"name":"","height":null,"heightTag":null,"building":"yes","updatedAt":"2026-04-02T07:42:49Z"},"geometry":{"type":"Polygon","coordinates":[[[126.7041224,37.4471746],[126.7041529,37.447173],[126.7041463,37.4470952],[126.7040483,37.4471005],[126.7040499,37.4471184],[126.7041224,37.4471746]]]}},{"type":"Feature","id":619447899,"properties":{"osmId":619447899,"name":"","height":null,"heightTag":null,"building":"yes","updatedAt":"2026-04-02T07:42:49Z"},"geometry":{"type":"Polygon","coordinates":[[[126.7041812,37.4471749],[126.7041692,37.4470923],[126.7043268,37.4470779],[126.7043387,37.4471605],[126.7041812,37.4471749]]]}},{"type":"Feature","id":619447900,"properties":{"osmId":619447900,"name":"","height":null,"heightTag":null,"building":"yes","updatedAt":"2026-04-02T07:42:49Z"},"geometry":{"type":"Polygon","coordinates":[[[126.7039594,37.4473294],[126.7039544,37.4472494],[126.7041066,37.4472435],[126.7041116,37.4473235],[126.7039594,37.4473294]]]}},{"type":"Feature","id":619447901,"properties":{"osmId":619447901,"name":"","height":null,"heightTag":null,"building":"yes","updatedAt":"2026-04-02T07:42:49Z"},"geometry":{"type":"Polygon","coordinates":[[[126.7038469,37.4474132],[126.703832,37.4472458],[126.7039335,37.4472401],[126.7039484,37.4474075],[126.7038469,37.4474132]]]}},{"type":"Feature","id":619447902,"properties":{"osmId":619447902,"name":"","height":null,"heightTag":null,"building":"yes","updatedAt":"2026-04-02T07:42:49Z"},"geometry":{"type":"Polygon","coordinates":[[[126.7038605,37.4474893],[126.7038591,37.4474402],[126.7039439,37.4474386],[126.7039464,37.4475223],[126.7039083,37.447523],[126.7038605,37.4474893]]]}},{"type":"Feature","id":619447903,"properties":{"osmId":619447903,"name":"","height":null,"heightTag":null,"building":"yes","updatedAt":"2026-04-02T07:42:49Z"},"geometry":{"type":"Polygon","coordinates":[[[126.7040083,37.4475068],[126.7039959,37.4473662],[126.7041233,37.4473591],[126.7041356,37.4474997],[126.7040083,37.4475068]]]}},{"type":"Feature","id":619447904,"properties":{"osmId":619447904,"name":"","height":null,"heightTag":null,"building":"yes","updatedAt":"2026-04-02T07:42:49Z"},"geometry":{"type":"Polygon","coordinates":[[[126.7041582,37.4472807],[126.7041493,37.4472072],[126.7043345,37.4471931],[126.7043433,37.4472667],[126.7041582,37.4472807]]]}},{"type":"Feature","id":619447905,"properties":{"osmId":619447905,"name":"","height":null,"heightTag":null,"building":"yes","updatedAt":"2026-04-02T07:42:49Z"},"geometry":{"type":"Polygon","coordinates":[[[126.7041593,37.4473926],[126.7041513,37.4473225],[126.704355,37.4473078],[126.704363,37.4473779],[126.7041593,37.4473926]]]}},{"type":"Feature","id":619447906,"properties":{"osmId":619447906,"name":"","height":null,"heightTag":null,"building":"yes","updatedAt":"2026-04-02T07:42:49Z"},"geometry":{"type":"Polygon","coordinates":[[[126.7041619,37.4474998],[126.7041554,37.4474425],[126.7043025,37.4474321],[126.704306,37.447463],[126.7043233,37.4474618],[126.7043262,37.4474881],[126.7041619,37.4474998]]]}},{"type":"Feature","id":619958676,"properties":{"osmId":619958676,"name":"","height":null,"heightTag":null,"building":"yes","updatedAt":"2026-04-02T07:42:49Z"},"geometry":{"type":"Polygon","coordinates":[[[126.7039547,37.4482056],[126.7039118,37.4481716],[126.7039042,37.4480998],[126.7040348,37.448091],[126.7040463,37.4481995],[126.7039547,37.4482056]]]}},{"type":"Feature","id":619958677,"properties":{"osmId":619958677,"name":"","height":null,"heightTag":null,"building":"yes","updatedAt":"2026-04-02T07:42:49Z"},"geometry":{"type":"Polygon","coordinates":[[[126.7039066,37.4480751],[126.7038983,37.4479874],[126.7040271,37.4479797],[126.7040354,37.4480674],[126.7039066,37.4480751]]]}},{"type":"Feature","id":619958678,"properties":{"osmId":619958678,"name":"","height":null,"heightTag":null,"building":"yes","updatedAt":"2026-04-02T07:42:49Z"},"geometry":{"type":"Polygon","coordinates":[[[126.7039008,37.4479414],[126.7038864,37.4478171],[126.7040196,37.4478074],[126.7040339,37.4479316],[126.7039008,37.4479414]]]}},{"type":"Feature","id":619958679,"properties":{"osmId":619958679,"name":"","height":null,"heightTag":null,"building":"yes","updatedAt":"2026-04-02T07:42:49Z"},"geometry":{"type":"Polygon","coordinates":[[[126.7038851,37.4477748],[126.7038808,37.4477292],[126.7040792,37.4477086],[126.7040892,37.4477794],[126.7039915,37.4477737],[126.7039886,37.4477645],[126.7038851,37.4477748]]]}},{"type":"Feature","id":619958680,"properties":{"osmId":619958680,"name":"","height":null,"heightTag":null,"building":"yes","updatedAt":"2026-04-02T07:42:49Z"},"geometry":{"type":"Polygon","coordinates":[[[126.70386,37.4476965],[126.7038535,37.4476413],[126.7039024,37.4476162],[126.7040722,37.4476036],[126.7040794,37.4476651],[126.7039411,37.4476753],[126.7039429,37.4476904],[126.70386,37.4476965]]]}},{"type":"Feature","id":619958681,"properties":{"osmId":619958681,"name":"","height":null,"heightTag":null,"building":"yes","updatedAt":"2026-04-02T07:42:49Z"},"geometry":{"type":"Polygon","coordinates":[[[126.7041156,37.4477695],[126.7041072,37.4477059],[126.7042822,37.4476914],[126.7042905,37.447755],[126.7041156,37.4477695]]]}},{"type":"Feature","id":619958682,"properties":{"osmId":619958682,"name":"","height":null,"heightTag":null,"building":"yes","updatedAt":"2026-04-02T07:42:49Z"},"geometry":{"type":"Polygon","coordinates":[[[126.7041026,37.4479317],[126.7040919,37.4478172],[126.7041975,37.4478109],[126.7042083,37.4479255],[126.7041026,37.4479317]]]}},{"type":"Feature","id":619958683,"properties":{"osmId":619958683,"name":"","height":null,"heightTag":null,"building":"yes","updatedAt":"2026-04-02T07:42:49Z"},"geometry":{"type":"Polygon","coordinates":[[[126.7041217,37.4480765],[126.7041155,37.4479818],[126.704242,37.4479765],[126.7042483,37.4480712],[126.7041217,37.4480765]]]}},{"type":"Feature","id":619958684,"properties":{"osmId":619958684,"name":"","height":null,"heightTag":null,"building":"yes","updatedAt":"2026-04-02T07:42:49Z"},"geometry":{"type":"Polygon","coordinates":[[[126.7041304,37.4481895],[126.7041256,37.4480947],[126.7042535,37.4480906],[126.7042583,37.4481853],[126.7041304,37.4481895]]]}},{"type":"Feature","id":619958685,"properties":{"osmId":619958685,"name":"","height":null,"heightTag":null,"building":"yes","updatedAt":"2026-04-02T07:42:49Z"},"geometry":{"type":"Polygon","coordinates":[[[126.7043052,37.4481488],[126.7043033,37.4479987],[126.7042914,37.4479988],[126.7042909,37.44796],[126.7044629,37.4479587],[126.7044653,37.4481476],[126.7043052,37.4481488]]]}},{"type":"Feature","id":619958686,"properties":{"osmId":619958686,"name":"","height":null,"heightTag":null,"building":"yes","updatedAt":"2026-04-02T07:42:49Z"},"geometry":{"type":"Polygon","coordinates":[[[126.7042775,37.4478752],[126.7042695,37.4478123],[126.7044721,37.447796],[126.7044837,37.4478873],[126.7044229,37.4478922],[126.7044214,37.4478799],[126.7043235,37.4478878],[126.7042775,37.4478752]]]}},{"type":"Feature","id":619958687,"properties":{"osmId":619958687,"name":"","height":null,"heightTag":null,"building":"yes","updatedAt":"2026-04-02T07:42:49Z"},"geometry":{"type":"Polygon","coordinates":[[[126.7043612,37.4476651],[126.704352,37.4475789],[126.7044935,37.4475693],[126.7045061,37.4476872],[126.7043973,37.4476945],[126.7043939,37.4476629],[126.7043612,37.4476651]]]}},{"type":"Feature","id":619958688,"properties":{"osmId":619958688,"name":"","height":null,"heightTag":null,"building":"yes","updatedAt":"2026-04-02T07:42:49Z"},"geometry":{"type":"Polygon","coordinates":[[[126.7045471,37.4477309],[126.7045236,37.4475758],[126.7046387,37.4475648],[126.7046622,37.4477199],[126.7045471,37.4477309]]]}},{"type":"Feature","id":619958689,"properties":{"osmId":619958689,"name":"","height":null,"heightTag":null,"building":"yes","updatedAt":"2026-04-02T07:42:49Z"},"geometry":{"type":"Polygon","coordinates":[[[126.7045334,37.4479334],[126.7045191,37.4478464],[126.7047121,37.4478264],[126.7047264,37.4479134],[126.7045334,37.4479334]]]}},{"type":"Feature","id":619958691,"properties":{"osmId":619958691,"name":"","height":null,"heightTag":null,"building":"yes","updatedAt":"2026-04-02T07:42:49Z"},"geometry":{"type":"Polygon","coordinates":[[[126.7047409,37.4476506],[126.7047291,37.4475551],[126.7049114,37.4475409],[126.7049517,37.4475694],[126.7049596,37.4476336],[126.7047409,37.4476506]]]}},{"type":"Feature","id":619958692,"properties":{"osmId":619958692,"name":"","height":null,"heightTag":null,"building":"yes","updatedAt":"2026-04-02T07:42:49Z"},"geometry":{"type":"Polygon","coordinates":[[[126.7047418,37.4481092],[126.7046613,37.4480624],[126.7046081,37.4480453],[126.7046168,37.4479962],[126.7047361,37.4479882],[126.7047533,37.448003],[126.7047619,37.448108],[126.7047418,37.4481092]]]}},{"type":"Feature","id":619958693,"properties":{"osmId":619958693,"name":"","height":null,"heightTag":null,"building":"yes","updatedAt":"2026-04-02T07:42:49Z"},"geometry":{"type":"Polygon","coordinates":[[[126.704773,37.448152],[126.704753,37.4479892],[126.7050108,37.4479692],[126.7050278,37.448108],[126.705002,37.4481343],[126.704773,37.448152]]]}},{"type":"Feature","id":619958694,"properties":{"osmId":619958694,"name":"","height":null,"heightTag":null,"building":"yes","updatedAt":"2026-04-02T07:42:49Z"},"geometry":{"type":"Polygon","coordinates":[[[126.7043026,37.4462263],[126.7042991,37.4462046],[126.7043365,37.4461681],[126.7044826,37.446153],[126.7044914,37.4462068],[126.7043026,37.4462263]]]}},{"type":"Feature","id":619958695,"properties":{"osmId":619958695,"name":"","height":null,"heightTag":null,"building":"yes","updatedAt":"2026-04-02T07:42:49Z"},"geometry":{"type":"Polygon","coordinates":[[[126.7043342,37.4463204],[126.7043247,37.4462548],[126.7045087,37.4462379],[126.7045183,37.4463034],[126.7043342,37.4463204]]]}},{"type":"Feature","id":619958696,"properties":{"osmId":619958696,"name":"","height":null,"heightTag":null,"building":"yes","updatedAt":"2026-04-02T07:42:49Z"},"geometry":{"type":"Polygon","coordinates":[[[126.704357,37.4464501],[126.7043474,37.4463846],[126.7045315,37.4463676],[126.7045411,37.4464332],[126.704357,37.4464501]]]}},{"type":"Feature","id":619958697,"properties":{"osmId":619958697,"name":"","height":null,"heightTag":null,"building":"yes","updatedAt":"2026-04-02T07:42:49Z"},"geometry":{"type":"Polygon","coordinates":[[[126.704524,37.4462849],[126.7045005,37.446153],[126.7045794,37.4461441],[126.7046211,37.4461863],[126.7046364,37.4462722],[126.704524,37.4462849]]]}},{"type":"Feature","id":619958698,"properties":{"osmId":619958698,"name":"","height":null,"heightTag":null,"building":"yes","updatedAt":"2026-04-02T07:42:49Z"},"geometry":{"type":"Polygon","coordinates":[[[126.704657,37.4462615],[126.7046417,37.4461467],[126.7047274,37.4461396],[126.7047677,37.4461669],[126.7047789,37.4462513],[126.704657,37.4462615]]]}},{"type":"Feature","id":619958699,"properties":{"osmId":619958699,"name":"아주정광아파트","height":null,"heightTag":null,"building":"yes","updatedAt":"2026-04-02T07:42:49Z"},"geometry":{"type":"Polygon","coordinates":[[[126.7044635,37.4467544],[126.7044531,37.4466772],[126.7046821,37.4466579],[126.7046411,37.4463518],[126.7047358,37.4463438],[126.7047872,37.4467271],[126.7044635,37.4467544]]]}},{"type":"Feature","id":619958700,"properties":{"osmId":619958700,"name":"","height":null,"heightTag":null,"building":"yes","updatedAt":"2026-04-02T07:42:49Z"},"geometry":{"type":"Polygon","coordinates":[[[126.7043911,37.4469178],[126.7043796,37.4468334],[126.704473,37.4468265],[126.704486,37.4469087],[126.7043911,37.4469178]]]}},{"type":"Feature","id":619958701,"properties":{"osmId":619958701,"name":"","height":null,"heightTag":null,"building":"yes","updatedAt":"2026-04-02T07:42:49Z"},"geometry":{"type":"Polygon","coordinates":[[[126.7044975,37.4469041],[126.704486,37.4468197],[126.7045794,37.4468128],[126.7045923,37.446895],[126.7044975,37.4469041]]]}},{"type":"Feature","id":619958702,"properties":{"osmId":619958702,"name":"","height":null,"heightTag":null,"building":"yes","updatedAt":"2026-04-02T07:42:49Z"},"geometry":{"type":"Polygon","coordinates":[[[126.7046203,37.4468947],[126.7046088,37.446816],[126.7047519,37.4468029],[126.7047633,37.4468815],[126.7046203,37.4468947]]]}},{"type":"Feature","id":619958703,"properties":{"osmId":619958703,"name":"","height":null,"heightTag":null,"building":"yes","updatedAt":"2026-04-02T07:42:49Z"},"geometry":{"type":"Polygon","coordinates":[[[126.7047798,37.4468762],[126.7047718,37.4468015],[126.7048394,37.446797],[126.7048474,37.4468716],[126.7047798,37.4468762]]]}},{"type":"Feature","id":619958706,"properties":{"osmId":619958706,"name":"","height":null,"heightTag":null,"building":"yes","updatedAt":"2026-04-02T07:42:49Z"},"geometry":{"type":"Polygon","coordinates":[[[126.7044173,37.4470507],[126.7044033,37.4469467],[126.7045074,37.4469379],[126.7045214,37.4470418],[126.7044173,37.4470507]]]}},{"type":"Feature","id":619958707,"properties":{"osmId":619958707,"name":"","height":null,"heightTag":null,"building":"yes","updatedAt":"2026-04-02T07:42:49Z"},"geometry":{"type":"Polygon","coordinates":[[[126.7045564,37.4471238],[126.7045449,37.447044],[126.7047001,37.4470303],[126.7047116,37.4471113],[126.7045564,37.4471238]]]}},{"type":"Feature","id":619958708,"properties":{"osmId":619958708,"name":"","height":null,"heightTag":null,"building":"yes","updatedAt":"2026-04-02T07:42:49Z"},"geometry":{"type":"Polygon","coordinates":[[[126.7045477,37.4470211],[126.7045362,37.4469412],[126.7046915,37.4469276],[126.704703,37.4470086],[126.7045477,37.4470211]]]}},{"type":"Feature","id":619958709,"properties":{"osmId":619958709,"name":"","height":null,"heightTag":null,"building":"yes","updatedAt":"2026-04-02T07:42:49Z"},"geometry":{"type":"Polygon","coordinates":[[[126.7047173,37.4470063],[126.7047058,37.4469264],[126.7048611,37.4469127],[126.7048726,37.4469937],[126.7047173,37.4470063]]]}},{"type":"Feature","id":619958710,"properties":{"osmId":619958710,"name":"","height":null,"heightTag":null,"building":"yes","updatedAt":"2026-04-02T07:42:49Z"},"geometry":{"type":"Polygon","coordinates":[[[126.704731,37.4471084],[126.7047195,37.4470285],[126.7048747,37.4470149],[126.7048862,37.4470959],[126.704731,37.4471084]]]}},{"type":"Feature","id":619958711,"properties":{"osmId":619958711,"name":"","height":null,"heightTag":null,"building":"yes","updatedAt":"2026-04-02T07:42:49Z"},"geometry":{"type":"Polygon","coordinates":[[[126.7044308,37.4472364],[126.7044118,37.4470866],[126.7045146,37.4470783],[126.7045337,37.4472282],[126.7044308,37.4472364]]]}},{"type":"Feature","id":619958712,"properties":{"osmId":619958712,"name":"","height":null,"heightTag":null,"building":"yes","updatedAt":"2026-04-02T07:42:49Z"},"geometry":{"type":"Polygon","coordinates":[[[126.7045565,37.4472339],[126.7045503,37.4471724],[126.7047694,37.4471585],[126.7047797,37.4472606],[126.7046666,37.4472678],[126.7046625,37.4472272],[126.7045565,37.4472339]]]}},{"type":"Feature","id":619958713,"properties":{"osmId":619958713,"name":"","height":null,"heightTag":null,"building":"yes","updatedAt":"2026-04-02T07:42:49Z"},"geometry":{"type":"Polygon","coordinates":[[[126.7048027,37.4472427],[126.7047936,37.4471625],[126.704897,37.4471551],[126.7049061,37.4472353],[126.7048027,37.4472427]]]}},{"type":"Feature","id":619958714,"properties":{"osmId":619958714,"name":"","height":null,"heightTag":null,"building":"yes","updatedAt":"2026-04-02T07:42:49Z"},"geometry":{"type":"Polygon","coordinates":[[[126.7046472,37.4473396],[126.7046384,37.4472623],[126.7044365,37.4472767],[126.7044453,37.447354],[126.7046472,37.4473396]]]}},{"type":"Feature","id":619958715,"properties":{"osmId":619958715,"name":"","height":null,"heightTag":null,"building":"yes","updatedAt":"2026-04-02T07:42:49Z"},"geometry":{"type":"Polygon","coordinates":[[[126.7046617,37.44746],[126.7046529,37.4473826],[126.704451,37.4473971],[126.7044598,37.4474744],[126.7046617,37.44746]]]}},{"type":"Feature","id":619958716,"properties":{"osmId":619958716,"name":"","height":null,"heightTag":null,"building":"yes","updatedAt":"2026-04-02T07:42:49Z"},"geometry":{"type":"Polygon","coordinates":[[[126.7047155,37.4474506],[126.7046984,37.4473123],[126.7047798,37.4473059],[126.7047968,37.4474442],[126.7047155,37.4474506]]]}},{"type":"Feature","id":619958717,"properties":{"osmId":619958717,"name":"","height":null,"heightTag":null,"building":"yes","updatedAt":"2026-04-02T07:42:49Z"},"geometry":{"type":"Polygon","coordinates":[[[126.7048392,37.4474398],[126.7048252,37.4473012],[126.7049067,37.447296],[126.7049208,37.4474346],[126.7048392,37.4474398]]]}},{"type":"Feature","id":620273309,"properties":{"osmId":620273309,"name":"","height":null,"heightTag":null,"building":"yes","updatedAt":"2026-04-02T07:42:49Z"},"geometry":{"type":"Polygon","coordinates":[[[126.7048459,37.4454198],[126.704997,37.4454083],[126.704994,37.4453838],[126.7050841,37.4453769],[126.7050734,37.4452883],[126.7048977,37.4453017],[126.7048382,37.4453554],[126.7048459,37.4454198]]]}},{"type":"Feature","id":620273310,"properties":{"osmId":620273310,"name":"","height":null,"heightTag":null,"building":"yes","updatedAt":"2026-04-02T07:42:49Z"},"geometry":{"type":"Polygon","coordinates":[[[126.7048817,37.4457031],[126.7048699,37.4456241],[126.7050853,37.4456038],[126.7050971,37.4456829],[126.7048817,37.4457031]]]}},{"type":"Feature","id":620273311,"properties":{"osmId":620273311,"name":"","height":null,"heightTag":null,"building":"yes","updatedAt":"2026-04-02T07:42:49Z"},"geometry":{"type":"Polygon","coordinates":[[[126.7051072,37.4454152],[126.7050912,37.4452933],[126.7052232,37.4452824],[126.7052392,37.4454042],[126.7051072,37.4454152]]]}},{"type":"Feature","id":620273312,"properties":{"osmId":620273312,"name":"","height":null,"heightTag":null,"building":"yes","updatedAt":"2026-04-02T07:42:49Z"},"geometry":{"type":"Polygon","coordinates":[[[126.7051388,37.4456211],[126.7051229,37.4454844],[126.7052479,37.4454752],[126.7052638,37.4456119],[126.7051388,37.4456211]]]}},{"type":"Feature","id":620273313,"properties":{"osmId":620273313,"name":"","height":null,"heightTag":null,"building":"yes","updatedAt":"2026-04-02T07:42:49Z"},"geometry":{"type":"Polygon","coordinates":[[[126.7052587,37.4454412],[126.7052473,37.4453602],[126.7053804,37.4453484],[126.7053918,37.4454294],[126.7052587,37.4454412]]]}},{"type":"Feature","id":620273314,"properties":{"osmId":620273314,"name":"","height":null,"heightTag":null,"building":"yes","updatedAt":"2026-04-02T07:42:49Z"},"geometry":{"type":"Polygon","coordinates":[[[126.7052431,37.445324],[126.7052317,37.445243],[126.7053649,37.4452312],[126.7053763,37.4453122],[126.7052431,37.445324]]]}},{"type":"Feature","id":620273315,"properties":{"osmId":620273315,"name":"","height":null,"heightTag":null,"building":"yes","updatedAt":"2026-04-02T07:42:49Z"},"geometry":{"type":"Polygon","coordinates":[[[126.7054735,37.4455479],[126.7054617,37.4454261],[126.7055675,37.4454197],[126.7055793,37.4455415],[126.7054735,37.4455479]]]}},{"type":"Feature","id":620273317,"properties":{"osmId":620273317,"name":"","height":null,"heightTag":null,"building":"yes","updatedAt":"2026-04-02T07:42:49Z"},"geometry":{"type":"Polygon","coordinates":[[[126.7056192,37.4455369],[126.7056082,37.4454003],[126.7056993,37.4453956],[126.7057104,37.4455323],[126.7056192,37.4455369]]]}},{"type":"Feature","id":620273318,"properties":{"osmId":620273318,"name":"","height":null,"heightTag":null,"building":"yes","updatedAt":"2026-04-02T07:42:49Z"},"geometry":{"type":"Polygon","coordinates":[[[126.7057563,37.4455399],[126.7057427,37.445398],[126.7058847,37.4453895],[126.7058859,37.4454023],[126.7058998,37.4454015],[126.7059121,37.4455305],[126.7057563,37.4455399]]]}},{"type":"Feature","id":620273319,"properties":{"osmId":620273319,"name":"","height":null,"heightTag":null,"building":"yes","updatedAt":"2026-04-02T07:42:49Z"},"geometry":{"type":"Polygon","coordinates":[[[126.7054369,37.4453262],[126.7054247,37.4452275],[126.7056406,37.4452107],[126.7056527,37.4453095],[126.7054369,37.4453262]]]}},{"type":"Feature","id":620273320,"properties":{"osmId":620273320,"name":"","height":null,"heightTag":null,"building":"yes","updatedAt":"2026-04-02T07:42:49Z"},"geometry":{"type":"Polygon","coordinates":[[[126.7056712,37.4453743],[126.7056588,37.44522],[126.7057651,37.4452146],[126.7057775,37.4453689],[126.7056712,37.4453743]]]}},{"type":"Feature","id":620273321,"properties":{"osmId":620273321,"name":"","height":null,"heightTag":null,"building":"yes","updatedAt":"2026-04-02T07:42:49Z"},"geometry":{"type":"Polygon","coordinates":[[[126.7057936,37.4453655],[126.7057807,37.4452074],[126.7058554,37.4452035],[126.7058683,37.4453617],[126.7057936,37.4453655]]]}},{"type":"Feature","id":620273322,"properties":{"osmId":620273322,"name":"","height":null,"heightTag":null,"building":"yes","updatedAt":"2026-04-02T07:42:49Z"},"geometry":{"type":"Polygon","coordinates":[[[126.7058821,37.445288],[126.7058742,37.4452082],[126.7059866,37.4452012],[126.7059945,37.4452809],[126.7058821,37.445288]]]}},{"type":"Feature","id":620273323,"properties":{"osmId":620273323,"name":"","height":null,"heightTag":null,"building":"yes","updatedAt":"2026-04-02T07:42:49Z"},"geometry":{"type":"Polygon","coordinates":[[[126.7060099,37.445279],[126.706002,37.4451992],[126.7061144,37.4451921],[126.7061223,37.4452719],[126.7060099,37.445279]]]}},{"type":"Feature","id":620273324,"properties":{"osmId":620273324,"name":"","height":null,"heightTag":null,"building":"yes","updatedAt":"2026-04-02T07:42:49Z"},"geometry":{"type":"Polygon","coordinates":[[[126.7061738,37.4453334],[126.7061588,37.4451849],[126.7063154,37.445175],[126.7063303,37.4453234],[126.7061738,37.4453334]]]}},{"type":"Feature","id":620273325,"properties":{"osmId":620273325,"name":"","height":null,"heightTag":null,"building":"yes","updatedAt":"2026-04-02T07:42:49Z"},"geometry":{"type":"Polygon","coordinates":[[[126.7063508,37.4453117],[126.7063353,37.4451702],[126.7064626,37.4451613],[126.7064931,37.4451783],[126.7065066,37.4453009],[126.7063508,37.4453117]]]}},{"type":"Feature","id":620273326,"properties":{"osmId":620273326,"name":"","height":null,"heightTag":null,"building":"yes","updatedAt":"2018-08-27T08:31:57Z"},"geometry":{"type":"Polygon","coordinates":[[[126.7059313,37.4455324],[126.7059182,37.4454028],[126.7060081,37.4453971],[126.7060212,37.4455267],[126.7059313,37.4455324]]]}},{"type":"Feature","id":620273327,"properties":{"osmId":620273327,"name":"","height":null,"heightTag":null,"building":"yes","updatedAt":"2018-08-27T08:31:57Z"},"geometry":{"type":"Polygon","coordinates":[[[126.7060382,37.445533],[126.7060301,37.4453966],[126.7061048,37.4453938],[126.706113,37.4455302],[126.7060382,37.445533]]]}},{"type":"Feature","id":620273328,"properties":{"osmId":620273328,"name":"","height":null,"heightTag":null,"building":"yes","updatedAt":"2026-04-02T07:42:49Z"},"geometry":{"type":"Polygon","coordinates":[[[126.7061358,37.4455272],[126.7061272,37.4453922],[126.7062076,37.4453889],[126.7062162,37.445524],[126.7061358,37.4455272]]]}},{"type":"Feature","id":620273329,"properties":{"osmId":620273329,"name":"","height":null,"heightTag":null,"building":"yes","updatedAt":"2026-04-02T07:42:49Z"},"geometry":{"type":"Polygon","coordinates":[[[126.7062453,37.4455115],[126.7063362,37.445504],[126.7063187,37.4453709],[126.7062278,37.4453784],[126.7062453,37.4455115]]]}},{"type":"Feature","id":620273330,"properties":{"osmId":620273330,"name":"","height":null,"heightTag":null,"building":"yes","updatedAt":"2026-04-02T07:42:49Z"},"geometry":{"type":"Polygon","coordinates":[[[126.7063677,37.4454988],[126.7063576,37.4454226],[126.7065137,37.4454096],[126.7065237,37.4454858],[126.7063677,37.4454988]]]}},{"type":"Feature","id":620273331,"properties":{"osmId":620273331,"name":"","height":null,"heightTag":null,"building":"yes","updatedAt":"2026-04-02T07:42:49Z"},"geometry":{"type":"Polygon","coordinates":[[[126.7051523,37.4457417],[126.7051447,37.445654],[126.7052886,37.4456461],[126.7052874,37.4456323],[126.7053425,37.4456293],[126.7053513,37.4457309],[126.7051523,37.4457417]]]}},{"type":"Feature","id":620273332,"properties":{"osmId":620273332,"name":"","height":null,"heightTag":null,"building":"yes","updatedAt":"2026-04-02T07:42:49Z"},"geometry":{"type":"Polygon","coordinates":[[[126.7049173,37.4460269],[126.7049008,37.4459027],[126.7050096,37.4458936],[126.7050261,37.4460178],[126.7049173,37.4460269]]]}},{"type":"Feature","id":620273333,"properties":{"osmId":620273333,"name":"","height":null,"heightTag":null,"building":"yes","updatedAt":"2026-04-02T07:42:49Z"},"geometry":{"type":"Polygon","coordinates":[[[126.7050583,37.4460144],[126.7051503,37.4460088],[126.705138,37.4458819],[126.705046,37.4458876],[126.7050583,37.4460144]]]}},{"type":"Feature","id":620273334,"properties":{"osmId":620273334,"name":"","height":null,"heightTag":null,"building":"yes","updatedAt":"2026-04-02T07:42:49Z"},"geometry":{"type":"Polygon","coordinates":[[[126.7048969,37.4458654],[126.7048805,37.4457412],[126.7049893,37.4457321],[126.7050057,37.4458564],[126.7048969,37.4458654]]]}},{"type":"Feature","id":620273335,"properties":{"osmId":620273335,"name":"","height":null,"heightTag":null,"building":"yes","updatedAt":"2026-04-02T07:42:49Z"},"geometry":{"type":"Polygon","coordinates":[[[126.7050342,37.4458541],[126.7050177,37.4457299],[126.7051265,37.4457208],[126.705143,37.4458451],[126.7050342,37.4458541]]]}},{"type":"Feature","id":620273336,"properties":{"osmId":620273336,"name":"","height":null,"heightTag":null,"building":"yes","updatedAt":"2026-04-02T07:42:49Z"},"geometry":{"type":"Polygon","coordinates":[[[126.7051814,37.4460119],[126.7051682,37.4459099],[126.7052584,37.4459026],[126.7052715,37.4460045],[126.7051814,37.4460119]]]}},{"type":"Feature","id":620273337,"properties":{"osmId":620273337,"name":"","height":null,"heightTag":null,"building":"yes","updatedAt":"2026-04-02T07:42:49Z"},"geometry":{"type":"Polygon","coordinates":[[[126.705304,37.446002],[126.7053016,37.4459806],[126.7052893,37.4459815],[126.7052799,37.4458993],[126.7053649,37.4458932],[126.7053832,37.4459053],[126.705391,37.4459734],[126.7053606,37.4459755],[126.7053632,37.4459978],[126.705304,37.446002]]]}},{"type":"Feature","id":620273338,"properties":{"osmId":620273338,"name":"","height":null,"heightTag":null,"building":"yes","updatedAt":"2026-04-02T07:42:49Z"},"geometry":{"type":"Polygon","coordinates":[[[126.7049564,37.4462297],[126.7049527,37.4461785],[126.705,37.4461764],[126.7049948,37.4461045],[126.7050221,37.4461032],[126.705031,37.4462263],[126.7049564,37.4462297]]]}},{"type":"Feature","id":620273339,"properties":{"osmId":620273339,"name":"","height":null,"heightTag":null,"building":"yes","updatedAt":"2026-04-02T07:42:49Z"},"geometry":{"type":"Polygon","coordinates":[[[126.7050478,37.4462195],[126.7050327,37.4461008],[126.7050956,37.4460957],[126.7051067,37.4461014],[126.7051628,37.4460969],[126.7051772,37.4462091],[126.7050478,37.4462195]]]}},{"type":"Feature","id":620273340,"properties":{"osmId":620273340,"name":"","height":null,"heightTag":null,"building":"yes","updatedAt":"2026-04-02T07:42:49Z"},"geometry":{"type":"Polygon","coordinates":[[[126.7052227,37.4461625],[126.7054096,37.4461444],[126.7054035,37.4461046],[126.7053497,37.4460707],[126.7052107,37.4460842],[126.7052227,37.4461625]]]}},{"type":"Feature","id":620273341,"properties":{"osmId":620273341,"name":"","height":null,"heightTag":null,"building":"yes","updatedAt":"2026-04-02T07:42:49Z"},"geometry":{"type":"Polygon","coordinates":[[[126.7049512,37.4463314],[126.7049406,37.4462665],[126.705188,37.446241],[126.7051986,37.446306],[126.7049512,37.4463314]]]}},{"type":"Feature","id":620273342,"properties":{"osmId":620273342,"name":"","height":null,"heightTag":null,"building":"yes","updatedAt":"2026-04-02T07:42:49Z"},"geometry":{"type":"Polygon","coordinates":[[[126.7049624,37.4464316],[126.7049532,37.4463615],[126.7050873,37.4463503],[126.7050966,37.4464204],[126.7049624,37.4464316]]]}},{"type":"Feature","id":620273343,"properties":{"osmId":620273343,"name":"","height":null,"heightTag":null,"building":"yes","updatedAt":"2026-04-02T07:42:49Z"},"geometry":{"type":"Polygon","coordinates":[[[126.7049783,37.4465237],[126.704969,37.4464536],[126.7051031,37.4464424],[126.7051124,37.4465125],[126.7049783,37.4465237]]]}},{"type":"Feature","id":620273344,"properties":{"osmId":620273344,"name":"","height":null,"heightTag":null,"building":"yes","updatedAt":"2026-04-02T07:42:49Z"},"geometry":{"type":"Polygon","coordinates":[[[126.7051316,37.4464939],[126.7051143,37.4463544],[126.7051967,37.4463479],[126.705214,37.4464875],[126.7051316,37.4464939]]]}},{"type":"Feature","id":620273346,"properties":{"osmId":620273346,"name":"","height":null,"heightTag":null,"building":"yes","updatedAt":"2026-04-02T07:42:49Z"},"geometry":{"type":"Polygon","coordinates":[[[126.705249,37.4464858],[126.7052317,37.4463463],[126.7053141,37.4463399],[126.7053314,37.4464794],[126.705249,37.4464858]]]}},{"type":"Feature","id":620273347,"properties":{"osmId":620273347,"name":"","height":null,"heightTag":null,"building":"yes","updatedAt":"2026-04-02T07:42:49Z"},"geometry":{"type":"Polygon","coordinates":[[[126.7053699,37.4464729],[126.7053526,37.4463334],[126.7054351,37.446327],[126.7054524,37.4464665],[126.7053699,37.4464729]]]}},{"type":"Feature","id":620273348,"properties":{"osmId":620273348,"name":"","height":null,"heightTag":null,"building":"yes","updatedAt":"2026-04-02T07:42:49Z"},"geometry":{"type":"Polygon","coordinates":[[[126.7053476,37.4463164],[126.7053303,37.4461769],[126.7054127,37.4461704],[126.70543,37.4463099],[126.7053476,37.4463164]]]}},{"type":"Feature","id":620273349,"properties":{"osmId":620273349,"name":"","height":null,"heightTag":null,"building":"yes","updatedAt":"2026-04-02T07:42:49Z"},"geometry":{"type":"Polygon","coordinates":[[[126.7052307,37.4463253],[126.7052134,37.4461857],[126.7052958,37.4461793],[126.7053131,37.4463188],[126.7052307,37.4463253]]]}},{"type":"Feature","id":620273350,"properties":{"osmId":620273350,"name":"성마을교회","height":null,"heightTag":null,"building":"church","updatedAt":"2026-04-02T07:42:49Z"},"geometry":{"type":"Polygon","coordinates":[[[126.7050221,37.4466743],[126.7050022,37.4465437],[126.7053661,37.4465087],[126.7053861,37.4466393],[126.7050221,37.4466743]]]}},{"type":"Feature","id":620273352,"properties":{"osmId":620273352,"name":"가","height":null,"heightTag":null,"building":"apartments","updatedAt":"2026-04-02T07:42:49Z"},"geometry":{"type":"Polygon","coordinates":[[[126.705206,37.4472329],[126.7050854,37.4472429],[126.7050168,37.4467218],[126.7051375,37.4467118],[126.705206,37.4472329]]]}},{"type":"Feature","id":620273353,"properties":{"osmId":620273353,"name":"나","height":null,"heightTag":null,"building":"apartments","updatedAt":"2026-04-02T07:42:49Z"},"geometry":{"type":"Polygon","coordinates":[[[126.7053963,37.4471214],[126.7053572,37.4468045],[126.7054524,37.4467971],[126.7054916,37.447114],[126.7053963,37.4471214]]]}},{"type":"Feature","id":620273355,"properties":{"osmId":620273355,"name":"","height":null,"heightTag":null,"building":"yes","updatedAt":"2026-04-02T07:42:49Z"},"geometry":{"type":"Polygon","coordinates":[[[126.7053883,37.4472516],[126.7053784,37.4471767],[126.7055326,37.4471638],[126.705539,37.4472119],[126.7055192,37.4472407],[126.7053883,37.4472516]]]}},{"type":"Feature","id":620275529,"properties":{"osmId":620275529,"name":"","height":null,"heightTag":null,"building":"yes","updatedAt":"2026-04-02T07:42:49Z"},"geometry":{"type":"Polygon","coordinates":[[[126.705581,37.4459784],[126.7055133,37.4459844],[126.7054637,37.4459567],[126.7054497,37.4458571],[126.7055626,37.4458471],[126.705581,37.4459784]]]}},{"type":"Feature","id":620275531,"properties":{"osmId":620275531,"name":"","height":null,"heightTag":null,"building":"yes","updatedAt":"2026-04-02T07:42:49Z"},"geometry":{"type":"Polygon","coordinates":[[[126.7055997,37.4459755],[126.7055826,37.4458574],[126.7057187,37.4458449],[126.7057359,37.4459631],[126.7055997,37.4459755]]]}},{"type":"Feature","id":620275532,"properties":{"osmId":620275532,"name":"","height":null,"heightTag":null,"building":"yes","updatedAt":"2026-04-02T07:42:49Z"},"geometry":{"type":"Polygon","coordinates":[[[126.7058678,37.4459378],[126.7057475,37.4459474],[126.7057307,37.4458134],[126.705851,37.4458039],[126.7058678,37.4459378]]]}},{"type":"Feature","id":620275534,"properties":{"osmId":620275534,"name":"","height":null,"heightTag":null,"building":"yes","updatedAt":"2026-04-02T07:42:49Z"},"geometry":{"type":"Polygon","coordinates":[[[126.7060097,37.4459284],[126.7058894,37.4459379],[126.7058725,37.445804],[126.7059929,37.4457945],[126.7060097,37.4459284]]]}},{"type":"Feature","id":620275535,"properties":{"osmId":620275535,"name":"","height":null,"heightTag":null,"building":"yes","updatedAt":"2026-04-02T07:42:49Z"},"geometry":{"type":"Polygon","coordinates":[[[126.7061492,37.4459146],[126.7060288,37.4459241],[126.706012,37.4457902],[126.7061323,37.4457806],[126.7061492,37.4459146]]]}},{"type":"Feature","id":620275537,"properties":{"osmId":620275537,"name":"","height":null,"heightTag":null,"building":"yes","updatedAt":"2026-04-02T07:42:49Z"},"geometry":{"type":"Polygon","coordinates":[[[126.7062819,37.4458933],[126.7061616,37.4459028],[126.7061461,37.4457806],[126.7062664,37.445771],[126.7062819,37.4458933]]]}},{"type":"Feature","id":620275538,"properties":{"osmId":620275538,"name":"","height":null,"heightTag":null,"building":"yes","updatedAt":"2026-04-02T07:42:49Z"},"geometry":{"type":"Polygon","coordinates":[[[126.7054498,37.4458129],[126.7054341,37.4457024],[126.7055334,37.4456934],[126.7055364,37.4457147],[126.7055789,37.4457109],[126.7055812,37.4457272],[126.7056251,37.4457233],[126.7056355,37.4457963],[126.7054498,37.4458129]]]}},{"type":"Feature","id":620275539,"properties":{"osmId":620275539,"name":"","height":null,"heightTag":null,"building":"yes","updatedAt":"2026-04-02T07:42:49Z"},"geometry":{"type":"Polygon","coordinates":[[[126.7056523,37.4457868],[126.7056398,37.4456898],[126.7056986,37.445685],[126.7057007,37.4457015],[126.7057574,37.4456969],[126.7057678,37.4457774],[126.7056523,37.4457868]]]}},{"type":"Feature","id":620275540,"properties":{"osmId":620275540,"name":"","height":null,"heightTag":null,"building":"yes","updatedAt":"2026-04-02T07:42:49Z"},"geometry":{"type":"Polygon","coordinates":[[[126.705775,37.4457773],[126.705765,37.445696],[126.7058174,37.445692],[126.7058154,37.4456757],[126.7058771,37.4456709],[126.705889,37.4457685],[126.705775,37.4457773]]]}},{"type":"Feature","id":620275541,"properties":{"osmId":620275541,"name":"","height":null,"heightTag":null,"building":"yes","updatedAt":"2026-04-02T07:42:49Z"},"geometry":{"type":"Polygon","coordinates":[[[126.7059084,37.4457587],[126.7058923,37.4456413],[126.7059758,37.4456341],[126.7059919,37.4457515],[126.7059084,37.4457587]]]}},{"type":"Feature","id":620275542,"properties":{"osmId":620275542,"name":"","height":null,"heightTag":null,"building":"yes","updatedAt":"2026-04-02T07:42:49Z"},"geometry":{"type":"Polygon","coordinates":[[[126.7060109,37.4457283],[126.7059955,37.4456255],[126.7061,37.4456156],[126.7061154,37.4457184],[126.7060109,37.4457283]]]}},{"type":"Feature","id":620275543,"properties":{"osmId":620275543,"name":"","height":null,"heightTag":null,"building":"yes","updatedAt":"2026-04-02T07:42:49Z"},"geometry":{"type":"Polygon","coordinates":[[[126.7061395,37.4457243],[126.7061268,37.4456092],[126.7062502,37.4456006],[126.7062628,37.4457157],[126.7061395,37.4457243]]]}},{"type":"Feature","id":620275544,"properties":{"osmId":620275544,"name":"","height":null,"heightTag":null,"building":"yes","updatedAt":"2026-04-02T07:42:49Z"},"geometry":{"type":"Polygon","coordinates":[[[126.7062833,37.4457215],[126.7062672,37.4456066],[126.7063813,37.4455965],[126.7063974,37.4457115],[126.7062833,37.4457215]]]}},{"type":"Feature","id":620275545,"properties":{"osmId":620275545,"name":"","height":null,"heightTag":null,"building":"yes","updatedAt":"2026-04-02T07:42:49Z"},"geometry":{"type":"Polygon","coordinates":[[[126.7064089,37.4456907],[126.7063989,37.4455895],[126.7065277,37.4455815],[126.7065649,37.4456047],[126.7065723,37.4456806],[126.7064089,37.4456907]]]}},{"type":"Feature","id":620275546,"properties":{"osmId":620275546,"name":"","height":null,"heightTag":null,"building":"yes","updatedAt":"2026-04-02T07:42:49Z"},"geometry":{"type":"Polygon","coordinates":[[[126.7063775,37.4458755],[126.7063659,37.4457671],[126.7065612,37.4457539],[126.7065728,37.4458623],[126.7063775,37.4458755]]]}},{"type":"Feature","id":622550785,"properties":{"osmId":622550785,"name":"가","height":null,"heightTag":null,"building":"apartments","updatedAt":"2026-04-02T07:42:49Z"},"geometry":{"type":"Polygon","coordinates":[[[126.7051683,37.4478333],[126.7051196,37.4473886],[126.7052515,37.4473795],[126.7053002,37.4478242],[126.7051683,37.4478333]]]}},{"type":"Feature","id":622550786,"properties":{"osmId":622550786,"name":"나","height":null,"heightTag":null,"building":"apartments","updatedAt":"2026-04-02T07:42:49Z"},"geometry":{"type":"Polygon","coordinates":[[[126.7054669,37.4477351],[126.7055874,37.447726],[126.7055432,37.4473573],[126.7054227,37.4473665],[126.7054669,37.4477351]]]}},{"type":"Feature","id":622550789,"properties":{"osmId":622550789,"name":"","height":null,"heightTag":null,"building":"yes","updatedAt":"2026-04-02T07:42:49Z"},"geometry":{"type":"Polygon","coordinates":[[[126.7052563,37.4480927],[126.7051822,37.4480394],[126.7051631,37.4479124],[126.7052767,37.4479017],[126.7052926,37.448008],[126.7054541,37.4479927],[126.7054661,37.4480731],[126.7052563,37.4480927]]]}},{"type":"Feature","id":622550790,"properties":{"osmId":622550790,"name":"","height":null,"heightTag":null,"building":"yes","updatedAt":"2026-04-02T07:42:49Z"},"geometry":{"type":"Polygon","coordinates":[[[126.7054875,37.4480175],[126.7054729,37.4478888],[126.7056339,37.4478773],[126.7056418,37.4479478],[126.7055589,37.4479537],[126.7055655,37.448012],[126.7054875,37.4480175]]]}},{"type":"Feature","id":622550791,"properties":{"osmId":622550791,"name":"","height":null,"heightTag":null,"building":"yes","updatedAt":"2026-04-02T07:42:49Z"},"geometry":{"type":"Polygon","coordinates":[[[126.7056736,37.4480283],[126.7056599,37.4478913],[126.7057962,37.4478827],[126.7058099,37.4480198],[126.7056736,37.4480283]]]}},{"type":"Feature","id":622550793,"properties":{"osmId":622550793,"name":"","height":null,"heightTag":null,"building":"yes","updatedAt":"2026-04-02T07:42:49Z"},"geometry":{"type":"Polygon","coordinates":[[[126.7058349,37.448015],[126.7058143,37.447842],[126.7059724,37.4478301],[126.705993,37.4480031],[126.7058349,37.448015]]]}},{"type":"Feature","id":622550794,"properties":{"osmId":622550794,"name":"","height":null,"heightTag":null,"building":"yes","updatedAt":"2026-04-02T07:42:49Z"},"geometry":{"type":"Polygon","coordinates":[[[126.7058563,37.4478241],[126.7058482,37.4477482],[126.7059624,37.4477405],[126.7059705,37.4478164],[126.7058563,37.4478241]]]}},{"type":"Feature","id":622550795,"properties":{"osmId":622550795,"name":"","height":null,"heightTag":null,"building":"yes","updatedAt":"2026-04-02T07:42:49Z"},"geometry":{"type":"Polygon","coordinates":[[[126.7060749,37.4480199],[126.7060336,37.4477317],[126.7062022,37.4477165],[126.7062261,37.4478836],[126.7062655,37.44788],[126.7062828,37.4480012],[126.7060749,37.4480199]]]}},{"type":"Feature","id":622557438,"properties":{"osmId":622557438,"name":"","height":null,"heightTag":null,"building":"yes","updatedAt":"2026-04-02T07:42:49Z"},"geometry":{"type":"Polygon","coordinates":[[[126.7063488,37.4477946],[126.7063358,37.4476921],[126.7064378,37.447684],[126.7064508,37.4477864],[126.7063488,37.4477946]]]}},{"type":"Feature","id":622557439,"properties":{"osmId":622557439,"name":"","height":null,"heightTag":null,"building":"yes","updatedAt":"2026-04-02T07:42:49Z"},"geometry":{"type":"Polygon","coordinates":[[[126.7064661,37.4477601],[126.7064557,37.4476788],[126.7065778,37.447669],[126.7065882,37.4477503],[126.7064661,37.4477601]]]}},{"type":"Feature","id":622557440,"properties":{"osmId":622557440,"name":"","height":null,"heightTag":null,"building":"yes","updatedAt":"2026-04-02T07:42:49Z"},"geometry":{"type":"Polygon","coordinates":[[[126.7065987,37.4477528],[126.7065865,37.4476705],[126.706688,37.4476609],[126.7067002,37.4477433],[126.7065987,37.4477528]]]}},{"type":"Feature","id":622557441,"properties":{"osmId":622557441,"name":"","height":null,"heightTag":null,"building":"yes","updatedAt":"2026-04-02T07:42:49Z"},"geometry":{"type":"Polygon","coordinates":[[[126.706734,37.44777],[126.7067299,37.4477396],[126.7067111,37.4477412],[126.7067004,37.4476607],[126.7068206,37.4476506],[126.7068522,37.4476751],[126.7068634,37.4477591],[126.706734,37.44777]]]}},{"type":"Feature","id":622557442,"properties":{"osmId":622557442,"name":"","height":null,"heightTag":null,"building":"yes","updatedAt":"2026-04-02T07:42:49Z"},"geometry":{"type":"Polygon","coordinates":[[[126.7063778,37.4479889],[126.7063561,37.4478241],[126.7064624,37.4478153],[126.706484,37.4479801],[126.7063778,37.4479889]]]}},{"type":"Feature","id":622557443,"properties":{"osmId":622557443,"name":"","height":null,"heightTag":null,"building":"yes","updatedAt":"2026-04-02T07:42:49Z"},"geometry":{"type":"Polygon","coordinates":[[[126.7065018,37.4479771],[126.7064801,37.4478124],[126.7065864,37.4478036],[126.7066081,37.4479683],[126.7065018,37.4479771]]]}},{"type":"Feature","id":622557444,"properties":{"osmId":622557444,"name":"","height":null,"heightTag":null,"building":"yes","updatedAt":"2026-04-02T07:42:49Z"},"geometry":{"type":"Polygon","coordinates":[[[126.7066258,37.4479655],[126.7066042,37.4478007],[126.7067105,37.4477919],[126.7067321,37.4479567],[126.7066258,37.4479655]]]}},{"type":"Feature","id":622557445,"properties":{"osmId":622557445,"name":"","height":null,"heightTag":null,"building":"yes","updatedAt":"2026-04-02T07:42:49Z"},"geometry":{"type":"Polygon","coordinates":[[[126.7067521,37.4479539],[126.7067328,37.4478062],[126.7068391,37.4477974],[126.7068584,37.4479451],[126.7067521,37.4479539]]]}},{"type":"Feature","id":622566847,"properties":{"osmId":622566847,"name":"","height":null,"heightTag":null,"building":"yes","updatedAt":"2026-04-02T07:42:49Z"},"geometry":{"type":"Polygon","coordinates":[[[126.7054856,37.4461641],[126.7056243,37.4461509],[126.7056073,37.4460383],[126.7054933,37.4460491],[126.705473,37.4460806],[126.7054856,37.4461641]]]}},{"type":"Feature","id":622566848,"properties":{"osmId":622566848,"name":"","height":null,"heightTag":null,"building":"yes","updatedAt":"2026-04-02T07:42:49Z"},"geometry":{"type":"Polygon","coordinates":[[[126.7056336,37.4461379],[126.705619,37.4460375],[126.7057565,37.446025],[126.705771,37.4461254],[126.7056336,37.4461379]]]}},{"type":"Feature","id":622566849,"properties":{"osmId":622566849,"name":"","height":null,"heightTag":null,"building":"yes","updatedAt":"2026-04-02T07:42:49Z"},"geometry":{"type":"Polygon","coordinates":[[[126.7057911,37.4461573],[126.7059332,37.4461449],[126.7059191,37.4460429],[126.7058413,37.4460497],[126.7058395,37.4460366],[126.7057752,37.4460422],[126.7057911,37.4461573]]]}},{"type":"Feature","id":622566850,"properties":{"osmId":622566850,"name":"","height":null,"heightTag":null,"building":"yes","updatedAt":"2026-04-02T07:42:49Z"},"geometry":{"type":"Polygon","coordinates":[[[126.7059572,37.4461261],[126.7059413,37.4460298],[126.7061019,37.446013],[126.7061179,37.4461094],[126.7059572,37.4461261]]]}},{"type":"Feature","id":622566851,"properties":{"osmId":622566851,"name":"","height":null,"heightTag":null,"building":"yes","updatedAt":"2026-04-02T07:42:49Z"},"geometry":{"type":"Polygon","coordinates":[[[126.7061462,37.4460884],[126.7063467,37.4460718],[126.7063355,37.4459861],[126.706135,37.4460026],[126.7061462,37.4460884]]]}},{"type":"Feature","id":622566852,"properties":{"osmId":622566852,"name":"","height":null,"heightTag":null,"building":"yes","updatedAt":"2026-04-02T07:42:49Z"},"geometry":{"type":"Polygon","coordinates":[[[126.7063945,37.4460715],[126.7063805,37.4459775],[126.7065757,37.4459592],[126.7065897,37.4460531],[126.7063945,37.4460715]]]}},{"type":"Feature","id":622566853,"properties":{"osmId":622566853,"name":"","height":null,"heightTag":null,"building":"yes","updatedAt":"2026-04-02T07:42:49Z"},"geometry":{"type":"Polygon","coordinates":[[[126.7056608,37.4463493],[126.7055628,37.446359],[126.7055165,37.4463377],[126.7055004,37.4462355],[126.7056164,37.446224],[126.7056258,37.4462833],[126.7056609,37.4462798],[126.7056669,37.4463179],[126.705656,37.446319],[126.7056608,37.4463493]]]}},{"type":"Feature","id":622566854,"properties":{"osmId":622566854,"name":"","height":null,"heightTag":null,"building":"yes","updatedAt":"2026-04-02T07:42:49Z"},"geometry":{"type":"Polygon","coordinates":[[[126.7057012,37.4463462],[126.7058238,37.446335],[126.7058071,37.4462199],[126.7056845,37.4462312],[126.7057012,37.4463462]]]}},{"type":"Feature","id":622566855,"properties":{"osmId":622566855,"name":"","height":null,"heightTag":null,"building":"yes","updatedAt":"2026-04-02T07:42:49Z"},"geometry":{"type":"Polygon","coordinates":[[[126.7058364,37.4463338],[126.705959,37.4463226],[126.7059423,37.4462075],[126.7058197,37.4462187],[126.7058364,37.4463338]]]}},{"type":"Feature","id":622566856,"properties":{"osmId":622566856,"name":"","height":null,"heightTag":null,"building":"yes","updatedAt":"2026-04-02T07:42:49Z"},"geometry":{"type":"Polygon","coordinates":[[[126.7059973,37.4462957],[126.7061655,37.44628],[126.7061505,37.4461784],[126.7059623,37.4461959],[126.7059758,37.4462877],[126.7059973,37.4462957]]]}},{"type":"Feature","id":622566857,"properties":{"osmId":622566857,"name":"","height":null,"heightTag":null,"building":"yes","updatedAt":"2026-04-02T07:42:49Z"},"geometry":{"type":"Polygon","coordinates":[[[126.7062095,37.4463104],[126.7061881,37.4461768],[126.7063149,37.446164],[126.7063364,37.4462976],[126.7062095,37.4463104]]]}},{"type":"Feature","id":622566858,"properties":{"osmId":622566858,"name":"","height":null,"heightTag":null,"building":"yes","updatedAt":"2026-04-02T07:42:49Z"},"geometry":{"type":"Polygon","coordinates":[[[126.7063685,37.4462954],[126.7063471,37.4461618],[126.7064739,37.446149],[126.7064954,37.4462826],[126.7063685,37.4462954]]]}},{"type":"Feature","id":622566859,"properties":{"osmId":622566859,"name":"","height":null,"heightTag":null,"building":"yes","updatedAt":"2026-04-02T07:42:49Z"},"geometry":{"type":"Polygon","coordinates":[[[126.7065222,37.4462761],[126.7065042,37.446151],[126.706607,37.4461416],[126.7066088,37.4461539],[126.7066236,37.4461526],[126.7066381,37.4462537],[126.7066166,37.4462556],[126.7066183,37.4462674],[126.7065222,37.4462761]]]}},{"type":"Feature","id":622566860,"properties":{"osmId":622566860,"name":"","height":null,"heightTag":null,"building":"yes","updatedAt":"2026-04-02T07:42:49Z"},"geometry":{"type":"Polygon","coordinates":[[[126.7055642,37.4465403],[126.705719,37.4465247],[126.7057068,37.4464484],[126.7055844,37.4464607],[126.7055562,37.4464905],[126.7055642,37.4465403]]]}},{"type":"Feature","id":622566861,"properties":{"osmId":622566861,"name":"","height":null,"heightTag":null,"building":"yes","updatedAt":"2026-04-02T07:42:49Z"},"geometry":{"type":"Polygon","coordinates":[[[126.7055738,37.4466572],[126.7055597,37.4465796],[126.7057001,37.4465636],[126.7057141,37.4466412],[126.7055738,37.4466572]]]}},{"type":"Feature","id":622566862,"properties":{"osmId":622566862,"name":"","height":null,"heightTag":null,"building":"yes","updatedAt":"2026-04-02T07:42:49Z"},"geometry":{"type":"Polygon","coordinates":[[[126.7056004,37.4467865],[126.7055863,37.4467089],[126.7057267,37.4466929],[126.7057407,37.4467705],[126.7056004,37.4467865]]]}},{"type":"Feature","id":622566863,"properties":{"osmId":622566863,"name":"","height":null,"heightTag":null,"building":"yes","updatedAt":"2026-04-02T07:42:49Z"},"geometry":{"type":"Polygon","coordinates":[[[126.705768,37.4467769],[126.705754,37.4466993],[126.7058943,37.4466833],[126.7059083,37.4467609],[126.705768,37.4467769]]]}},{"type":"Feature","id":622566864,"properties":{"osmId":622566864,"name":"","height":null,"heightTag":null,"building":"yes","updatedAt":"2026-04-02T07:42:49Z"},"geometry":{"type":"Polygon","coordinates":[[[126.7057452,37.4466491],[126.7057312,37.4465715],[126.7058715,37.4465555],[126.7058855,37.4466331],[126.7057452,37.4466491]]]}},{"type":"Feature","id":622566865,"properties":{"osmId":622566865,"name":"","height":null,"heightTag":null,"building":"yes","updatedAt":"2026-04-02T07:42:49Z"},"geometry":{"type":"Polygon","coordinates":[[[126.7058623,37.4465133],[126.7057332,37.4465228],[126.7057241,37.4464446],[126.7058532,37.4464352],[126.7058623,37.4465133]]]}},{"type":"Feature","id":622566866,"properties":{"osmId":622566866,"name":"","height":null,"heightTag":null,"building":"yes","updatedAt":"2026-04-02T07:42:49Z"},"geometry":{"type":"Polygon","coordinates":[[[126.7059129,37.4465658],[126.7058962,37.4464392],[126.7060092,37.4464298],[126.706026,37.4465564],[126.7059129,37.4465658]]]}},{"type":"Feature","id":622566867,"properties":{"osmId":622566867,"name":"","height":null,"heightTag":null,"building":"yes","updatedAt":"2026-04-02T07:42:49Z"},"geometry":{"type":"Polygon","coordinates":[[[126.7060598,37.4465481],[126.7060431,37.4464216],[126.7061562,37.4464122],[126.7061729,37.4465387],[126.7060598,37.4465481]]]}},{"type":"Feature","id":622566868,"properties":{"osmId":622566868,"name":"","height":null,"heightTag":null,"building":"yes","updatedAt":"2026-04-02T07:42:49Z"},"geometry":{"type":"Polygon","coordinates":[[[126.7059263,37.4467602],[126.7059016,37.4466047],[126.706001,37.4465947],[126.7060257,37.4467503],[126.7059263,37.4467602]]]}},{"type":"Feature","id":622566869,"properties":{"osmId":622566869,"name":"","height":null,"heightTag":null,"building":"yes","updatedAt":"2026-04-02T07:42:49Z"},"geometry":{"type":"Polygon","coordinates":[[[126.7060357,37.4467474],[126.7060109,37.4465918],[126.7061103,37.4465818],[126.7061351,37.4467374],[126.7060357,37.4467474]]]}},{"type":"Feature","id":622566870,"properties":{"osmId":622566870,"name":"","height":null,"heightTag":null,"building":"yes","updatedAt":"2026-04-02T07:42:49Z"},"geometry":{"type":"Polygon","coordinates":[[[126.7061577,37.4467337],[126.7061377,37.4465993],[126.7062306,37.4465906],[126.7062506,37.446725],[126.7061577,37.4467337]]]}},{"type":"Feature","id":622566871,"properties":{"osmId":622566871,"name":"","height":null,"heightTag":null,"building":"yes","updatedAt":"2026-04-02T07:42:49Z"},"geometry":{"type":"Polygon","coordinates":[[[126.7062875,37.4467204],[126.7062675,37.446586],[126.7063604,37.4465773],[126.7063804,37.4467117],[126.7062875,37.4467204]]]}},{"type":"Feature","id":622566872,"properties":{"osmId":622566872,"name":"","height":null,"heightTag":null,"building":"yes","updatedAt":"2026-04-02T07:42:49Z"},"geometry":{"type":"Polygon","coordinates":[[[126.7064929,37.4467083],[126.7064829,37.4466276],[126.706678,37.4466123],[126.706688,37.446693],[126.7064929,37.4467083]]]}},{"type":"Feature","id":622566873,"properties":{"osmId":622566873,"name":"","height":null,"heightTag":null,"building":"yes","updatedAt":"2026-04-02T07:42:49Z"},"geometry":{"type":"Polygon","coordinates":[[[126.7062323,37.4465299],[126.7062132,37.4464107],[126.7063439,37.4463976],[126.7063629,37.4465168],[126.7062323,37.4465299]]]}},{"type":"Feature","id":622566874,"properties":{"osmId":622566874,"name":"","height":null,"heightTag":null,"building":"yes","updatedAt":"2026-04-02T07:42:49Z"},"geometry":{"type":"Polygon","coordinates":[[[126.7064064,37.4465742],[126.7063826,37.4463945],[126.7065176,37.4463832],[126.7065414,37.446563],[126.7064064,37.4465742]]]}},{"type":"Feature","id":622566875,"properties":{"osmId":622566875,"name":"","height":null,"heightTag":null,"building":"yes","updatedAt":"2026-04-02T07:42:49Z"},"geometry":{"type":"Polygon","coordinates":[[[126.7065857,37.4465792],[126.7065583,37.4463721],[126.7066299,37.4463661],[126.7066661,37.4463856],[126.7066824,37.4464116],[126.7067032,37.4465694],[126.7065857,37.4465792]]]}},{"type":"Feature","id":622566876,"properties":{"osmId":622566876,"name":"","height":null,"heightTag":null,"building":"yes","updatedAt":"2026-04-02T07:42:49Z"},"geometry":{"type":"Polygon","coordinates":[[[126.7056337,37.4470357],[126.7056228,37.4469681],[126.7056396,37.4469664],[126.7056369,37.4469493],[126.705657,37.4469355],[126.7056956,37.4469315],[126.7056928,37.4469137],[126.7057643,37.4469065],[126.7057826,37.4470206],[126.7056337,37.4470357]]]}},{"type":"Feature","id":622566877,"properties":{"osmId":622566877,"name":"","height":null,"heightTag":null,"building":"yes","updatedAt":"2026-04-02T07:42:49Z"},"geometry":{"type":"Polygon","coordinates":[[[126.7057881,37.4470271],[126.7057689,37.446908],[126.7058429,37.4469005],[126.7058484,37.4469346],[126.7058729,37.4469322],[126.7059014,37.4469499],[126.7059023,37.4469557],[126.7059186,37.4469541],[126.705928,37.4470129],[126.7057881,37.4470271]]]}},{"type":"Feature","id":622566878,"properties":{"osmId":622566878,"name":"","height":null,"heightTag":null,"building":"yes","updatedAt":"2026-04-02T07:42:49Z"},"geometry":{"type":"Polygon","coordinates":[[[126.7059323,37.447008],[126.7059118,37.4468658],[126.7060318,37.4468548],[126.7060524,37.4469971],[126.7059323,37.447008]]]}},{"type":"Feature","id":622566879,"properties":{"osmId":622566879,"name":"","height":null,"heightTag":null,"building":"yes","updatedAt":"2026-04-02T07:42:49Z"},"geometry":{"type":"Polygon","coordinates":[[[126.7060665,37.4469941],[126.706046,37.4468518],[126.7061661,37.4468409],[126.7061866,37.4469832],[126.7060665,37.4469941]]]}},{"type":"Feature","id":622587485,"properties":{"osmId":622587485,"name":"","height":null,"heightTag":null,"building":"yes","updatedAt":"2026-04-02T07:42:49Z"},"geometry":{"type":"Polygon","coordinates":[[[126.7062091,37.4469397],[126.7061932,37.4468312],[126.7063973,37.4468123],[126.7064132,37.4469209],[126.7062091,37.4469397]]]}},{"type":"Feature","id":622587486,"properties":{"osmId":622587486,"name":"","height":null,"heightTag":null,"building":"yes","updatedAt":"2026-04-02T07:42:49Z"},"geometry":{"type":"Polygon","coordinates":[[[126.7064369,37.4469357],[126.7064217,37.4468258],[126.7065818,37.4468118],[126.7065971,37.4469217],[126.7064369,37.4469357]]]}},{"type":"Feature","id":622587487,"properties":{"osmId":622587487,"name":"","height":null,"heightTag":null,"building":"yes","updatedAt":"2026-04-02T07:42:49Z"},"geometry":{"type":"Polygon","coordinates":[[[126.7066212,37.4469207],[126.706604,37.4467998],[126.7066843,37.4467925],[126.7067345,37.4468185],[126.7067475,37.4469094],[126.7066212,37.4469207]]]}},{"type":"Feature","id":622587488,"properties":{"osmId":622587488,"name":"","height":null,"heightTag":null,"building":"yes","updatedAt":"2026-04-02T07:42:49Z"},"geometry":{"type":"Polygon","coordinates":[[[126.7056628,37.447193],[126.7056452,37.4471837],[126.7056299,37.4470814],[126.705864,37.4470593],[126.705881,37.4471723],[126.7056628,37.447193]]]}},{"type":"Feature","id":622587489,"properties":{"osmId":622587489,"name":"","height":null,"heightTag":null,"building":"yes","updatedAt":"2026-04-02T07:42:49Z"},"geometry":{"type":"Polygon","coordinates":[[[126.7059134,37.4471912],[126.7058952,37.4470687],[126.7061751,37.4470424],[126.7061933,37.4471649],[126.7059134,37.4471912]]]}},{"type":"Feature","id":622587490,"properties":{"osmId":622587490,"name":"","height":null,"heightTag":null,"building":"yes","updatedAt":"2026-04-02T07:42:49Z"},"geometry":{"type":"Polygon","coordinates":[[[126.7062144,37.4471618],[126.7061964,37.4470442],[126.7064412,37.4470206],[126.7064593,37.4471382],[126.7062144,37.4471618]]]}},{"type":"Feature","id":622587491,"properties":{"osmId":622587491,"name":"","height":null,"heightTag":null,"building":"yes","updatedAt":"2026-04-02T07:42:49Z"},"geometry":{"type":"Polygon","coordinates":[[[126.7064731,37.4471341],[126.7064609,37.4470394],[126.7065999,37.4470292],[126.7065935,37.4469742],[126.706726,37.4469645],[126.7067404,37.447078],[126.7067053,37.447117],[126.7064731,37.4471341]]]}},{"type":"Feature","id":622587492,"properties":{"osmId":622587492,"name":"","height":null,"heightTag":null,"building":"yes","updatedAt":"2026-04-02T07:42:49Z"},"geometry":{"type":"Polygon","coordinates":[[[126.7057951,37.4473992],[126.7056721,37.4474072],[126.7056644,37.4473325],[126.705697,37.4472983],[126.7057842,37.4472926],[126.7057951,37.4473992]]]}},{"type":"Feature","id":622587493,"properties":{"osmId":622587493,"name":"","height":null,"heightTag":null,"building":"yes","updatedAt":"2026-04-02T07:42:49Z"},"geometry":{"type":"Polygon","coordinates":[[[126.7058415,37.447435],[126.705823,37.4472923],[126.70591,37.4472852],[126.7059285,37.4474279],[126.7058415,37.447435]]]}},{"type":"Feature","id":622587494,"properties":{"osmId":622587494,"name":"","height":null,"heightTag":null,"building":"yes","updatedAt":"2026-04-02T07:42:49Z"},"geometry":{"type":"Polygon","coordinates":[[[126.7059542,37.4474236],[126.7059357,37.4472809],[126.7060227,37.4472738],[126.7060412,37.4474165],[126.7059542,37.4474236]]]}},{"type":"Feature","id":622587495,"properties":{"osmId":622587495,"name":"","height":null,"heightTag":null,"building":"yes","updatedAt":"2026-04-02T07:42:49Z"},"geometry":{"type":"Polygon","coordinates":[[[126.7060663,37.4474125],[126.7060478,37.4472698],[126.7061348,37.4472627],[126.7061533,37.4474054],[126.7060663,37.4474125]]]}},{"type":"Feature","id":622587496,"properties":{"osmId":622587496,"name":"","height":null,"heightTag":null,"building":"yes","updatedAt":"2026-04-02T07:42:49Z"},"geometry":{"type":"Polygon","coordinates":[[[126.7061714,37.4474004],[126.7061529,37.4472577],[126.7062399,37.4472506],[126.7062584,37.4473933],[126.7061714,37.4474004]]]}},{"type":"Feature","id":622587497,"properties":{"osmId":622587497,"name":"","height":null,"heightTag":null,"building":"yes","updatedAt":"2026-04-02T07:42:49Z"},"geometry":{"type":"Polygon","coordinates":[[[126.7057689,37.4476171],[126.7057651,37.4475908],[126.7057222,37.4475947],[126.705709,37.4475039],[126.7057539,37.4474998],[126.7057511,37.447481],[126.7058669,37.4474704],[126.7058866,37.4476064],[126.7057689,37.4476171]]]}},{"type":"Feature","id":622587498,"properties":{"osmId":622587498,"name":"","height":null,"heightTag":null,"building":"yes","updatedAt":"2026-04-02T07:42:49Z"},"geometry":{"type":"Polygon","coordinates":[[[126.7059125,37.4476204],[126.7058917,37.4474638],[126.7060092,37.447454],[126.70603,37.4476105],[126.7059125,37.4476204]]]}},{"type":"Feature","id":622587499,"properties":{"osmId":622587499,"name":"","height":null,"heightTag":null,"building":"yes","updatedAt":"2026-04-02T07:42:49Z"},"geometry":{"type":"Polygon","coordinates":[[[126.7060568,37.4475872],[126.7061551,37.4475782],[126.7061356,37.4474435],[126.7060372,37.4474525],[126.7060568,37.4475872]]]}},{"type":"Feature","id":622587500,"properties":{"osmId":622587500,"name":"","height":null,"heightTag":null,"building":"yes","updatedAt":"2026-04-02T07:42:49Z"},"geometry":{"type":"Polygon","coordinates":[[[126.7061886,37.4475744],[126.7061752,37.4474537],[126.706288,37.4474458],[126.7063014,37.4475665],[126.7061886,37.4475744]]]}},{"type":"Feature","id":622646853,"properties":{"osmId":622646853,"name":"","height":null,"heightTag":null,"building":"yes","updatedAt":"2026-04-02T07:42:49Z"},"geometry":{"type":"Polygon","coordinates":[[[126.7063494,37.4475858],[126.706327,37.4474413],[126.7064579,37.4474285],[126.7064803,37.447573],[126.7063494,37.4475858]]]}},{"type":"Feature","id":622646854,"properties":{"osmId":622646854,"name":"","height":null,"heightTag":null,"building":"yes","updatedAt":"2026-04-02T07:42:49Z"},"geometry":{"type":"Polygon","coordinates":[[[126.7063113,37.4473958],[126.7062889,37.4472513],[126.7064199,37.4472385],[126.7064423,37.447383],[126.7063113,37.4473958]]]}},{"type":"Feature","id":622646855,"properties":{"osmId":622646855,"name":"","height":null,"heightTag":null,"building":"yes","updatedAt":"2026-04-02T07:42:49Z"},"geometry":{"type":"Polygon","coordinates":[[[126.7065121,37.44757],[126.7064897,37.4474256],[126.7066207,37.4474128],[126.7066431,37.4475572],[126.7065121,37.44757]]]}},{"type":"Feature","id":622646856,"properties":{"osmId":622646856,"name":"","height":null,"heightTag":null,"building":"yes","updatedAt":"2026-04-02T07:42:49Z"},"geometry":{"type":"Polygon","coordinates":[[[126.7064759,37.4473791],[126.7064535,37.4472347],[126.7065845,37.4472219],[126.7066069,37.4473663],[126.7064759,37.4473791]]]}},{"type":"Feature","id":622646857,"properties":{"osmId":622646857,"name":"","height":null,"heightTag":null,"building":"yes","updatedAt":"2026-04-02T07:42:49Z"},"geometry":{"type":"Polygon","coordinates":[[[126.7066406,37.4473624],[126.7066182,37.447218],[126.7067491,37.4472052],[126.7067715,37.4473496],[126.7066406,37.4473624]]]}},{"type":"Feature","id":622646858,"properties":{"osmId":622646858,"name":"","height":null,"heightTag":null,"building":"yes","updatedAt":"2026-04-02T07:42:49Z"},"geometry":{"type":"Polygon","coordinates":[[[126.7066736,37.44755],[126.7067917,37.4475378],[126.7068034,37.4475257],[126.7067819,37.4473975],[126.7066503,37.4474111],[126.7066736,37.44755]]]}},{"type":"Feature","id":623771628,"properties":{"osmId":623771628,"name":"","height":null,"heightTag":null,"building":"yes","updatedAt":"2026-04-02T07:42:49Z"},"geometry":{"type":"Polygon","coordinates":[[[126.7039031,37.4483576],[126.703898,37.4483115],[126.7039302,37.4482828],[126.704051,37.4482744],[126.704059,37.4483467],[126.7039031,37.4483576]]]}},{"type":"Feature","id":623771629,"properties":{"osmId":623771629,"name":"","height":null,"heightTag":null,"building":"yes","updatedAt":"2026-04-02T07:42:49Z"},"geometry":{"type":"Polygon","coordinates":[[[126.7039193,37.4484544],[126.7039131,37.4483884],[126.7040533,37.4483801],[126.7040595,37.448446],[126.7039193,37.4484544]]]}},{"type":"Feature","id":623771630,"properties":{"osmId":623771630,"name":"","height":null,"heightTag":null,"building":"yes","updatedAt":"2026-04-02T07:42:49Z"},"geometry":{"type":"Polygon","coordinates":[[[126.7039343,37.4485616],[126.703928,37.4484957],[126.7040683,37.4484873],[126.7040745,37.4485533],[126.7039343,37.4485616]]]}},{"type":"Feature","id":623771631,"properties":{"osmId":623771631,"name":"","height":null,"heightTag":null,"building":"yes","updatedAt":"2026-04-02T07:42:49Z"},"geometry":{"type":"Polygon","coordinates":[[[126.704078,37.4487132],[126.7039892,37.4487193],[126.7039503,37.4486927],[126.7039419,37.4486167],[126.7040664,37.4486081],[126.704078,37.4487132]]]}},{"type":"Feature","id":623771632,"properties":{"osmId":623771632,"name":"","height":null,"heightTag":null,"building":"yes","updatedAt":"2026-04-02T07:42:49Z"},"geometry":{"type":"Polygon","coordinates":[[[126.7042898,37.4487013],[126.7041731,37.4487082],[126.704166,37.448633],[126.7042828,37.4486261],[126.7042898,37.4487013]]]}},{"type":"Feature","id":623771633,"properties":{"osmId":623771633,"name":"","height":null,"heightTag":null,"building":"yes","updatedAt":"2026-04-02T07:42:49Z"},"geometry":{"type":"Polygon","coordinates":[[[126.7044176,37.4486927],[126.7043009,37.4486997],[126.7042938,37.4486245],[126.7044105,37.4486176],[126.7044176,37.4486927]]]}},{"type":"Feature","id":623771634,"properties":{"osmId":623771634,"name":"","height":null,"heightTag":null,"building":"yes","updatedAt":"2026-04-02T07:42:49Z"},"geometry":{"type":"Polygon","coordinates":[[[126.7042859,37.4485607],[126.7041691,37.4485676],[126.7041621,37.4484924],[126.7042788,37.4484855],[126.7042859,37.4485607]]]}},{"type":"Feature","id":623771635,"properties":{"osmId":623771635,"name":"","height":null,"heightTag":null,"building":"yes","updatedAt":"2026-04-02T07:42:49Z"},"geometry":{"type":"Polygon","coordinates":[[[126.7044114,37.4485539],[126.7042947,37.4485609],[126.7042876,37.4484857],[126.7044044,37.4484788],[126.7044114,37.4485539]]]}},{"type":"Feature","id":623771636,"properties":{"osmId":623771636,"name":"","height":null,"heightTag":null,"building":"yes","updatedAt":"2026-04-02T07:42:49Z"},"geometry":{"type":"Polygon","coordinates":[[[126.7041619,37.4484651],[126.7041535,37.4483789],[126.7042695,37.4483718],[126.7042779,37.448458],[126.7041619,37.4484651]]]}},{"type":"Feature","id":623771637,"properties":{"osmId":623771637,"name":"","height":null,"heightTag":null,"building":"yes","updatedAt":"2026-04-02T07:42:49Z"},"geometry":{"type":"Polygon","coordinates":[[[126.7042865,37.4484564],[126.7042781,37.4483702],[126.7043941,37.4483631],[126.7044025,37.4484493],[126.7042865,37.4484564]]]}},{"type":"Feature","id":623771638,"properties":{"osmId":623771638,"name":"","height":null,"heightTag":null,"building":"yes","updatedAt":"2026-04-02T07:42:49Z"},"geometry":{"type":"Polygon","coordinates":[[[126.7041907,37.4483401],[126.7041857,37.4482643],[126.7043853,37.4482561],[126.7043903,37.4483319],[126.7041907,37.4483401]]]}},{"type":"Feature","id":623789868,"properties":{"osmId":623789868,"name":"","height":null,"heightTag":null,"building":"yes","updatedAt":"2026-04-02T07:42:49Z"},"geometry":{"type":"Polygon","coordinates":[[[126.7044987,37.4486848],[126.7044891,37.4485951],[126.7046203,37.4485862],[126.7046299,37.4486759],[126.7044987,37.4486848]]]}},{"type":"Feature","id":623789869,"properties":{"osmId":623789869,"name":"","height":null,"heightTag":null,"building":"yes","updatedAt":"2026-04-02T07:42:49Z"},"geometry":{"type":"Polygon","coordinates":[[[126.7044791,37.4485449],[126.7044744,37.4484739],[126.704606,37.4484684],[126.7046107,37.4485393],[126.7044791,37.4485449]]]}},{"type":"Feature","id":623789870,"properties":{"osmId":623789870,"name":"","height":null,"heightTag":null,"building":"yes","updatedAt":"2026-04-02T07:42:49Z"},"geometry":{"type":"Polygon","coordinates":[[[126.7044727,37.4484435],[126.704468,37.4483725],[126.7045996,37.448367],[126.7046043,37.448438],[126.7044727,37.4484435]]]}},{"type":"Feature","id":623789871,"properties":{"osmId":623789871,"name":"","height":null,"heightTag":null,"building":"yes","updatedAt":"2026-04-02T07:42:49Z"},"geometry":{"type":"Polygon","coordinates":[[[126.7044581,37.4483334],[126.7044521,37.4482588],[126.7045826,37.4482522],[126.7045885,37.4483269],[126.7044581,37.4483334]]]}},{"type":"Feature","id":624060340,"properties":{"osmId":624060340,"name":"","height":null,"heightTag":null,"building":"house","updatedAt":"2018-09-15T06:07:30Z"},"geometry":{"type":"Polygon","coordinates":[[[126.6926566,37.4429049],[126.6927582,37.4428213],[126.6928461,37.4428923],[126.6927659,37.442949],[126.6927626,37.4429515],[126.6927587,37.4429535],[126.6927546,37.442955],[126.6927485,37.4429564],[126.6927428,37.4429577],[126.6927367,37.4429582],[126.6927338,37.4429583],[126.6927305,37.4429584],[126.6927274,37.4429578],[126.6927242,37.4429572],[126.6927208,37.4429565],[126.692717,37.4429554],[126.6927129,37.4429536],[126.6927092,37.4429509],[126.6926566,37.4429049]]]}},{"type":"Feature","id":624179183,"properties":{"osmId":624179183,"name":"인천종합문화예술회관","height":null,"heightTag":null,"building":"yes","updatedAt":"2026-04-02T07:42:49Z"},"geometry":{"type":"Polygon","coordinates":[[[126.6996528,37.4483866],[126.6994477,37.446955],[126.7004263,37.4468666],[126.7006314,37.4482982],[126.6996528,37.4483866]]]}},{"type":"Feature","id":624309578,"properties":{"osmId":624309578,"name":"","height":null,"heightTag":null,"building":"yes","updatedAt":"2026-04-02T07:42:49Z"},"geometry":{"type":"Polygon","coordinates":[[[126.7046479,37.4486799],[126.7046372,37.448583],[126.7047434,37.4485759],[126.704754,37.4486771],[126.7046479,37.4486799]]]}},{"type":"Feature","id":624309579,"properties":{"osmId":624309579,"name":"","height":null,"heightTag":null,"building":"yes","updatedAt":"2026-04-02T07:42:49Z"},"geometry":{"type":"Polygon","coordinates":[[[126.7046274,37.4485329],[126.7046156,37.4483768],[126.7047336,37.4483712],[126.7047453,37.4485273],[126.7046274,37.4485329]]]}},{"type":"Feature","id":624309580,"properties":{"osmId":624309580,"name":"","height":null,"heightTag":null,"building":"yes","updatedAt":"2026-04-02T07:42:49Z"},"geometry":{"type":"Polygon","coordinates":[[[126.7046054,37.4483244],[126.7046006,37.448256],[126.7047232,37.4482505],[126.704728,37.448319],[126.7046054,37.4483244]]]}},{"type":"Feature","id":624309581,"properties":{"osmId":624309581,"name":"","height":null,"heightTag":null,"building":"yes","updatedAt":"2026-04-02T07:42:49Z"},"geometry":{"type":"Polygon","coordinates":[[[126.7048137,37.4486496],[126.7048053,37.4485673],[126.7049248,37.4485596],[126.7049332,37.4486419],[126.7048137,37.4486496]]]}},{"type":"Feature","id":624309582,"properties":{"osmId":624309582,"name":"","height":null,"heightTag":null,"building":"yes","updatedAt":"2026-04-02T07:42:49Z"},"geometry":{"type":"Polygon","coordinates":[[[126.704802,37.4485388],[126.7047936,37.4484564],[126.7049131,37.4484487],[126.7049215,37.4485311],[126.704802,37.4485388]]]}},{"type":"Feature","id":624309583,"properties":{"osmId":624309583,"name":"","height":null,"heightTag":null,"building":"yes","updatedAt":"2026-04-02T07:42:49Z"},"geometry":{"type":"Polygon","coordinates":[[[126.7047953,37.4484195],[126.7047882,37.4483397],[126.7049069,37.4483331],[126.704914,37.4484129],[126.7047953,37.4484195]]]}},{"type":"Feature","id":624309584,"properties":{"osmId":624309584,"name":"","height":null,"heightTag":null,"building":"yes","updatedAt":"2026-04-02T07:42:49Z"},"geometry":{"type":"Polygon","coordinates":[[[126.7047843,37.4483039],[126.704778,37.4482454],[126.7049007,37.4482371],[126.704907,37.4482956],[126.7047843,37.4483039]]]}},{"type":"Feature","id":624309585,"properties":{"osmId":624309585,"name":"","height":null,"heightTag":null,"building":"yes","updatedAt":"2026-04-02T07:42:49Z"},"geometry":{"type":"Polygon","coordinates":[[[126.7049562,37.4486378],[126.7049478,37.4485554],[126.7050673,37.4485477],[126.7050757,37.4486301],[126.7049562,37.4486378]]]}},{"type":"Feature","id":624309586,"properties":{"osmId":624309586,"name":"","height":null,"heightTag":null,"building":"yes","updatedAt":"2026-04-02T07:42:49Z"},"geometry":{"type":"Polygon","coordinates":[[[126.7049441,37.4485324],[126.7049357,37.44845],[126.7050552,37.4484423],[126.7050636,37.4485247],[126.7049441,37.4485324]]]}},{"type":"Feature","id":624309587,"properties":{"osmId":624309587,"name":"","height":null,"heightTag":null,"building":"yes","updatedAt":"2026-04-02T07:42:49Z"},"geometry":{"type":"Polygon","coordinates":[[[126.7049382,37.4484095],[126.7049331,37.4483355],[126.7050344,37.4483311],[126.7050395,37.448405],[126.7049382,37.4484095]]]}},{"type":"Feature","id":624309588,"properties":{"osmId":624309588,"name":"","height":null,"heightTag":null,"building":"yes","updatedAt":"2026-04-02T07:42:49Z"},"geometry":{"type":"Polygon","coordinates":[[[126.7049228,37.4482918],[126.7049176,37.4482317],[126.7050176,37.4482262],[126.7050228,37.4482864],[126.7049228,37.4482918]]]}},{"type":"Feature","id":624311554,"properties":{"osmId":624311554,"name":"","height":null,"heightTag":null,"building":"yes","updatedAt":"2026-04-02T07:42:49Z"},"geometry":{"type":"Polygon","coordinates":[[[126.7039621,37.4488981],[126.703954,37.4488199],[126.7040995,37.4488104],[126.7041076,37.4488886],[126.7039621,37.4488981]]]}},{"type":"Feature","id":624311555,"properties":{"osmId":624311555,"name":"","height":null,"heightTag":null,"building":"yes","updatedAt":"2026-04-02T07:42:49Z"},"geometry":{"type":"Polygon","coordinates":[[[126.7039747,37.4490348],[126.7039666,37.4489566],[126.7041122,37.4489471],[126.7041203,37.4490253],[126.7039747,37.4490348]]]}},{"type":"Feature","id":624311556,"properties":{"osmId":624311556,"name":"","height":null,"heightTag":null,"building":"yes","updatedAt":"2026-04-02T07:42:49Z"},"geometry":{"type":"Polygon","coordinates":[[[126.7040233,37.4492337],[126.7039952,37.4492167],[126.7039888,37.4491296],[126.7040194,37.4491282],[126.7040173,37.4490999],[126.7041186,37.4490953],[126.7041283,37.4492289],[126.7040233,37.4492337]]]}},{"type":"Feature","id":624311557,"properties":{"osmId":624311557,"name":"","height":null,"heightTag":null,"building":"yes","updatedAt":"2026-04-02T07:42:49Z"},"geometry":{"type":"Polygon","coordinates":[[[126.7041793,37.4488686],[126.704173,37.448783],[126.7042929,37.4487774],[126.7042993,37.448863],[126.7041793,37.4488686]]]}},{"type":"Feature","id":624311558,"properties":{"osmId":624311558,"name":"","height":null,"heightTag":null,"building":"yes","updatedAt":"2026-04-02T07:42:49Z"},"geometry":{"type":"Polygon","coordinates":[[[126.7041904,37.4489831],[126.7041836,37.4488904],[126.7042975,37.4488851],[126.7043043,37.4489778],[126.7041904,37.4489831]]]}},{"type":"Feature","id":624311559,"properties":{"osmId":624311559,"name":"","height":null,"heightTag":null,"building":"yes","updatedAt":"2026-04-02T07:42:49Z"},"geometry":{"type":"Polygon","coordinates":[[[126.7042031,37.4490942],[126.7041963,37.4490016],[126.7043103,37.4489963],[126.7043171,37.449089],[126.7042031,37.4490942]]]}},{"type":"Feature","id":624311560,"properties":{"osmId":624311560,"name":"","height":null,"heightTag":null,"building":"yes","updatedAt":"2026-04-02T07:42:49Z"},"geometry":{"type":"Polygon","coordinates":[[[126.7042152,37.4492231],[126.7042084,37.4491304],[126.7043223,37.4491251],[126.7043291,37.4492178],[126.7042152,37.4492231]]]}},{"type":"Feature","id":624311561,"properties":{"osmId":624311561,"name":"","height":null,"heightTag":null,"building":"yes","updatedAt":"2026-04-02T07:42:49Z"},"geometry":{"type":"Polygon","coordinates":[[[126.7044611,37.4492095],[126.7043701,37.4492125],[126.7043679,37.4491721],[126.7043531,37.4491726],[126.7043511,37.4491343],[126.7043994,37.4491327],[126.7044004,37.4491519],[126.704458,37.44915],[126.7044611,37.4492095]]]}},{"type":"Feature","id":624311562,"properties":{"osmId":624311562,"name":"","height":null,"heightTag":null,"building":"yes","updatedAt":"2026-04-02T07:42:49Z"},"geometry":{"type":"Polygon","coordinates":[[[126.7043391,37.44908],[126.704334,37.4490001],[126.704444,37.4489956],[126.7044491,37.4490755],[126.7043391,37.44908]]]}},{"type":"Feature","id":624311564,"properties":{"osmId":624311564,"name":"","height":null,"heightTag":null,"building":"yes","updatedAt":"2026-04-02T07:42:49Z"},"geometry":{"type":"Polygon","coordinates":[[[126.7043277,37.4489724],[126.7043225,37.4488926],[126.7044325,37.4488881],[126.7044376,37.448968],[126.7043277,37.4489724]]]}},{"type":"Feature","id":624311566,"properties":{"osmId":624311566,"name":"","height":null,"heightTag":null,"building":"yes","updatedAt":"2026-04-02T07:42:49Z"},"geometry":{"type":"Polygon","coordinates":[[[126.7043139,37.448862],[126.7043075,37.4487764],[126.7044275,37.4487708],[126.7044338,37.4488564],[126.7043139,37.448862]]]}},{"type":"Feature","id":624311568,"properties":{"osmId":624311568,"name":"","height":null,"heightTag":null,"building":"yes","updatedAt":"2026-04-02T07:42:49Z"},"geometry":{"type":"Polygon","coordinates":[[[126.7045391,37.4492136],[126.7045342,37.4491447],[126.7046025,37.4491417],[126.7046014,37.4491259],[126.7046673,37.4491229],[126.7046733,37.4492075],[126.7045391,37.4492136]]]}},{"type":"Feature","id":624311569,"properties":{"osmId":624311569,"name":"","height":null,"heightTag":null,"building":"yes","updatedAt":"2026-04-02T07:42:49Z"},"geometry":{"type":"Polygon","coordinates":[[[126.7046884,37.4492042],[126.7046804,37.4491256],[126.7047938,37.4491183],[126.7048018,37.4491969],[126.7046884,37.4492042]]]}},{"type":"Feature","id":624311571,"properties":{"osmId":624311571,"name":"","height":null,"heightTag":null,"building":"yes","updatedAt":"2026-04-02T07:42:49Z"},"geometry":{"type":"Polygon","coordinates":[[[126.7045288,37.4490656],[126.7045233,37.4489905],[126.7046381,37.4489852],[126.7046436,37.4490603],[126.7045288,37.4490656]]]}},{"type":"Feature","id":624311573,"properties":{"osmId":624311573,"name":"","height":null,"heightTag":null,"building":"yes","updatedAt":"2026-04-02T07:42:49Z"},"geometry":{"type":"Polygon","coordinates":[[[126.7046574,37.4490579],[126.7046519,37.4489829],[126.7047667,37.4489776],[126.7047722,37.4490526],[126.7046574,37.4490579]]]}},{"type":"Feature","id":624311575,"properties":{"osmId":624311575,"name":"","height":null,"heightTag":null,"building":"yes","updatedAt":"2026-04-02T07:42:49Z"},"geometry":{"type":"Polygon","coordinates":[[[126.7046523,37.4489474],[126.7046468,37.4488723],[126.7047616,37.448867],[126.7047671,37.4489421],[126.7046523,37.4489474]]]}},{"type":"Feature","id":624311577,"properties":{"osmId":624311577,"name":"","height":null,"heightTag":null,"building":"yes","updatedAt":"2026-04-02T07:42:49Z"},"geometry":{"type":"Polygon","coordinates":[[[126.7045181,37.4489538],[126.7045126,37.4488788],[126.7046274,37.4488735],[126.7046329,37.4489485],[126.7045181,37.4489538]]]}},{"type":"Feature","id":624311579,"properties":{"osmId":624311579,"name":"","height":null,"heightTag":null,"building":"yes","updatedAt":"2026-04-02T07:42:49Z"},"geometry":{"type":"Polygon","coordinates":[[[126.704512,37.4488368],[126.7045065,37.4487618],[126.7046213,37.4487565],[126.7046268,37.4488315],[126.704512,37.4488368]]]}},{"type":"Feature","id":624311581,"properties":{"osmId":624311581,"name":"","height":null,"heightTag":null,"building":"yes","updatedAt":"2026-04-02T07:42:49Z"},"geometry":{"type":"Polygon","coordinates":[[[126.7046452,37.4488312],[126.7046397,37.4487561],[126.7047545,37.4487508],[126.70476,37.4488259],[126.7046452,37.4488312]]]}},{"type":"Feature","id":624311583,"properties":{"osmId":624311583,"name":"","height":null,"heightTag":null,"building":"yes","updatedAt":"2026-04-02T07:42:49Z"},"geometry":{"type":"Polygon","coordinates":[[[126.704866,37.4491965],[126.7048585,37.4491034],[126.70498,37.4490972],[126.7049875,37.4491904],[126.704866,37.4491965]]]}},{"type":"Feature","id":624311585,"properties":{"osmId":624311585,"name":"","height":null,"heightTag":null,"building":"yes","updatedAt":"2026-04-02T07:42:49Z"},"geometry":{"type":"Polygon","coordinates":[[[126.7050051,37.4491891],[126.7049987,37.4491011],[126.7050971,37.4490961],[126.7051006,37.4491386],[126.705118,37.4491377],[126.7051208,37.4491832],[126.7050051,37.4491891]]]}},{"type":"Feature","id":624311586,"properties":{"osmId":624311586,"name":"","height":null,"heightTag":null,"building":"yes","updatedAt":"2026-04-02T07:42:49Z"},"geometry":{"type":"Polygon","coordinates":[[[126.7048612,37.449059],[126.7048559,37.4489768],[126.7049693,37.4489722],[126.7049745,37.4490544],[126.7048612,37.449059]]]}},{"type":"Feature","id":624311587,"properties":{"osmId":624311587,"name":"","height":null,"heightTag":null,"building":"yes","updatedAt":"2026-04-02T07:42:49Z"},"geometry":{"type":"Polygon","coordinates":[[[126.7049944,37.4490538],[126.7049891,37.4489716],[126.7051025,37.448967],[126.7051078,37.4490492],[126.7049944,37.4490538]]]}},{"type":"Feature","id":624311589,"properties":{"osmId":624311589,"name":"","height":null,"heightTag":null,"building":"yes","updatedAt":"2026-04-02T07:42:49Z"},"geometry":{"type":"Polygon","coordinates":[[[126.7048489,37.4489495],[126.7048436,37.4488673],[126.704957,37.4488627],[126.7049623,37.4489449],[126.7048489,37.4489495]]]}},{"type":"Feature","id":624311591,"properties":{"osmId":624311591,"name":"","height":null,"heightTag":null,"building":"yes","updatedAt":"2026-04-02T07:42:49Z"},"geometry":{"type":"Polygon","coordinates":[[[126.704987,37.4489436],[126.7049818,37.4488614],[126.7050951,37.4488568],[126.7051004,37.448939],[126.704987,37.4489436]]]}},{"type":"Feature","id":624311593,"properties":{"osmId":624311593,"name":"","height":null,"heightTag":null,"building":"yes","updatedAt":"2026-04-02T07:42:49Z"},"geometry":{"type":"Polygon","coordinates":[[[126.7048348,37.4488452],[126.7048295,37.4487629],[126.7049429,37.4487583],[126.7049482,37.4488406],[126.7048348,37.4488452]]]}},{"type":"Feature","id":624311594,"properties":{"osmId":624311594,"name":"","height":null,"heightTag":null,"building":"yes","updatedAt":"2026-04-02T07:42:49Z"},"geometry":{"type":"Polygon","coordinates":[[[126.7049723,37.448842],[126.704967,37.4487597],[126.7050804,37.4487551],[126.7050856,37.4488374],[126.7049723,37.448842]]]}},{"type":"Feature","id":624313124,"properties":{"osmId":624313124,"name":"","height":null,"heightTag":null,"building":"yes","updatedAt":"2026-04-02T07:42:49Z"},"geometry":{"type":"Polygon","coordinates":[[[126.705152,37.4486522],[126.7051457,37.4485835],[126.7052653,37.4485765],[126.7052716,37.4486452],[126.705152,37.4486522]]]}},{"type":"Feature","id":624313125,"properties":{"osmId":624313125,"name":"","height":null,"heightTag":null,"building":"yes","updatedAt":"2026-04-02T07:42:49Z"},"geometry":{"type":"Polygon","coordinates":[[[126.7051407,37.4485241],[126.7051299,37.4484473],[126.7052562,37.4484361],[126.705267,37.4485129],[126.7051407,37.4485241]]]}},{"type":"Feature","id":624313126,"properties":{"osmId":624313126,"name":"","height":null,"heightTag":null,"building":"yes","updatedAt":"2026-04-02T07:42:49Z"},"geometry":{"type":"Polygon","coordinates":[[[126.7051308,37.4484091],[126.7051271,37.4483505],[126.705246,37.4483458],[126.7052497,37.4484043],[126.7051308,37.4484091]]]}},{"type":"Feature","id":624313127,"properties":{"osmId":624313127,"name":"","height":null,"heightTag":null,"building":"yes","updatedAt":"2026-04-02T07:42:49Z"},"geometry":{"type":"Polygon","coordinates":[[[126.7051282,37.4483086],[126.7051207,37.4482435],[126.7052399,37.4482349],[126.7052474,37.4483],[126.7051282,37.4483086]]]}},{"type":"Feature","id":624313128,"properties":{"osmId":624313128,"name":"","height":null,"heightTag":null,"building":"yes","updatedAt":"2026-04-02T07:42:49Z"},"geometry":{"type":"Polygon","coordinates":[[[126.7052808,37.4483753],[126.7052711,37.4482463],[126.705369,37.4482417],[126.7053944,37.4482683],[126.705402,37.4483695],[126.7052808,37.4483753]]]}},{"type":"Feature","id":624313129,"properties":{"osmId":624313129,"name":"","height":null,"heightTag":null,"building":"yes","updatedAt":"2026-04-02T07:42:49Z"},"geometry":{"type":"Polygon","coordinates":[[[126.7052864,37.4485086],[126.7052801,37.4484309],[126.7054036,37.4484246],[126.7054099,37.4485023],[126.7052864,37.4485086]]]}},{"type":"Feature","id":624313131,"properties":{"osmId":624313131,"name":"","height":null,"heightTag":null,"building":"yes","updatedAt":"2026-04-02T07:42:49Z"},"geometry":{"type":"Polygon","coordinates":[[[126.705298,37.4486418],[126.7052915,37.4485562],[126.7054033,37.4485509],[126.7054098,37.4486364],[126.705298,37.4486418]]]}},{"type":"Feature","id":624313133,"properties":{"osmId":624313133,"name":"","height":null,"heightTag":null,"building":"yes","updatedAt":"2026-04-02T07:42:49Z"},"geometry":{"type":"Polygon","coordinates":[[[126.705153,37.4488124],[126.7051505,37.4487686],[126.7051921,37.4487412],[126.7052712,37.4487383],[126.7052752,37.448808],[126.705153,37.4488124]]]}},{"type":"Feature","id":624313134,"properties":{"osmId":624313134,"name":"","height":null,"heightTag":null,"building":"yes","updatedAt":"2026-04-02T07:42:49Z"},"geometry":{"type":"Polygon","coordinates":[[[126.705309,37.4489187],[126.7052991,37.4487445],[126.705415,37.4487404],[126.7054249,37.4489146],[126.705309,37.4489187]]]}},{"type":"Feature","id":624313136,"properties":{"osmId":624313136,"name":"","height":null,"heightTag":null,"building":"yes","updatedAt":"2026-04-02T07:42:49Z"},"geometry":{"type":"Polygon","coordinates":[[[126.7051664,37.4489393],[126.7051618,37.448863],[126.7052781,37.4488586],[126.7052827,37.4489349],[126.7051664,37.4489393]]]}},{"type":"Feature","id":624313138,"properties":{"osmId":624313138,"name":"","height":null,"heightTag":null,"building":"yes","updatedAt":"2026-04-02T07:42:49Z"},"geometry":{"type":"Polygon","coordinates":[[[126.7051729,37.4490389],[126.7051683,37.4489626],[126.7052846,37.4489582],[126.7052892,37.4490345],[126.7051729,37.4490389]]]}},{"type":"Feature","id":624313140,"properties":{"osmId":624313140,"name":"","height":null,"heightTag":null,"building":"yes","updatedAt":"2026-04-02T07:42:49Z"},"geometry":{"type":"Polygon","coordinates":[[[126.7053169,37.4490415],[126.7053118,37.448954],[126.7054339,37.4489496],[126.7054389,37.4490371],[126.7053169,37.4490415]]]}},{"type":"Feature","id":624313142,"properties":{"osmId":624313142,"name":"","height":null,"heightTag":null,"building":"yes","updatedAt":"2026-04-02T07:42:49Z"},"geometry":{"type":"Polygon","coordinates":[[[126.7053316,37.4491735],[126.7053276,37.4490779],[126.7054374,37.449075],[126.7054414,37.4491706],[126.7053316,37.4491735]]]}},{"type":"Feature","id":624313144,"properties":{"osmId":624313144,"name":"","height":null,"heightTag":null,"building":"yes","updatedAt":"2026-04-02T07:42:49Z"},"geometry":{"type":"Polygon","coordinates":[[[126.705205,37.4491722],[126.7051971,37.4490935],[126.7053068,37.4490865],[126.7053148,37.4491652],[126.705205,37.4491722]]]}},{"type":"Feature","id":624320049,"properties":{"osmId":624320049,"name":"","height":null,"heightTag":null,"building":"yes","updatedAt":"2026-04-02T07:42:49Z"},"geometry":{"type":"Polygon","coordinates":[[[126.7054916,37.4483749],[126.7054836,37.448279],[126.705594,37.4482733],[126.7056019,37.4483692],[126.7054916,37.4483749]]]}},{"type":"Feature","id":624320050,"properties":{"osmId":624320050,"name":"","height":null,"heightTag":null,"building":"yes","updatedAt":"2026-04-02T07:42:49Z"},"geometry":{"type":"Polygon","coordinates":[[[126.7055032,37.4485063],[126.7054939,37.4484167],[126.7056021,37.4484097],[126.7056114,37.4484993],[126.7055032,37.4485063]]]}},{"type":"Feature","id":624320051,"properties":{"osmId":624320051,"name":"","height":null,"heightTag":null,"building":"yes","updatedAt":"2026-04-02T07:42:49Z"},"geometry":{"type":"Polygon","coordinates":[[[126.7056341,37.4484951],[126.7056287,37.4484109],[126.7057502,37.4484059],[126.7057557,37.4484902],[126.7056341,37.4484951]]]}},{"type":"Feature","id":624320052,"properties":{"osmId":624320052,"name":"","height":null,"heightTag":null,"building":"yes","updatedAt":"2026-04-02T07:42:49Z"},"geometry":{"type":"Polygon","coordinates":[[[126.7056204,37.4483857],[126.7056117,37.4482593],[126.7057501,37.4482532],[126.7057589,37.4483796],[126.7056204,37.4483857]]]}},{"type":"Feature","id":624320053,"properties":{"osmId":624320053,"name":"","height":null,"heightTag":null,"building":"yes","updatedAt":"2026-04-02T07:42:49Z"},"geometry":{"type":"Polygon","coordinates":[[[126.7055226,37.4486292],[126.7055147,37.4485328],[126.7056256,37.448527],[126.7056335,37.4486234],[126.7055226,37.4486292]]]}},{"type":"Feature","id":624320054,"properties":{"osmId":624320054,"name":"","height":null,"heightTag":null,"building":"yes","updatedAt":"2026-04-02T07:42:49Z"},"geometry":{"type":"Polygon","coordinates":[[[126.705658,37.4486256],[126.7056529,37.4485385],[126.7057562,37.4485347],[126.7057613,37.4486218],[126.705658,37.4486256]]]}},{"type":"Feature","id":624320055,"properties":{"osmId":624320055,"name":"","height":null,"heightTag":null,"building":"yes","updatedAt":"2026-04-02T07:42:49Z"},"geometry":{"type":"Polygon","coordinates":[[[126.7055246,37.4487917],[126.7055188,37.448724],[126.7056344,37.4487185],[126.7056379,37.4487861],[126.7055246,37.4487917]]]}},{"type":"Feature","id":624320056,"properties":{"osmId":624320056,"name":"","height":null,"heightTag":null,"building":"yes","updatedAt":"2026-04-02T07:42:49Z"},"geometry":{"type":"Polygon","coordinates":[[[126.7056644,37.4487835],[126.7056586,37.4487164],[126.7057619,37.4487108],[126.7057677,37.4487779],[126.7056644,37.4487835]]]}},{"type":"Feature","id":624320057,"properties":{"osmId":624320057,"name":"","height":null,"heightTag":null,"building":"yes","updatedAt":"2026-04-02T07:42:49Z"},"geometry":{"type":"Polygon","coordinates":[[[126.7055245,37.4489032],[126.7055193,37.4488309],[126.7056425,37.4488253],[126.7056477,37.4488976],[126.7055245,37.4489032]]]}},{"type":"Feature","id":624320058,"properties":{"osmId":624320058,"name":"","height":null,"heightTag":null,"building":"yes","updatedAt":"2026-04-02T07:42:49Z"},"geometry":{"type":"Polygon","coordinates":[[[126.7056583,37.4488973],[126.7056531,37.4488251],[126.7057763,37.4488195],[126.7057815,37.4488917],[126.7056583,37.4488973]]]}},{"type":"Feature","id":624320059,"properties":{"osmId":624320059,"name":"","height":null,"heightTag":null,"building":"yes","updatedAt":"2026-04-02T07:42:49Z"},"geometry":{"type":"Polygon","coordinates":[[[126.705538,37.4490132],[126.7055328,37.4489409],[126.705656,37.4489353],[126.7056612,37.4490076],[126.705538,37.4490132]]]}},{"type":"Feature","id":624320060,"properties":{"osmId":624320060,"name":"","height":null,"heightTag":null,"building":"yes","updatedAt":"2026-04-02T07:42:49Z"},"geometry":{"type":"Polygon","coordinates":[[[126.7056676,37.4490067],[126.7056624,37.4489345],[126.7057856,37.4489289],[126.7057908,37.4490011],[126.7056676,37.4490067]]]}},{"type":"Feature","id":624320061,"properties":{"osmId":624320061,"name":"","height":null,"heightTag":null,"building":"yes","updatedAt":"2026-04-02T07:42:49Z"},"geometry":{"type":"Polygon","coordinates":[[[126.7055536,37.4491505],[126.7055476,37.4490648],[126.7056708,37.4490594],[126.7056768,37.4491451],[126.7055536,37.4491505]]]}},{"type":"Feature","id":624320062,"properties":{"osmId":624320062,"name":"","height":null,"heightTag":null,"building":"yes","updatedAt":"2026-04-02T07:42:49Z"},"geometry":{"type":"Polygon","coordinates":[[[126.7057096,37.4491323],[126.7057033,37.4490569],[126.7058108,37.4490512],[126.7058171,37.4491267],[126.7057096,37.4491323]]]}},{"type":"Feature","id":624320063,"properties":{"osmId":624320063,"name":"","height":null,"heightTag":null,"building":"yes","updatedAt":"2026-04-02T07:42:49Z"},"geometry":{"type":"Polygon","coordinates":[[[126.7059586,37.4482758],[126.7059563,37.44825],[126.7058204,37.4482577],[126.7058165,37.4482142],[126.7058492,37.4481883],[126.7060243,37.4481781],[126.7060547,37.4482059],[126.7060605,37.44827],[126.7059586,37.4482758]]]}},{"type":"Feature","id":624320064,"properties":{"osmId":624320064,"name":"","height":null,"heightTag":null,"building":"yes","updatedAt":"2026-04-02T07:42:49Z"},"geometry":{"type":"Polygon","coordinates":[[[126.7058237,37.4483745],[126.705817,37.4482805],[126.705936,37.4482751],[126.7059427,37.4483692],[126.7058237,37.4483745]]]}},{"type":"Feature","id":624320065,"properties":{"osmId":624320065,"name":"","height":null,"heightTag":null,"building":"yes","updatedAt":"2026-04-02T07:42:49Z"},"geometry":{"type":"Polygon","coordinates":[[[126.7058337,37.4484907],[126.7058267,37.4484022],[126.705947,37.4483962],[126.705954,37.4484847],[126.7058337,37.4484907]]]}},{"type":"Feature","id":624320067,"properties":{"osmId":624320067,"name":"","height":null,"heightTag":null,"building":"yes","updatedAt":"2026-04-02T07:42:49Z"},"geometry":{"type":"Polygon","coordinates":[[[126.7058476,37.4486204],[126.7058419,37.4485282],[126.7059505,37.448524],[126.7059562,37.4486161],[126.7058476,37.4486204]]]}},{"type":"Feature","id":624320068,"properties":{"osmId":624320068,"name":"","height":null,"heightTag":null,"building":"yes","updatedAt":"2026-04-02T07:42:49Z"},"geometry":{"type":"Polygon","coordinates":[[[126.7059857,37.4486165],[126.70598,37.4485243],[126.7060886,37.4485201],[126.7060944,37.4486123],[126.7059857,37.4486165]]]}},{"type":"Feature","id":624320069,"properties":{"osmId":624320069,"name":"","height":null,"heightTag":null,"building":"yes","updatedAt":"2026-04-02T07:42:49Z"},"geometry":{"type":"Polygon","coordinates":[[[126.7059746,37.4484857],[126.7059585,37.4483344],[126.7060014,37.4483315],[126.7060029,37.4483454],[126.7060274,37.4483437],[126.706029,37.448359],[126.7060687,37.4483564],[126.7060797,37.4484595],[126.7060123,37.448464],[126.7060143,37.4484831],[126.7059746,37.4484857]]]}},{"type":"Feature","id":624676738,"properties":{"osmId":624676738,"name":"","height":null,"heightTag":null,"building":"house","updatedAt":"2018-09-11T09:35:36Z"},"geometry":{"type":"Polygon","coordinates":[[[126.6926119,37.4428787],[126.6927149,37.4427899],[126.6926303,37.4427187],[126.6925575,37.4427888],[126.6925546,37.4428022],[126.6925553,37.442815],[126.6925553,37.4428285],[126.6926119,37.4428787]]]}},{"type":"Feature","id":624676739,"properties":{"osmId":624676739,"name":"","height":null,"heightTag":null,"building":"house","updatedAt":"2018-09-11T09:35:37Z"},"geometry":{"type":"Polygon","coordinates":[[[126.6927384,37.4427902],[126.6926388,37.4427133],[126.6927098,37.4426445],[126.6927642,37.4426819],[126.692779,37.4426833],[126.692826,37.442717],[126.6927384,37.4427902]]]}},{"type":"Feature","id":624676740,"properties":{"osmId":624676740,"name":"","height":null,"heightTag":null,"building":"house","updatedAt":"2018-09-11T09:35:37Z"},"geometry":{"type":"Polygon","coordinates":[[[126.692832,37.4428662],[126.6927561,37.4428042],[126.6928504,37.4427241],[126.6929003,37.4427663],[126.6928851,37.4427775],[126.6929187,37.4428033],[126.6928439,37.4428567],[126.692832,37.4428662]]]}},{"type":"Feature","id":624676741,"properties":{"osmId":624676741,"name":"","height":null,"heightTag":null,"building":"house","updatedAt":"2018-09-11T09:35:37Z"},"geometry":{"type":"Polygon","coordinates":[[[126.6929664,37.4427999],[126.6928677,37.4427155],[126.6929404,37.4426535],[126.6930315,37.4427215],[126.693026,37.442756],[126.6929664,37.4427999]]]}},{"type":"Feature","id":624676742,"properties":{"osmId":624676742,"name":"","height":null,"heightTag":null,"building":"house","updatedAt":"2018-09-11T09:35:37Z"},"geometry":{"type":"Polygon","coordinates":[[[126.692833,37.4427026],[126.6927474,37.4426286],[126.6928124,37.4425674],[126.6928634,37.4426036],[126.6928807,37.442595],[126.6929274,37.4426303],[126.692833,37.4427026]]]}},{"type":"Feature","id":624727177,"properties":{"osmId":624727177,"name":"","height":null,"heightTag":null,"building":"house","updatedAt":"2018-09-11T13:14:51Z"},"geometry":{"type":"Polygon","coordinates":[[[126.6930763,37.4427231],[126.6929609,37.4426271],[126.6930449,37.4425595],[126.6931524,37.4426493],[126.6931457,37.4426733],[126.6930763,37.4427231]]]}},{"type":"Feature","id":624727178,"properties":{"osmId":624727178,"name":"","height":null,"heightTag":null,"building":"house","updatedAt":"2018-09-11T13:14:51Z"},"geometry":{"type":"Polygon","coordinates":[[[126.6929419,37.4426111],[126.6928444,37.4425355],[126.6929228,37.4424715],[126.6930259,37.4425435],[126.6929419,37.4426111]]]}},{"type":"Feature","id":624727179,"properties":{"osmId":624727179,"name":"","height":null,"heightTag":null,"building":"house","updatedAt":"2018-09-11T13:14:51Z"},"geometry":{"type":"Polygon","coordinates":[[[126.6931916,37.4426413],[126.6930662,37.4425373],[126.6931547,37.4424644],[126.6932823,37.4425675],[126.6931916,37.4426413]]]}},{"type":"Feature","id":624727180,"properties":{"osmId":624727180,"name":"","height":null,"heightTag":null,"building":"house","updatedAt":"2018-09-11T13:14:51Z"},"geometry":{"type":"Polygon","coordinates":[[[126.6930483,37.4425328],[126.6929351,37.4424466],[126.6930147,37.4423728],[126.6931334,37.4424581],[126.6930483,37.4425328]]]}},{"type":"Feature","id":624727181,"properties":{"osmId":624727181,"name":"","height":null,"heightTag":null,"building":"house","updatedAt":"2018-09-11T13:14:51Z"},"geometry":{"type":"Polygon","coordinates":[[[126.6931423,37.4424315],[126.6930225,37.4423381],[126.6930953,37.4422687],[126.6932207,37.4423674],[126.6931423,37.4424315]]]}},{"type":"Feature","id":624727182,"properties":{"osmId":624727182,"name":"","height":null,"heightTag":null,"building":"house","updatedAt":"2018-09-11T13:14:51Z"},"geometry":{"type":"Polygon","coordinates":[[[126.6932308,37.4423443],[126.6931143,37.4422465],[126.693167,37.4421967],[126.6932118,37.4421949],[126.6933114,37.4422794],[126.6932308,37.4423443]]]}},{"type":"Feature","id":624727183,"properties":{"osmId":624727183,"name":"","height":null,"heightTag":null,"building":"house","updatedAt":"2018-09-11T13:14:51Z"},"geometry":{"type":"Polygon","coordinates":[[[126.693298,37.4425355],[126.6931838,37.4424368],[126.6932443,37.4423932],[126.6933641,37.442491],[126.693298,37.4425355]]]}},{"type":"Feature","id":624727184,"properties":{"osmId":624727184,"name":"","height":null,"heightTag":null,"building":"house","updatedAt":"2018-09-11T13:14:51Z"},"geometry":{"type":"Polygon","coordinates":[[[126.6933753,37.4424661],[126.6932779,37.4423737],[126.6933529,37.4423079],[126.6934246,37.442371],[126.6934246,37.442419],[126.6933753,37.4424661]]]}},{"type":"Feature","id":625029191,"properties":{"osmId":625029191,"name":"","height":null,"heightTag":null,"building":"house","updatedAt":"2018-09-12T09:16:29Z"},"geometry":{"type":"Polygon","coordinates":[[[126.6929948,37.443179],[126.6929069,37.4431033],[126.6930118,37.4430251],[126.6931156,37.4431084],[126.6930319,37.4431765],[126.6929948,37.443179]]]}},{"type":"Feature","id":625029192,"properties":{"osmId":625029192,"name":"","height":null,"heightTag":null,"building":"house","updatedAt":"2018-09-12T09:16:29Z"},"geometry":{"type":"Polygon","coordinates":[[[126.6928762,37.443084],[126.6928179,37.4430343],[126.6928348,37.4429847],[126.6928995,37.4429368],[126.6929821,37.4430083],[126.6928762,37.443084]]]}},{"type":"Feature","id":625029194,"properties":{"osmId":625029194,"name":"","height":null,"heightTag":null,"building":"house","updatedAt":"2018-09-12T09:16:29Z"},"geometry":{"type":"Polygon","coordinates":[[[126.6931283,37.4430915],[126.693034,37.4430125],[126.6931241,37.4429443],[126.6931898,37.4429999],[126.6931919,37.4430436],[126.6931283,37.4430915]]]}},{"type":"Feature","id":625029196,"properties":{"osmId":625029196,"name":"","height":null,"heightTag":null,"building":"house","updatedAt":"2018-09-12T09:16:29Z"},"geometry":{"type":"Polygon","coordinates":[[[126.6930022,37.4430049],[126.6929154,37.4429309],[126.6929535,37.4429014],[126.6929673,37.442914],[126.6930086,37.4428812],[126.6930859,37.4429443],[126.6930022,37.4430049]]]}},{"type":"Feature","id":625029198,"properties":{"osmId":625029198,"name":"","height":null,"heightTag":null,"building":"house","updatedAt":"2018-09-12T09:16:29Z"},"geometry":{"type":"Polygon","coordinates":[[[126.6930907,37.4429041],[126.6930292,37.4428519],[126.6931246,37.4427804],[126.6932125,37.4428536],[126.6931606,37.4428999],[126.6930907,37.4429041]]]}},{"type":"Feature","id":625029199,"properties":{"osmId":625029199,"name":"","height":null,"heightTag":null,"building":"house","updatedAt":"2018-09-12T09:16:29Z"},"geometry":{"type":"Polygon","coordinates":[[[126.6932401,37.4430168],[126.6931426,37.4429369],[126.6932332,37.4428723],[126.6933296,37.4429523],[126.6932401,37.4430168]]]}},{"type":"Feature","id":625029201,"properties":{"osmId":625029201,"name":"","height":null,"heightTag":null,"building":"house","updatedAt":"2018-09-12T09:16:29Z"},"geometry":{"type":"Polygon","coordinates":[[[126.6932287,37.4428458],[126.6931422,37.442772],[126.693234,37.4426991],[126.6933205,37.4427751],[126.6932287,37.4428458]]]}},{"type":"Feature","id":625029203,"properties":{"osmId":625029203,"name":"","height":null,"heightTag":null,"building":"house","updatedAt":"2018-09-12T09:16:29Z"},"geometry":{"type":"Polygon","coordinates":[[[126.6933506,37.4429415],[126.6932458,37.4428562],[126.6933349,37.4427896],[126.6933742,37.442824],[126.6933624,37.4428385],[126.6934201,37.4428864],[126.6933506,37.4429415]]]}},{"type":"Feature","id":625029205,"properties":{"osmId":625029205,"name":"","height":null,"heightTag":null,"building":"house","updatedAt":"2018-09-12T09:16:30Z"},"geometry":{"type":"Polygon","coordinates":[[[126.6933351,37.4427642],[126.6932473,37.4426853],[126.6932804,37.442659],[126.693292,37.4426688],[126.6933282,37.44264],[126.6933713,37.4426792],[126.6933944,37.4426767],[126.6934244,37.4427],[126.6933351,37.4427642]]]}},{"type":"Feature","id":625029206,"properties":{"osmId":625029206,"name":"","height":null,"heightTag":null,"building":"house","updatedAt":"2018-09-12T09:16:30Z"},"geometry":{"type":"Polygon","coordinates":[[[126.6934552,37.4428578],[126.6933543,37.442777],[126.6934445,37.4427085],[126.6934814,37.4427403],[126.6934599,37.4427575],[126.6934976,37.4427905],[126.6934745,37.4428058],[126.6934968,37.4428241],[126.6934552,37.4428578]]]}},{"type":"Feature","id":625029208,"properties":{"osmId":625029208,"name":"","height":null,"heightTag":null,"building":"house","updatedAt":"2018-09-12T09:16:30Z"},"geometry":{"type":"Polygon","coordinates":[[[126.6935592,37.4427721],[126.6934753,37.4426951],[126.6935546,37.4426321],[126.6936432,37.4427134],[126.6935592,37.4427721]]]}},{"type":"Feature","id":625029210,"properties":{"osmId":625029210,"name":"","height":null,"heightTag":null,"building":"house","updatedAt":"2018-09-12T09:16:30Z"},"geometry":{"type":"Polygon","coordinates":[[[126.6934506,37.4426865],[126.6933536,37.4426046],[126.6934075,37.4425642],[126.6934337,37.4425868],[126.6934422,37.4425795],[126.6934737,37.442607],[126.693493,37.4426064],[126.6935238,37.4426321],[126.6934506,37.4426865]]]}},{"type":"Feature","id":625029211,"properties":{"osmId":625029211,"name":"","height":null,"heightTag":null,"building":"house","updatedAt":"2018-09-12T09:16:30Z"},"geometry":{"type":"Polygon","coordinates":[[[126.6927442,37.4432545],[126.6926676,37.4431835],[126.6927081,37.4431505],[126.692723,37.4431607],[126.692773,37.4431277],[126.6927879,37.4431412],[126.692807,37.4431302],[126.6928411,37.4431581],[126.6928379,37.4431902],[126.6927442,37.4432545]]]}},{"type":"Feature","id":625029221,"properties":{"osmId":625029221,"name":"","height":null,"heightTag":null,"building":"house","updatedAt":"2018-09-12T09:16:30Z"},"geometry":{"type":"Polygon","coordinates":[[[126.6936716,37.4426945],[126.6935727,37.4426094],[126.6936366,37.4425587],[126.6937201,37.4426274],[126.6937129,37.44267],[126.6936716,37.4426945]]]}},{"type":"Feature","id":625029222,"properties":{"osmId":625029222,"name":"","height":null,"heightTag":null,"building":"house","updatedAt":"2018-09-12T09:16:30Z"},"geometry":{"type":"Polygon","coordinates":[[[126.6935521,37.4426078],[126.6934697,37.4425268],[126.6935098,37.4424949],[126.6935243,37.4425047],[126.6935428,37.4424941],[126.6935737,37.4425235],[126.6935913,37.4425137],[126.6936315,37.4425489],[126.6935521,37.4426078]]]}},{"type":"Feature","id":625286555,"properties":{"osmId":625286555,"name":"","height":null,"heightTag":null,"building":"house","updatedAt":"2018-09-13T13:36:28Z"},"geometry":{"type":"Polygon","coordinates":[[[126.6927215,37.4432728],[126.6926474,37.4432032],[126.6925191,37.4433012],[126.692545,37.4433316],[126.6925993,37.4433561],[126.6927215,37.4432728]]]}},{"type":"Feature","id":625286556,"properties":{"osmId":625286556,"name":"","height":null,"heightTag":null,"building":"house","updatedAt":"2018-09-13T13:36:28Z"},"geometry":{"type":"Polygon","coordinates":[[[126.6928461,37.4433306],[126.6927708,37.443264],[126.6928881,37.4431778],[126.6929461,37.4432317],[126.6928782,37.4432797],[126.6928992,37.4432963],[126.6928461,37.4433306]]]}},{"type":"Feature","id":625286557,"properties":{"osmId":625286557,"name":"","height":null,"heightTag":null,"building":"house","updatedAt":"2018-09-13T13:36:28Z"},"geometry":{"type":"Polygon","coordinates":[[[126.6926454,37.4431494],[126.6925793,37.4430978],[126.6926868,37.4430125],[126.6927518,37.4430667],[126.6926454,37.4431494]]]}},{"type":"Feature","id":625699291,"properties":{"osmId":625699291,"name":"","height":null,"heightTag":null,"building":"house","updatedAt":"2018-09-15T06:07:27Z"},"geometry":{"type":"Polygon","coordinates":[[[126.6926614,37.4429865],[126.6925956,37.4429276],[126.6924824,37.4430117],[126.6925518,37.4430716],[126.6926614,37.4429865]]]}},{"type":"Feature","id":625699292,"properties":{"osmId":625699292,"name":"","height":null,"heightTag":null,"building":"house","updatedAt":"2018-09-15T06:07:27Z"},"geometry":{"type":"Polygon","coordinates":[[[126.6925774,37.4429083],[126.6925263,37.4428648],[126.6924654,37.4428599],[126.6923778,37.4429295],[126.6924618,37.4429991],[126.6925774,37.4429083]]]}},{"type":"Feature","id":626330998,"properties":{"osmId":626330998,"name":"","height":null,"heightTag":null,"building":"yes","updatedAt":"2026-04-02T07:42:49Z"},"geometry":{"type":"Polygon","coordinates":[[[126.7058466,37.4487794],[126.7058401,37.4486937],[126.7059558,37.4486882],[126.7059623,37.4487738],[126.7058466,37.4487794]]]}},{"type":"Feature","id":626330999,"properties":{"osmId":626330999,"name":"","height":null,"heightTag":null,"building":"yes","updatedAt":"2026-04-02T07:42:49Z"},"geometry":{"type":"Polygon","coordinates":[[[126.7059716,37.4487767],[126.7059666,37.4486997],[126.7060343,37.448697],[126.7060356,37.4487165],[126.7060888,37.4487143],[126.7060926,37.4487717],[126.7059716,37.4487767]]]}},{"type":"Feature","id":626331000,"properties":{"osmId":626331000,"name":"","height":null,"heightTag":null,"building":"yes","updatedAt":"2026-04-02T07:42:49Z"},"geometry":{"type":"Polygon","coordinates":[[[126.7058495,37.4488842],[126.7058435,37.4488019],[126.7059615,37.4487965],[126.7059675,37.4488788],[126.7058495,37.4488842]]]}},{"type":"Feature","id":626331002,"properties":{"osmId":626331002,"name":"","height":null,"heightTag":null,"building":"yes","updatedAt":"2026-04-02T07:42:49Z"},"geometry":{"type":"Polygon","coordinates":[[[126.7059861,37.4488802],[126.7059801,37.4487979],[126.7060981,37.4487925],[126.7061041,37.4488748],[126.7059861,37.4488802]]]}},{"type":"Feature","id":626331003,"properties":{"osmId":626331003,"name":"","height":null,"heightTag":null,"building":"yes","updatedAt":"2026-04-02T07:42:49Z"},"geometry":{"type":"Polygon","coordinates":[[[126.7058642,37.4490024],[126.7058592,37.44892],[126.7059714,37.4489157],[126.7059764,37.4489981],[126.7058642,37.4490024]]]}},{"type":"Feature","id":626331004,"properties":{"osmId":626331004,"name":"","height":null,"heightTag":null,"building":"yes","updatedAt":"2026-04-02T07:42:49Z"},"geometry":{"type":"Polygon","coordinates":[[[126.7059978,37.4489965],[126.7059928,37.4489141],[126.706105,37.4489098],[126.70611,37.4489921],[126.7059978,37.4489965]]]}},{"type":"Feature","id":626331005,"properties":{"osmId":626331005,"name":"","height":null,"heightTag":null,"building":"yes","updatedAt":"2026-04-02T07:42:49Z"},"geometry":{"type":"Polygon","coordinates":[[[126.7058812,37.4491391],[126.7058717,37.4490423],[126.7059979,37.4490345],[126.7060074,37.4491313],[126.7058812,37.4491391]]]}},{"type":"Feature","id":626331006,"properties":{"osmId":626331006,"name":"","height":null,"heightTag":null,"building":"yes","updatedAt":"2026-04-02T07:42:49Z"},"geometry":{"type":"Polygon","coordinates":[[[126.7060184,37.4491276],[126.7060157,37.4490544],[126.7061242,37.4490519],[126.7061269,37.4491251],[126.7060184,37.4491276]]]}},{"type":"Feature","id":626331007,"properties":{"osmId":626331007,"name":"","height":null,"heightTag":null,"building":"yes","updatedAt":"2026-04-02T07:42:49Z"},"geometry":{"type":"Polygon","coordinates":[[[126.706179,37.4482922],[126.7061778,37.448277],[126.7061245,37.4482796],[126.7061164,37.4481747],[126.7061455,37.4481733],[126.7061434,37.4481455],[126.7062329,37.4481412],[126.7062443,37.448289],[126.706179,37.4482922]]]}},{"type":"Feature","id":626331008,"properties":{"osmId":626331008,"name":"","height":null,"heightTag":null,"building":"yes","updatedAt":"2026-04-02T07:42:49Z"},"geometry":{"type":"Polygon","coordinates":[[[126.7062592,37.4482884],[126.7062412,37.4481281],[126.7063371,37.4481213],[126.7063407,37.4481532],[126.7063646,37.4481515],[126.706379,37.4482799],[126.7062592,37.4482884]]]}},{"type":"Feature","id":626331009,"properties":{"osmId":626331009,"name":"","height":null,"heightTag":null,"building":"yes","updatedAt":"2026-04-02T07:42:49Z"},"geometry":{"type":"Polygon","coordinates":[[[126.7061505,37.4484637],[126.7061413,37.4483668],[126.7062562,37.4483588],[126.7062633,37.448458],[126.7061505,37.4484637]]]}},{"type":"Feature","id":626331010,"properties":{"osmId":626331010,"name":"","height":null,"heightTag":null,"building":"yes","updatedAt":"2026-04-02T07:42:49Z"},"geometry":{"type":"Polygon","coordinates":[[[126.7062806,37.4484568],[126.7062714,37.44836],[126.7063863,37.4483519],[126.7063934,37.4484512],[126.7062806,37.4484568]]]}},{"type":"Feature","id":626331011,"properties":{"osmId":626331011,"name":"","height":null,"heightTag":null,"building":"yes","updatedAt":"2026-04-02T07:42:49Z"},"geometry":{"type":"Polygon","coordinates":[[[126.7061638,37.4486049],[126.7061551,37.4485069],[126.7062689,37.4485005],[126.7062776,37.4485985],[126.7061638,37.4486049]]]}},{"type":"Feature","id":626331012,"properties":{"osmId":626331012,"name":"","height":null,"heightTag":null,"building":"yes","updatedAt":"2026-04-02T07:42:49Z"},"geometry":{"type":"Polygon","coordinates":[[[126.706299,37.4485976],[126.7062902,37.4484996],[126.7064041,37.4484933],[126.7064128,37.4485913],[126.706299,37.4485976]]]}},{"type":"Feature","id":626331013,"properties":{"osmId":626331013,"name":"","height":null,"heightTag":null,"building":"yes","updatedAt":"2026-04-02T07:42:49Z"},"geometry":{"type":"Polygon","coordinates":[[[126.7061816,37.448766],[126.7061766,37.448682],[126.7062964,37.4486775],[126.7063013,37.4487615],[126.7061816,37.448766]]]}},{"type":"Feature","id":626331014,"properties":{"osmId":626331014,"name":"","height":null,"heightTag":null,"building":"yes","updatedAt":"2026-04-02T07:42:49Z"},"geometry":{"type":"Polygon","coordinates":[[[126.7063138,37.4487621],[126.7063089,37.4486781],[126.7064286,37.4486736],[126.7064336,37.4487576],[126.7063138,37.4487621]]]}},{"type":"Feature","id":626331015,"properties":{"osmId":626331015,"name":"","height":null,"heightTag":null,"building":"yes","updatedAt":"2026-04-02T07:42:49Z"},"geometry":{"type":"Polygon","coordinates":[[[126.7063208,37.4488851],[126.7063146,37.4487966],[126.7064381,37.4487912],[126.7064442,37.4488797],[126.7063208,37.4488851]]]}},{"type":"Feature","id":626331016,"properties":{"osmId":626331016,"name":"","height":null,"heightTag":null,"building":"yes","updatedAt":"2026-04-02T07:42:49Z"},"geometry":{"type":"Polygon","coordinates":[[[126.7063312,37.4489889],[126.706325,37.4489004],[126.7064485,37.448895],[126.7064546,37.4489835],[126.7063312,37.4489889]]]}},{"type":"Feature","id":626331017,"properties":{"osmId":626331017,"name":"","height":null,"heightTag":null,"building":"yes","updatedAt":"2026-04-02T07:42:49Z"},"geometry":{"type":"Polygon","coordinates":[[[126.7063374,37.4490999],[126.7063312,37.4490113],[126.7064546,37.4490059],[126.7064608,37.4490945],[126.7063374,37.4490999]]]}},{"type":"Feature","id":626331018,"properties":{"osmId":626331018,"name":"","height":null,"heightTag":null,"building":"yes","updatedAt":"2026-04-02T07:42:49Z"},"geometry":{"type":"Polygon","coordinates":[[[126.7061967,37.4491062],[126.7061905,37.4490177],[126.706314,37.4490123],[126.7063201,37.4491008],[126.7061967,37.4491062]]]}},{"type":"Feature","id":626331019,"properties":{"osmId":626331019,"name":"","height":null,"heightTag":null,"building":"yes","updatedAt":"2026-04-02T07:42:49Z"},"geometry":{"type":"Polygon","coordinates":[[[126.7061975,37.4489775],[126.7061842,37.4488176],[126.7062981,37.4488116],[126.7063114,37.4489715],[126.7061975,37.4489775]]]}},{"type":"Feature","id":626331020,"properties":{"osmId":626331020,"name":"","height":null,"heightTag":null,"building":"yes","updatedAt":"2026-04-02T07:42:49Z"},"geometry":{"type":"Polygon","coordinates":[[[126.7065278,37.4490806],[126.7065192,37.4488964],[126.7066131,37.4488937],[126.7066217,37.4490778],[126.7065278,37.4490806]]]}},{"type":"Feature","id":626331021,"properties":{"osmId":626331021,"name":"","height":null,"heightTag":null,"building":"yes","updatedAt":"2026-04-02T07:42:49Z"},"geometry":{"type":"Polygon","coordinates":[[[126.7066371,37.4490833],[126.7066365,37.4490077],[126.7067633,37.4490071],[126.7067637,37.4490541],[126.706731,37.4490828],[126.7066371,37.4490833]]]}},{"type":"Feature","id":626331022,"properties":{"osmId":626331022,"name":"","height":null,"heightTag":null,"building":"yes","updatedAt":"2026-04-02T07:42:49Z"},"geometry":{"type":"Polygon","coordinates":[[[126.7066411,37.4489809],[126.70664,37.4489058],[126.7067357,37.4489048],[126.7067368,37.4489799],[126.7066411,37.4489809]]]}},{"type":"Feature","id":626331023,"properties":{"osmId":626331023,"name":"","height":null,"heightTag":null,"building":"yes","updatedAt":"2026-04-02T07:42:49Z"},"geometry":{"type":"Polygon","coordinates":[[[126.7065071,37.4488881],[126.7065043,37.4488084],[126.7065874,37.4488066],[126.7066026,37.4487908],[126.7066614,37.4487896],[126.7066647,37.4488846],[126.7065071,37.4488881]]]}},{"type":"Feature","id":626331024,"properties":{"osmId":626331024,"name":"","height":null,"heightTag":null,"building":"yes","updatedAt":"2026-04-02T07:42:49Z"},"geometry":{"type":"Polygon","coordinates":[[[126.7064965,37.4487711],[126.7064914,37.4486979],[126.7067232,37.4486877],[126.7067283,37.4487608],[126.7064965,37.4487711]]]}},{"type":"Feature","id":626331025,"properties":{"osmId":626331025,"name":"","height":null,"heightTag":null,"building":"yes","updatedAt":"2026-04-02T07:42:49Z"},"geometry":{"type":"Polygon","coordinates":[[[126.7067772,37.448747],[126.70677,37.448652],[126.7069795,37.4486419],[126.7069867,37.448737],[126.7067772,37.448747]]]}},{"type":"Feature","id":626331026,"properties":{"osmId":626331026,"name":"","height":null,"heightTag":null,"building":"yes","updatedAt":"2026-04-02T07:42:49Z"},"geometry":{"type":"Polygon","coordinates":[[[126.7068784,37.4489213],[126.7068733,37.4488769],[126.7069011,37.4488749],[126.7068909,37.4487862],[126.7069956,37.4487786],[126.7070109,37.4489117],[126.7068784,37.4489213]]]}},{"type":"Feature","id":626331027,"properties":{"osmId":626331027,"name":"","height":null,"heightTag":null,"building":"yes","updatedAt":"2026-04-02T07:42:49Z"},"geometry":{"type":"Polygon","coordinates":[[[126.7068278,37.4490791],[126.7068215,37.4489545],[126.7070283,37.4489479],[126.7070346,37.4490725],[126.7068278,37.4490791]]]}},{"type":"Feature","id":626331029,"properties":{"osmId":626331029,"name":"","height":null,"heightTag":null,"building":"yes","updatedAt":"2026-04-02T07:42:49Z"},"geometry":{"type":"Polygon","coordinates":[[[126.7064989,37.4485878],[126.7064912,37.4485099],[126.7067088,37.4484964],[126.7067164,37.4485743],[126.7064989,37.4485878]]]}},{"type":"Feature","id":626331030,"properties":{"osmId":626331030,"name":"","height":null,"heightTag":null,"building":"yes","updatedAt":"2026-04-02T07:42:49Z"},"geometry":{"type":"Polygon","coordinates":[[[126.7067671,37.4485717],[126.7067594,37.4484938],[126.706977,37.4484803],[126.7069847,37.4485582],[126.7067671,37.4485717]]]}},{"type":"Feature","id":626331031,"properties":{"osmId":626331031,"name":"","height":null,"heightTag":null,"building":"yes","updatedAt":"2026-04-02T07:42:49Z"},"geometry":{"type":"Polygon","coordinates":[[[126.7067551,37.4484166],[126.706747,37.4483387],[126.7069453,37.4483256],[126.7069534,37.4484035],[126.7067551,37.4484166]]]}},{"type":"Feature","id":626331032,"properties":{"osmId":626331032,"name":"","height":null,"heightTag":null,"building":"yes","updatedAt":"2026-04-02T07:42:49Z"},"geometry":{"type":"Polygon","coordinates":[[[126.7064957,37.4484475],[126.7064881,37.4483695],[126.7067056,37.448356],[126.7067133,37.448434],[126.7064957,37.4484475]]]}},{"type":"Feature","id":626331033,"properties":{"osmId":626331033,"name":"","height":null,"heightTag":null,"building":"yes","updatedAt":"2026-04-02T07:42:49Z"},"geometry":{"type":"Polygon","coordinates":[[[126.7064781,37.4483036],[126.7064585,37.4481314],[126.7065622,37.4481239],[126.7065818,37.4482962],[126.7064781,37.4483036]]]}},{"type":"Feature","id":626331034,"properties":{"osmId":626331034,"name":"","height":null,"heightTag":null,"building":"yes","updatedAt":"2026-04-02T07:42:49Z"},"geometry":{"type":"Polygon","coordinates":[[[126.7066247,37.4482818],[126.7066051,37.4481096],[126.7067088,37.4481021],[126.7067284,37.4482744],[126.7066247,37.4482818]]]}},{"type":"Feature","id":626331035,"properties":{"osmId":626331035,"name":"","height":null,"heightTag":null,"building":"yes","updatedAt":"2026-04-02T07:42:49Z"},"geometry":{"type":"Polygon","coordinates":[[[126.7067675,37.4482329],[126.7067559,37.4481137],[126.7067994,37.448111],[126.7067983,37.4480995],[126.7068954,37.4480935],[126.7069117,37.4481056],[126.7069129,37.4481183],[126.7069348,37.448117],[126.7069455,37.4482289],[126.7068156,37.4482367],[126.7068149,37.44823],[126.7067675,37.4482329]]]}},{"type":"Feature","id":626345064,"properties":{"osmId":626345064,"name":"","height":null,"heightTag":null,"building":"yes","updatedAt":"2026-04-02T07:42:49Z"},"geometry":{"type":"Polygon","coordinates":[[[126.7065783,37.4448981],[126.7067129,37.4448869],[126.7067026,37.444809],[126.706568,37.4448202],[126.7065783,37.4448981]]]}},{"type":"Feature","id":626345065,"properties":{"osmId":626345065,"name":"","height":null,"heightTag":null,"building":"yes","updatedAt":"2026-04-02T07:42:49Z"},"geometry":{"type":"Polygon","coordinates":[[[126.7065813,37.4449877],[126.7065711,37.4449189],[126.7067145,37.4449055],[126.7067222,37.4449572],[126.7067008,37.4449766],[126.7065813,37.4449877]]]}},{"type":"Feature","id":626345066,"properties":{"osmId":626345066,"name":"","height":null,"heightTag":null,"building":"yes","updatedAt":"2026-04-02T07:42:49Z"},"geometry":{"type":"Polygon","coordinates":[[[126.706649,37.4453429],[126.7066418,37.4452728],[126.7066605,37.4452716],[126.706653,37.4451981],[126.7066206,37.4452002],[126.7066165,37.4451598],[126.7066541,37.4451275],[126.7067151,37.4451218],[126.7067527,37.4451476],[126.706773,37.4453018],[126.7067262,37.4453502],[126.7066632,37.4453542],[126.706649,37.4453429]]]}},{"type":"Feature","id":626345067,"properties":{"osmId":626345067,"name":"","height":null,"heightTag":null,"building":"yes","updatedAt":"2026-04-02T07:42:49Z"},"geometry":{"type":"Polygon","coordinates":[[[126.7066953,37.4455515],[126.7068245,37.4455411],[126.7068001,37.4453515],[126.7066709,37.445362],[126.7066953,37.4455515]]]}},{"type":"Feature","id":626345068,"properties":{"osmId":626345068,"name":"","height":null,"heightTag":null,"building":"yes","updatedAt":"2026-04-02T07:42:49Z"},"geometry":{"type":"Polygon","coordinates":[[[126.7067178,37.4457391],[126.706697,37.4455612],[126.7068245,37.4455519],[126.7068452,37.4457298],[126.7067178,37.4457391]]]}},{"type":"Feature","id":626345069,"properties":{"osmId":626345069,"name":"","height":null,"heightTag":null,"building":"yes","updatedAt":"2026-04-02T07:42:49Z"},"geometry":{"type":"Polygon","coordinates":[[[126.7067426,37.4458639],[126.7067333,37.4457827],[126.7068444,37.4457747],[126.7068536,37.445856],[126.7067426,37.4458639]]]}},{"type":"Feature","id":626345070,"properties":{"osmId":626345070,"name":"","height":null,"heightTag":null,"building":"yes","updatedAt":"2026-04-02T07:42:49Z"},"geometry":{"type":"Polygon","coordinates":[[[126.7067675,37.4460419],[126.7067559,37.4459781],[126.7067409,37.4459799],[126.7067334,37.4459382],[126.7068567,37.4459241],[126.7068758,37.4460295],[126.7067675,37.4460419]]]}},{"type":"Feature","id":626345071,"properties":{"osmId":626345071,"name":"","height":null,"heightTag":null,"building":"yes","updatedAt":"2026-04-02T07:42:49Z"},"geometry":{"type":"Polygon","coordinates":[[[126.706756,37.4461845],[126.7067421,37.4460977],[126.7067519,37.4460967],[126.7067484,37.4460748],[126.7068802,37.4460614],[126.7068977,37.4461701],[126.706756,37.4461845]]]}},{"type":"Feature","id":626345072,"properties":{"osmId":626345072,"name":"","height":null,"heightTag":null,"building":"yes","updatedAt":"2026-04-02T07:42:49Z"},"geometry":{"type":"Polygon","coordinates":[[[126.7067889,37.4463752],[126.7067693,37.446197],[126.7068935,37.4461884],[126.7069131,37.4463665],[126.7067889,37.4463752]]]}},{"type":"Feature","id":626345073,"properties":{"osmId":626345073,"name":"","height":null,"heightTag":null,"building":"yes","updatedAt":"2026-04-02T07:42:49Z"},"geometry":{"type":"Polygon","coordinates":[[[126.706815,37.4465531],[126.7067971,37.446403],[126.706918,37.4463939],[126.706936,37.446544],[126.706815,37.4465531]]]}},{"type":"Feature","id":626345074,"properties":{"osmId":626345074,"name":"","height":null,"heightTag":null,"building":"yes","updatedAt":"2026-04-02T07:42:49Z"},"geometry":{"type":"Polygon","coordinates":[[[126.7068437,37.4466698],[126.7068349,37.446579],[126.7069716,37.4465707],[126.7069804,37.4466615],[126.7068437,37.4466698]]]}},{"type":"Feature","id":626345075,"properties":{"osmId":626345075,"name":"","height":null,"heightTag":null,"building":"yes","updatedAt":"2026-04-02T07:42:49Z"},"geometry":{"type":"Polygon","coordinates":[[[126.7069785,37.4467874],[126.706828,37.4467984],[126.7068169,37.446702],[126.7069674,37.4466911],[126.7069785,37.4467874]]]}},{"type":"Feature","id":626345076,"properties":{"osmId":626345076,"name":"","height":null,"heightTag":null,"building":"yes","updatedAt":"2026-04-02T07:42:49Z"},"geometry":{"type":"Polygon","coordinates":[[[126.7068776,37.446902],[126.7070164,37.446894],[126.7070092,37.4468146],[126.7068704,37.4468226],[126.7068776,37.446902]]]}},{"type":"Feature","id":626345077,"properties":{"osmId":626345077,"name":"","height":null,"heightTag":null,"building":"yes","updatedAt":"2026-04-02T07:42:49Z"},"geometry":{"type":"Polygon","coordinates":[[[126.7069153,37.4470036],[126.7069051,37.44691],[126.7070291,37.4469019],[126.7070555,37.447119],[126.7069336,37.4471278],[126.7069153,37.4470036]]]}},{"type":"Feature","id":626624035,"properties":{"osmId":626624035,"name":"","height":null,"heightTag":null,"building":"yes","updatedAt":"2026-04-02T07:42:49Z"},"geometry":{"type":"Polygon","coordinates":[[[126.7043494,37.4495542],[126.7042942,37.4495566],[126.7042927,37.4495341],[126.7042518,37.4495359],[126.7042355,37.4492995],[126.7043316,37.4492953],[126.7043494,37.4495542]]]}},{"type":"Feature","id":626624036,"properties":{"osmId":626624036,"name":"","height":44,"heightTag":"44","building":"apartments","updatedAt":"2026-07-22T12:34:30Z"},"geometry":{"type":"Polygon","coordinates":[[[126.7040323,37.449481],[126.7040256,37.4493732],[126.704108,37.4493699],[126.7041038,37.449302],[126.7041593,37.4492999],[126.7041702,37.4494756],[126.7040323,37.449481]]]}},{"type":"Feature","id":626624037,"properties":{"osmId":626624037,"name":"","height":null,"heightTag":null,"building":"yes","updatedAt":"2026-04-02T07:42:49Z"},"geometry":{"type":"Polygon","coordinates":[[[126.7040407,37.4497401],[126.7040277,37.4495916],[126.7041612,37.4495842],[126.7041583,37.4495512],[126.7041719,37.4495504],[126.7041729,37.4495621],[126.7041918,37.4495611],[126.7041938,37.4495833],[126.7042373,37.4495809],[126.7042383,37.4495914],[126.704417,37.4497192],[126.7040407,37.4497401]]]}},{"type":"Feature","id":626624038,"properties":{"osmId":626624038,"name":"","height":null,"heightTag":null,"building":"yes","updatedAt":"2026-04-02T07:42:49Z"},"geometry":{"type":"Polygon","coordinates":[[[126.7043939,37.4496546],[126.704385,37.4495126],[126.7045095,37.4495077],[126.7045184,37.4496497],[126.7043939,37.4496546]]]}},{"type":"Feature","id":626624039,"properties":{"osmId":626624039,"name":"","height":null,"heightTag":null,"building":"yes","updatedAt":"2026-04-02T07:42:49Z"},"geometry":{"type":"Polygon","coordinates":[[[126.7043687,37.4493794],[126.7043603,37.449288],[126.7044707,37.4492816],[126.7044791,37.449373],[126.7043687,37.4493794]]]}},{"type":"Feature","id":626624442,"properties":{"osmId":626624442,"name":"","height":null,"heightTag":null,"building":"yes","updatedAt":"2026-04-02T07:42:49Z"},"geometry":{"type":"Polygon","coordinates":[[[126.7045512,37.4493657],[126.7045444,37.4492753],[126.7046652,37.4492696],[126.704672,37.4493599],[126.7045512,37.4493657]]]}},{"type":"Feature","id":626624443,"properties":{"osmId":626624443,"name":"","height":null,"heightTag":null,"building":"yes","updatedAt":"2026-04-02T07:42:49Z"},"geometry":{"type":"Polygon","coordinates":[[[126.7046896,37.4493595],[126.7046828,37.4492691],[126.7048035,37.4492634],[126.7048103,37.4493538],[126.7046896,37.4493595]]]}},{"type":"Feature","id":626624444,"properties":{"osmId":626624444,"name":"","height":null,"heightTag":null,"building":"yes","updatedAt":"2026-04-02T07:42:49Z"},"geometry":{"type":"Polygon","coordinates":[[[126.7047012,37.4494615],[126.7046945,37.4493711],[126.7048152,37.4493654],[126.704822,37.4494557],[126.7047012,37.4494615]]]}},{"type":"Feature","id":626624445,"properties":{"osmId":626624445,"name":"","height":null,"heightTag":null,"building":"yes","updatedAt":"2026-04-02T07:42:49Z"},"geometry":{"type":"Polygon","coordinates":[[[126.7045588,37.4494661],[126.704552,37.4493757],[126.7046728,37.44937],[126.7046796,37.4494604],[126.7045588,37.4494661]]]}},{"type":"Feature","id":626624446,"properties":{"osmId":626624446,"name":"","height":null,"heightTag":null,"building":"yes","updatedAt":"2026-04-02T07:42:49Z"},"geometry":{"type":"Polygon","coordinates":[[[126.7047044,37.4495934],[126.7047001,37.4494915],[126.7047807,37.4494894],[126.704785,37.4495913],[126.7047044,37.4495934]]]}},{"type":"Feature","id":626624447,"properties":{"osmId":626624447,"name":"","height":null,"heightTag":null,"building":"yes","updatedAt":"2026-04-02T07:42:49Z"},"geometry":{"type":"Polygon","coordinates":[[[126.7046185,37.4495952],[126.7046142,37.4494933],[126.7046948,37.4494912],[126.7046991,37.4495931],[126.7046185,37.4495952]]]}},{"type":"Feature","id":626624448,"properties":{"osmId":626624448,"name":"","height":null,"heightTag":null,"building":"yes","updatedAt":"2026-04-02T07:42:49Z"},"geometry":{"type":"Polygon","coordinates":[[[126.7047118,37.4496985],[126.7047083,37.4496242],[126.7047328,37.4496234],[126.7047323,37.4496116],[126.7048272,37.4496088],[126.7048311,37.4496951],[126.7047118,37.4496985]]]}},{"type":"Feature","id":626624449,"properties":{"osmId":626624449,"name":"","height":null,"heightTag":null,"building":"yes","updatedAt":"2026-04-02T07:42:49Z"},"geometry":{"type":"Polygon","coordinates":[[[126.7046826,37.4496988],[126.7045733,37.4497017],[126.7045696,37.4496156],[126.7046297,37.449614],[126.7046303,37.4496261],[126.7046794,37.4496248],[126.7046826,37.4496988]]]}},{"type":"Feature","id":626934736,"properties":{"osmId":626934736,"name":"","height":null,"heightTag":null,"building":"yes","updatedAt":"2018-09-20T14:35:46Z"},"geometry":{"type":"Polygon","coordinates":[[[126.7065893,37.458245],[126.706494,37.4580994],[126.706901,37.4578375],[126.7070586,37.4580179],[126.7065893,37.458245]]]}},{"type":"Feature","id":628750307,"properties":{"osmId":628750307,"name":"","height":null,"heightTag":null,"building":"yes","updatedAt":"2026-04-02T07:42:49Z"},"geometry":{"type":"Polygon","coordinates":[[[126.7106429,37.4493965],[126.7106174,37.4488998],[126.7107833,37.4488944],[126.7107926,37.4490774],[126.7108132,37.4490767],[126.7108153,37.4491172],[126.7108598,37.4491158],[126.7108671,37.449258],[126.7110573,37.4492518],[126.711064,37.4493828],[126.7106429,37.4493965]]]}},{"type":"Feature","id":628750308,"properties":{"osmId":628750308,"name":"","height":46,"heightTag":"46","building":"yes","updatedAt":"2026-07-22T10:08:08Z"},"geometry":{"type":"Polygon","coordinates":[[[126.7111072,37.4493579],[126.7110868,37.4489693],[126.7115369,37.4489545],[126.7115451,37.4491098],[126.7116191,37.4491073],[126.7116254,37.4492273],[126.7116696,37.4492259],[126.7116756,37.4493391],[126.7111072,37.4493579]]]}},{"type":"Feature","id":628750309,"properties":{"osmId":628750309,"name":"","height":null,"heightTag":null,"building":"yes","updatedAt":"2026-04-02T07:42:49Z"},"geometry":{"type":"Polygon","coordinates":[[[126.7095596,37.4494415],[126.7095564,37.4493948],[126.7091543,37.4494121],[126.709147,37.4493051],[126.7098154,37.4492764],[126.7098259,37.44943],[126.7095596,37.4494415]]]}},{"type":"Feature","id":628750310,"properties":{"osmId":628750310,"name":"","height":null,"heightTag":null,"building":"yes","updatedAt":"2026-04-02T07:42:49Z"},"geometry":{"type":"Polygon","coordinates":[[[126.7099652,37.4494026],[126.7099583,37.4492638],[126.7100565,37.4492607],[126.710059,37.4493103],[126.7101499,37.4493074],[126.7101544,37.4493966],[126.7099652,37.4494026]]]}},{"type":"Feature","id":628750311,"properties":{"osmId":628750311,"name":"","height":null,"heightTag":null,"building":"yes","updatedAt":"2026-04-02T07:42:49Z"},"geometry":{"type":"Polygon","coordinates":[[[126.710304,37.4494001],[126.7102757,37.4493931],[126.7102732,37.4493444],[126.7102917,37.4493438],[126.7102908,37.4493263],[126.7103129,37.4493256],[126.7103116,37.4492993],[126.7103744,37.4492973],[126.7103695,37.4492009],[126.7104772,37.4491975],[126.7104845,37.4493425],[126.7104385,37.4493945],[126.710304,37.4494001]]]}},{"type":"Feature","id":628750314,"properties":{"osmId":628750314,"name":"","height":null,"heightTag":null,"building":"yes","updatedAt":"2026-04-02T07:42:49Z"},"geometry":{"type":"Polygon","coordinates":[[[126.7094825,37.4469791],[126.7094735,37.4468837],[126.7096183,37.446875],[126.7096273,37.4469704],[126.7094825,37.4469791]]]}},{"type":"Feature","id":628750317,"properties":{"osmId":628750317,"name":"","height":null,"heightTag":null,"building":"yes","updatedAt":"2026-04-02T07:42:49Z"},"geometry":{"type":"Polygon","coordinates":[[[126.7091009,37.4473411],[126.7091001,37.44733],[126.7092611,37.4471512],[126.7092804,37.4471503],[126.7092936,37.4473322],[126.7091009,37.4473411]]]}},{"type":"Feature","id":628750323,"properties":{"osmId":628750323,"name":"1","height":null,"heightTag":null,"building":"apartments","updatedAt":"2026-07-22T10:10:05Z"},"geometry":{"type":"Polygon","coordinates":[[[126.7101989,37.4478839],[126.7101742,37.4475354],[126.7103014,37.4475297],[126.7103261,37.4478783],[126.7101989,37.4478839]]]}},{"type":"Feature","id":628750325,"properties":{"osmId":628750325,"name":"2","height":null,"heightTag":null,"building":"apartments","updatedAt":"2026-07-22T10:10:05Z"},"geometry":{"type":"Polygon","coordinates":[[[126.7102386,37.4483679],[126.7102139,37.4480194],[126.7103412,37.4480137],[126.7103658,37.4483623],[126.7102386,37.4483679]]]}},{"type":"Feature","id":628750327,"properties":{"osmId":628750327,"name":"3","height":null,"heightTag":null,"building":"apartments","updatedAt":"2026-07-22T10:10:05Z"},"geometry":{"type":"Polygon","coordinates":[[[126.7103006,37.4488287],[126.7102759,37.4484802],[126.7104031,37.4484745],[126.7104278,37.4488231],[126.7103006,37.4488287]]]}},{"type":"Feature","id":628750330,"properties":{"osmId":628750330,"name":"5","height":null,"heightTag":null,"building":"apartments","updatedAt":"2026-07-22T10:10:05Z"},"geometry":{"type":"Polygon","coordinates":[[[126.7092255,37.4485206],[126.7092182,37.4484173],[126.7101135,37.4483778],[126.7101207,37.448481],[126.7092255,37.4485206]]]}},{"type":"Feature","id":630116986,"properties":{"osmId":630116986,"name":"","height":null,"heightTag":null,"building":"yes","updatedAt":"2018-10-03T05:33:37Z"},"geometry":{"type":"Polygon","coordinates":[[[126.6943375,37.4359348],[126.6942542,37.435883],[126.6945871,37.4355458],[126.6946703,37.4355976],[126.6943375,37.4359348]]]}},{"type":"Feature","id":630116987,"properties":{"osmId":630116987,"name":"","height":null,"heightTag":null,"building":"yes","updatedAt":"2018-10-03T05:33:37Z"},"geometry":{"type":"Polygon","coordinates":[[[126.6951499,37.4362947],[126.6951605,37.4361957],[126.69549,37.4362179],[126.6954795,37.4363169],[126.6951499,37.4362947]]]}},{"type":"Feature","id":630116988,"properties":{"osmId":630116988,"name":"","height":null,"heightTag":null,"building":"yes","updatedAt":"2018-10-03T05:33:37Z"},"geometry":{"type":"Polygon","coordinates":[[[126.6951708,37.4361174],[126.6952251,37.4356981],[126.6954128,37.4357134],[126.6953585,37.4361327],[126.6951708,37.4361174]]]}},{"type":"Feature","id":630116989,"properties":{"osmId":630116989,"name":"","height":null,"heightTag":null,"building":"yes","updatedAt":"2018-10-03T05:33:37Z"},"geometry":{"type":"Polygon","coordinates":[[[126.6954229,37.4361383],[126.6954841,37.435716],[126.6956831,37.4357342],[126.695622,37.4361564],[126.6954229,37.4361383]]]}},{"type":"Feature","id":630116990,"properties":{"osmId":630116990,"name":"","height":null,"heightTag":null,"building":"yes","updatedAt":"2018-10-03T05:33:37Z"},"geometry":{"type":"Polygon","coordinates":[[[126.6956741,37.4361566],[126.6957343,37.4357405],[126.6959223,37.4357576],[126.6958622,37.4361738],[126.6956741,37.4361566]]]}},{"type":"Feature","id":642452274,"properties":{"osmId":642452274,"name":"","height":null,"heightTag":null,"building":"yes","updatedAt":"2026-04-02T07:42:49Z"},"geometry":{"type":"Polygon","coordinates":[[[126.7092836,37.4409974],[126.7092849,37.4406667],[126.7093523,37.4406668],[126.7093524,37.4406396],[126.7094532,37.4406398],[126.7094519,37.4409753],[126.7093827,37.4409752],[126.7093826,37.4409976],[126.7092836,37.4409974]]]}},{"type":"Feature","id":642452275,"properties":{"osmId":642452275,"name":"","height":null,"heightTag":null,"building":"yes","updatedAt":"2026-04-02T07:42:49Z"},"geometry":{"type":"Polygon","coordinates":[[[126.7099176,37.440785],[126.7096463,37.4407819],[126.7096475,37.4407133],[126.7095086,37.4407118],[126.7095108,37.4405893],[126.7098817,37.4405934],[126.7099203,37.4406354],[126.7099176,37.440785]]]}},{"type":"Feature","id":642452276,"properties":{"osmId":642452276,"name":"","height":null,"heightTag":null,"building":"yes","updatedAt":"2026-04-02T07:42:49Z"},"geometry":{"type":"Polygon","coordinates":[[[126.7089376,37.4409686],[126.7089374,37.4408988],[126.7089795,37.4408987],[126.7089787,37.4406668],[126.70894,37.4406668],[126.7089398,37.4405912],[126.709141,37.4405908],[126.7091421,37.4409682],[126.7089376,37.4409686]]]}},{"type":"Feature","id":642452277,"properties":{"osmId":642452277,"name":"","height":null,"heightTag":null,"building":"yes","updatedAt":"2026-04-02T07:42:49Z"},"geometry":{"type":"Polygon","coordinates":[[[126.7084067,37.4407753],[126.708757,37.440777],[126.7087574,37.4407273],[126.7088595,37.4407279],[126.7088607,37.4405842],[126.7084547,37.4405821],[126.7084079,37.4406192],[126.7084067,37.4407753]]]}},{"type":"Feature","id":642452278,"properties":{"osmId":642452278,"name":"","height":null,"heightTag":null,"building":"yes","updatedAt":"2026-04-02T07:42:49Z"},"geometry":{"type":"Polygon","coordinates":[[[126.7084445,37.440984],[126.7084059,37.4409582],[126.7084098,37.4408016],[126.7087207,37.4408065],[126.7087191,37.4408675],[126.7088666,37.4408699],[126.7088636,37.4409907],[126.7084445,37.440984]]]}},{"type":"Feature","id":642452279,"properties":{"osmId":642452279,"name":"","height":null,"heightTag":null,"building":"yes","updatedAt":"2026-04-02T07:42:49Z"},"geometry":{"type":"Polygon","coordinates":[[[126.7087909,37.441331],[126.7083887,37.4413236],[126.7083917,37.4412212],[126.7084425,37.4411728],[126.7087555,37.4411744],[126.7087942,37.4412196],[126.7087909,37.441331]]]}},{"type":"Feature","id":642452280,"properties":{"osmId":642452280,"name":"","height":null,"heightTag":null,"building":"yes","updatedAt":"2026-04-02T07:42:49Z"},"geometry":{"type":"Polygon","coordinates":[[[126.7083915,37.441491],[126.7083939,37.4413505],[126.7088004,37.441355],[126.7087979,37.4414955],[126.7083915,37.441491]]]}},{"type":"Feature","id":642452281,"properties":{"osmId":642452281,"name":"","height":null,"heightTag":null,"building":"yes","updatedAt":"2026-04-02T07:42:49Z"},"geometry":{"type":"Polygon","coordinates":[[[126.7087902,37.4416668],[126.7087919,37.4415167],[126.708421,37.4415141],[126.7084193,37.4416642],[126.7087902,37.4416668]]]}},{"type":"Feature","id":642454225,"properties":{"osmId":642454225,"name":"","height":null,"heightTag":null,"building":"yes","updatedAt":"2026-04-02T07:42:49Z"},"geometry":{"type":"Polygon","coordinates":[[[126.7072182,37.4428023],[126.707189,37.4424834],[126.7071682,37.4424846],[126.7071658,37.4424586],[126.7069964,37.4424684],[126.7070256,37.4427874],[126.7071189,37.442782],[126.7071213,37.4428079],[126.7072182,37.4428023]]]}},{"type":"Feature","id":642454226,"properties":{"osmId":642454226,"name":"","height":null,"heightTag":null,"building":"yes","updatedAt":"2026-04-02T07:42:49Z"},"geometry":{"type":"Polygon","coordinates":[[[126.7076056,37.4423974],[126.7075959,37.4423006],[126.7079658,37.4422774],[126.7079754,37.4423742],[126.7076056,37.4423974]]]}},{"type":"Feature","id":642454227,"properties":{"osmId":642454227,"name":"","height":null,"heightTag":null,"building":"yes","updatedAt":"2026-04-02T07:42:49Z"},"geometry":{"type":"Polygon","coordinates":[[[126.7077844,37.4421823],[126.7077791,37.4420906],[126.7078011,37.4420898],[126.7077989,37.4420532],[126.7077675,37.4420543],[126.7077612,37.4419444],[126.7079125,37.441939],[126.7079148,37.441979],[126.7079582,37.4419775],[126.7079695,37.4421756],[126.7077844,37.4421823]]]}},{"type":"Feature","id":642466172,"properties":{"osmId":642466172,"name":"","height":null,"heightTag":null,"building":"yes","updatedAt":"2026-04-02T07:42:49Z"},"geometry":{"type":"Polygon","coordinates":[[[126.7070557,37.4493558],[126.7069843,37.4493012],[126.7071587,37.4491574],[126.707171,37.4491667],[126.7071844,37.4492498],[126.7070557,37.4493558]]]}},{"type":"Feature","id":642466174,"properties":{"osmId":642466174,"name":"","height":null,"heightTag":null,"building":"yes","updatedAt":"2026-04-02T07:42:49Z"},"geometry":{"type":"Polygon","coordinates":[[[126.7071647,37.4490332],[126.7071432,37.4488167],[126.7072828,37.448808],[126.7073015,37.4489963],[126.7072787,37.4490261],[126.7071647,37.4490332]]]}},{"type":"Feature","id":642466176,"properties":{"osmId":642466176,"name":"","height":null,"heightTag":null,"building":"yes","updatedAt":"2026-04-02T07:42:49Z"},"geometry":{"type":"Polygon","coordinates":[[[126.7070602,37.4473119],[126.7069875,37.4473169],[126.7069845,37.447289],[126.7069045,37.4472945],[126.7068959,37.4472159],[126.7069266,37.4472138],[126.7069232,37.4471823],[126.7070318,37.4471748],[126.7070472,37.4471932],[126.7070602,37.4473119]]]}},{"type":"Feature","id":642466179,"properties":{"osmId":642466179,"name":"","height":null,"heightTag":null,"building":"yes","updatedAt":"2026-04-02T07:42:49Z"},"geometry":{"type":"Polygon","coordinates":[[[126.7069545,37.4474677],[126.7069409,37.4473434],[126.7070688,37.4473346],[126.7070823,37.4474589],[126.7069545,37.4474677]]]}},{"type":"Feature","id":642466181,"properties":{"osmId":642466181,"name":"","height":null,"heightTag":null,"building":"yes","updatedAt":"2026-04-02T07:42:49Z"},"geometry":{"type":"Polygon","coordinates":[[[126.7069634,37.4475819],[126.7069521,37.4474833],[126.707082,37.4474739],[126.7070933,37.4475725],[126.7069634,37.4475819]]]}},{"type":"Feature","id":642466183,"properties":{"osmId":642466183,"name":"","height":null,"heightTag":null,"building":"yes","updatedAt":"2026-04-02T07:42:49Z"},"geometry":{"type":"Polygon","coordinates":[[[126.7069891,37.4477496],[126.7069722,37.4475948],[126.707096,37.4475863],[126.707113,37.4477411],[126.7069891,37.4477496]]]}},{"type":"Feature","id":642466185,"properties":{"osmId":642466185,"name":"","height":null,"heightTag":null,"building":"yes","updatedAt":"2026-04-02T07:42:49Z"},"geometry":{"type":"Polygon","coordinates":[[[126.706996,37.4479387],[126.7069909,37.4478804],[126.7070065,37.4478796],[126.7069961,37.4477615],[126.7071277,37.4477542],[126.7071381,37.4478732],[126.7070981,37.4479331],[126.706996,37.4479387]]]}},{"type":"Feature","id":642466187,"properties":{"osmId":642466187,"name":"","height":null,"heightTag":null,"building":"yes","updatedAt":"2026-04-02T07:42:49Z"},"geometry":{"type":"Polygon","coordinates":[[[126.7070399,37.4481459],[126.7070323,37.4480648],[126.7071072,37.4480604],[126.7071702,37.448097],[126.7071741,37.4481379],[126.7070399,37.4481459]]]}},{"type":"Feature","id":642466189,"properties":{"osmId":642466189,"name":"","height":null,"heightTag":null,"building":"yes","updatedAt":"2026-04-02T07:42:49Z"},"geometry":{"type":"Polygon","coordinates":[[[126.7070461,37.448221],[126.7070398,37.4481501],[126.7071717,37.4481427],[126.7071781,37.4482136],[126.7070461,37.448221]]]}},{"type":"Feature","id":642466191,"properties":{"osmId":642466191,"name":"","height":null,"heightTag":null,"building":"yes","updatedAt":"2026-04-02T07:42:49Z"},"geometry":{"type":"Polygon","coordinates":[[[126.7070535,37.4483517],[126.7070422,37.4482291],[126.7071793,37.4482212],[126.7071905,37.4483438],[126.7070535,37.4483517]]]}},{"type":"Feature","id":642466193,"properties":{"osmId":642466193,"name":"","height":null,"heightTag":null,"building":"yes","updatedAt":"2026-04-02T07:42:49Z"},"geometry":{"type":"Polygon","coordinates":[[[126.707099,37.4486685],[126.7070598,37.4483609],[126.7072204,37.448348],[126.7072596,37.4486556],[126.707099,37.4486685]]]}},{"type":"Feature","id":642466195,"properties":{"osmId":642466195,"name":"","height":null,"heightTag":null,"building":"yes","updatedAt":"2026-04-02T07:42:49Z"},"geometry":{"type":"Polygon","coordinates":[[[126.7072796,37.4487906],[126.7072637,37.4486705],[126.7071425,37.4486806],[126.7071583,37.4488007],[126.7072796,37.4487906]]]}},{"type":"Feature","id":642475404,"properties":{"osmId":642475404,"name":"","height":null,"heightTag":null,"building":"yes","updatedAt":"2026-04-02T07:42:49Z"},"geometry":{"type":"Polygon","coordinates":[[[126.7067713,37.4495508],[126.7067736,37.4494665],[126.7068215,37.4494665],[126.7068226,37.4494526],[126.7068425,37.4494526],[126.7069009,37.4494313],[126.7069522,37.4494303],[126.7069686,37.4494146],[126.7069989,37.4494174],[126.7069663,37.4495379],[126.7069476,37.4495499],[126.7067713,37.4495508]]]}},{"type":"Feature","id":642475405,"properties":{"osmId":642475405,"name":"","height":null,"heightTag":null,"building":"yes","updatedAt":"2026-04-02T07:42:49Z"},"geometry":{"type":"Polygon","coordinates":[[[126.7067596,37.4495564],[126.7067596,37.4494656],[126.7067082,37.4494656],[126.706637,37.4494906],[126.706637,37.4495564],[126.7067596,37.4495564]]]}},{"type":"Feature","id":642475406,"properties":{"osmId":642475406,"name":"중앙아파트","height":null,"heightTag":null,"building":"apartments","updatedAt":"2026-04-02T07:42:49Z"},"geometry":{"type":"Polygon","coordinates":[[[126.7067594,37.4493895],[126.7065533,37.4493995],[126.7065374,37.4491928],[126.7067434,37.4491827],[126.7067594,37.4493895]]]}},{"type":"Feature","id":642475407,"properties":{"osmId":642475407,"name":"","height":null,"heightTag":null,"building":"yes","updatedAt":"2026-04-02T07:42:49Z"},"geometry":{"type":"Polygon","coordinates":[[[126.7062139,37.4492778],[126.7062057,37.449187],[126.7063114,37.449181],[126.7063196,37.4492718],[126.7062139,37.4492778]]]}},{"type":"Feature","id":642475408,"properties":{"osmId":642475408,"name":"","height":null,"heightTag":null,"building":"yes","updatedAt":"2026-04-02T07:42:49Z"},"geometry":{"type":"Polygon","coordinates":[[[126.7063606,37.449272],[126.7063524,37.4491813],[126.7064581,37.4491752],[126.7064663,37.449266],[126.7063606,37.449272]]]}},{"type":"Feature","id":642475409,"properties":{"osmId":642475409,"name":"","height":null,"heightTag":null,"building":"yes","updatedAt":"2026-04-02T07:42:49Z"},"geometry":{"type":"Polygon","coordinates":[[[126.7063735,37.4493805],[126.7063653,37.4492897],[126.7064709,37.4492837],[126.7064791,37.4493745],[126.7063735,37.4493805]]]}},{"type":"Feature","id":642475410,"properties":{"osmId":642475410,"name":"","height":null,"heightTag":null,"building":"yes","updatedAt":"2026-04-02T07:42:49Z"},"geometry":{"type":"Polygon","coordinates":[[[126.7062596,37.4496027],[126.706249,37.4494132],[126.7064732,37.4494053],[126.7064837,37.4495949],[126.7062596,37.4496027]]]}},{"type":"Feature","id":642475411,"properties":{"osmId":642475411,"name":"","height":null,"heightTag":null,"building":"yes","updatedAt":"2026-04-02T07:42:49Z"},"geometry":{"type":"Polygon","coordinates":[[[126.7048621,37.4493374],[126.7048555,37.449268],[126.7049773,37.4492607],[126.7049839,37.4493302],[126.7048621,37.4493374]]]}},{"type":"Feature","id":642475412,"properties":{"osmId":642475412,"name":"","height":null,"heightTag":null,"building":"yes","updatedAt":"2026-04-02T07:42:49Z"},"geometry":{"type":"Polygon","coordinates":[[[126.7048843,37.4494574],[126.7048755,37.4493683],[126.7049861,37.4493614],[126.7049949,37.4494505],[126.7048843,37.4494574]]]}},{"type":"Feature","id":642475413,"properties":{"osmId":642475413,"name":"","height":null,"heightTag":null,"building":"yes","updatedAt":"2026-04-02T07:42:49Z"},"geometry":{"type":"Polygon","coordinates":[[[126.7050171,37.4494521],[126.7050082,37.4492779],[126.7051319,37.4492739],[126.7051409,37.4494481],[126.7050171,37.4494521]]]}},{"type":"Feature","id":642475414,"properties":{"osmId":642475414,"name":"","height":null,"heightTag":null,"building":"yes","updatedAt":"2026-04-02T07:42:49Z"},"geometry":{"type":"Polygon","coordinates":[[[126.7048973,37.449577],[126.7048913,37.4494927],[126.7050103,37.4494873],[126.7050164,37.4495716],[126.7048973,37.449577]]]}},{"type":"Feature","id":642475415,"properties":{"osmId":642475415,"name":"","height":null,"heightTag":null,"building":"yes","updatedAt":"2026-04-02T07:42:49Z"},"geometry":{"type":"Polygon","coordinates":[[[126.7050338,37.4495659],[126.7050278,37.4494816],[126.7051469,37.4494762],[126.7051529,37.4495605],[126.7050338,37.4495659]]]}},{"type":"Feature","id":642475416,"properties":{"osmId":642475416,"name":"","height":null,"heightTag":null,"building":"yes","updatedAt":"2026-04-02T07:42:49Z"},"geometry":{"type":"Polygon","coordinates":[[[126.7048976,37.4496932],[126.7048942,37.4496154],[126.705035,37.4496115],[126.7050345,37.4495981],[126.7051392,37.4495952],[126.7051433,37.4496864],[126.7048976,37.4496932]]]}},{"type":"Feature","id":642475417,"properties":{"osmId":642475417,"name":"","height":null,"heightTag":null,"building":"yes","updatedAt":"2026-04-02T07:42:49Z"},"geometry":{"type":"Polygon","coordinates":[[[126.7051998,37.4493185],[126.7051913,37.4492351],[126.7053249,37.4492266],[126.7053334,37.44931],[126.7051998,37.4493185]]]}},{"type":"Feature","id":642475418,"properties":{"osmId":642475418,"name":"","height":null,"heightTag":null,"building":"yes","updatedAt":"2026-04-02T07:42:49Z"},"geometry":{"type":"Polygon","coordinates":[[[126.7052111,37.4494215],[126.7052026,37.4493381],[126.7053362,37.4493295],[126.7053447,37.4494129],[126.7052111,37.4494215]]]}},{"type":"Feature","id":642475419,"properties":{"osmId":642475419,"name":"","height":null,"heightTag":null,"building":"yes","updatedAt":"2026-04-02T07:42:49Z"},"geometry":{"type":"Polygon","coordinates":[[[126.7053555,37.4493013],[126.7053471,37.4492271],[126.7054475,37.4492199],[126.7054559,37.4492941],[126.7053555,37.4493013]]]}},{"type":"Feature","id":642475420,"properties":{"osmId":642475420,"name":"","height":null,"heightTag":null,"building":"yes","updatedAt":"2026-04-02T07:42:49Z"},"geometry":{"type":"Polygon","coordinates":[[[126.7053661,37.4494276],[126.7053616,37.4493326],[126.7054611,37.4493297],[126.7054655,37.4494246],[126.7053661,37.4494276]]]}},{"type":"Feature","id":642475421,"properties":{"osmId":642475421,"name":"","height":null,"heightTag":null,"building":"yes","updatedAt":"2026-04-02T07:42:49Z"},"geometry":{"type":"Polygon","coordinates":[[[126.7053704,37.4495304],[126.7053655,37.449441],[126.7054677,37.4494374],[126.7054726,37.4495268],[126.7053704,37.4495304]]]}},{"type":"Feature","id":642475422,"properties":{"osmId":642475422,"name":"","height":null,"heightTag":null,"building":"yes","updatedAt":"2026-04-02T07:42:49Z"},"geometry":{"type":"Polygon","coordinates":[[[126.7052456,37.4495342],[126.7052372,37.4494428],[126.7053375,37.4494369],[126.7053459,37.4495283],[126.7052456,37.4495342]]]}},{"type":"Feature","id":642475423,"properties":{"osmId":642475423,"name":"","height":null,"heightTag":null,"building":"yes","updatedAt":"2026-04-02T07:42:49Z"},"geometry":{"type":"Polygon","coordinates":[[[126.70523,37.4496425],[126.7052247,37.4495638],[126.7053538,37.4495583],[126.7053591,37.449637],[126.70523,37.4496425]]]}},{"type":"Feature","id":642475424,"properties":{"osmId":642475424,"name":"","height":null,"heightTag":null,"building":"yes","updatedAt":"2026-04-02T07:42:49Z"},"geometry":{"type":"Polygon","coordinates":[[[126.7053863,37.4496433],[126.7053823,37.4495555],[126.7054523,37.4495535],[126.7054527,37.4495634],[126.7055072,37.4495618],[126.7055108,37.4496397],[126.7053863,37.4496433]]]}},{"type":"Feature","id":642475425,"properties":{"osmId":642475425,"name":"","height":42,"heightTag":"42","building":"apartments","updatedAt":"2026-07-22T12:34:30Z"},"geometry":{"type":"Polygon","coordinates":[[[126.705637,37.4495839],[126.7055797,37.4495859],[126.7055727,37.4494607],[126.7058036,37.4494526],[126.7058105,37.4495777],[126.7058363,37.4495768],[126.7058388,37.4496213],[126.7056394,37.4496283],[126.705637,37.4495839]]]}},{"type":"Feature","id":642475427,"properties":{"osmId":642475427,"name":"","height":null,"heightTag":null,"building":"yes","updatedAt":"2026-04-02T07:42:49Z"},"geometry":{"type":"Polygon","coordinates":[[[126.7055623,37.44943],[126.7055595,37.4493429],[126.7056797,37.4493404],[126.7056825,37.4494276],[126.7055623,37.44943]]]}},{"type":"Feature","id":642475428,"properties":{"osmId":642475428,"name":"","height":null,"heightTag":null,"building":"yes","updatedAt":"2026-04-02T07:42:49Z"},"geometry":{"type":"Polygon","coordinates":[[[126.705696,37.4494277],[126.7056932,37.4493406],[126.7058134,37.4493381],[126.7058162,37.4494253],[126.705696,37.4494277]]]}},{"type":"Feature","id":642475429,"properties":{"osmId":642475429,"name":"","height":null,"heightTag":null,"building":"yes","updatedAt":"2026-04-02T07:42:49Z"},"geometry":{"type":"Polygon","coordinates":[[[126.705916,37.449607],[126.7059106,37.4494985],[126.7060209,37.449495],[126.7060244,37.4495627],[126.7060944,37.4495303],[126.706166,37.449528],[126.7061696,37.4495989],[126.705916,37.449607]]]}},{"type":"Feature","id":642475430,"properties":{"osmId":642475430,"name":"","height":null,"heightTag":null,"building":"yes","updatedAt":"2026-04-02T07:42:49Z"},"geometry":{"type":"Polygon","coordinates":[[[126.7058829,37.4492877],[126.7058806,37.4492048],[126.7059921,37.4492028],[126.7059943,37.4492858],[126.7058829,37.4492877]]]}},{"type":"Feature","id":642475431,"properties":{"osmId":642475431,"name":"","height":null,"heightTag":null,"building":"yes","updatedAt":"2026-04-02T07:42:49Z"},"geometry":{"type":"Polygon","coordinates":[[[126.7060153,37.4492771],[126.706013,37.4491941],[126.7061245,37.4491922],[126.7061268,37.4492752],[126.7060153,37.4492771]]]}},{"type":"Feature","id":642475432,"properties":{"osmId":642475432,"name":"","height":null,"heightTag":null,"building":"yes","updatedAt":"2026-04-02T07:42:49Z"},"geometry":{"type":"Polygon","coordinates":[[[126.70588,37.449389],[126.7058785,37.4493181],[126.7059982,37.4493166],[126.7059997,37.4493874],[126.70588,37.449389]]]}},{"type":"Feature","id":642475433,"properties":{"osmId":642475433,"name":"","height":null,"heightTag":null,"building":"yes","updatedAt":"2026-04-02T07:42:49Z"},"geometry":{"type":"Polygon","coordinates":[[[126.7060146,37.4493971],[126.706014,37.4493293],[126.7060604,37.449329],[126.7060602,37.4493113],[126.7061315,37.4493109],[126.7061322,37.449386],[126.7061088,37.4493861],[126.7061091,37.4494131],[126.7060313,37.4494136],[126.7060311,37.449397],[126.7060146,37.4493971]]]}},{"type":"Feature","id":642803592,"properties":{"osmId":642803592,"name":"","height":null,"heightTag":null,"building":"house","updatedAt":"2018-11-10T07:22:00Z"},"geometry":{"type":"Polygon","coordinates":[[[126.6926232,37.4431744],[126.6925641,37.4431267],[126.6925765,37.4431161],[126.692566,37.443107],[126.6924231,37.4432175],[126.6924974,37.4432802],[126.6926232,37.4431744]]]}},{"type":"Feature","id":644702546,"properties":{"osmId":644702546,"name":"","height":null,"heightTag":null,"building":"yes","updatedAt":"2026-04-02T07:42:49Z"},"geometry":{"type":"Polygon","coordinates":[[[126.7174418,37.4427154],[126.7174013,37.4426829],[126.7172694,37.4425772],[126.7173774,37.4424923],[126.7175498,37.4426305],[126.7174518,37.4427076],[126.7174418,37.4427154]]]}},{"type":"Feature","id":644705036,"properties":{"osmId":644705036,"name":"아이큰별유치원","height":null,"heightTag":null,"building":"kindergarten","updatedAt":"2026-04-02T07:42:49Z"},"geometry":{"type":"Polygon","coordinates":[[[126.7103095,37.444069],[126.7102843,37.4439761],[126.710329,37.4439685],[126.7102969,37.4438499],[126.7103989,37.4438325],[126.7104026,37.4438462],[126.7104264,37.4438422],[126.710431,37.4438589],[126.7104575,37.4438544],[126.7105065,37.4440354],[126.7103095,37.444069]]]}},{"type":"Feature","id":644705037,"properties":{"osmId":644705037,"name":"","height":null,"heightTag":null,"building":"yes","updatedAt":"2026-04-02T07:42:49Z"},"geometry":{"type":"Polygon","coordinates":[[[126.7104225,37.444294],[126.7103783,37.4441598],[126.7104359,37.444146],[126.7104695,37.4441119],[126.7105446,37.444097],[126.7105781,37.4442269],[126.7104976,37.4442429],[126.7105083,37.4442759],[126.7104225,37.444294]]]}},{"type":"Feature","id":644705038,"properties":{"osmId":644705038,"name":"","height":null,"heightTag":null,"building":"yes","updatedAt":"2018-11-15T05:42:57Z"},"geometry":{"type":"Polygon","coordinates":[[[126.7107554,37.4441503],[126.7107666,37.4440906],[126.7107941,37.4440914],[126.7108174,37.444097],[126.7108683,37.4441107],[126.7109109,37.4441317],[126.7109363,37.4441462],[126.7109587,37.4441648],[126.7109069,37.4442068],[126.7108888,37.4441938],[126.7108733,37.444185],[126.710854,37.4441769],[126.7108378,37.4442027],[126.7108073,37.4441914],[126.7108195,37.4441632],[126.7107951,37.4441543],[126.7107737,37.4441511],[126.7107554,37.4441503]]]}},{"type":"Feature","id":644705039,"properties":{"osmId":644705039,"name":"","height":null,"heightTag":null,"building":"yes","updatedAt":"2018-11-15T05:42:58Z"},"geometry":{"type":"Polygon","coordinates":[[[126.7109214,37.4442154],[126.7109727,37.4441709],[126.7109949,37.4441837],[126.7110103,37.4441988],[126.7110428,37.4442327],[126.7110634,37.444269],[126.7110743,37.4442923],[126.7110798,37.4443176],[126.7110073,37.4443295],[126.7110014,37.4443107],[126.7109948,37.4442965],[126.7109844,37.4442813],[126.7109528,37.4442955],[126.7109354,37.4442726],[126.7109654,37.4442546],[126.7109514,37.4442364],[126.710936,37.4442242],[126.7109214,37.4442154]]]}},{"type":"Feature","id":644705040,"properties":{"osmId":644705040,"name":"","height":null,"heightTag":null,"building":"yes","updatedAt":"2018-11-15T05:42:58Z"},"geometry":{"type":"Polygon","coordinates":[[[126.7106262,37.4441692],[126.7106298,37.4441844],[126.7106619,37.4441801],[126.7106589,37.4441648],[126.7107016,37.4441608],[126.7107249,37.44416],[126.710731,37.4440881],[126.7107081,37.4440865],[126.7106579,37.4440857],[126.7105948,37.4440922],[126.7105506,37.4441043],[126.7105685,37.4441677],[126.7105721,37.4441773],[126.7105908,37.4441737],[126.7106262,37.4441692]]]}},{"type":"Feature","id":644705041,"properties":{"osmId":644705041,"name":"","height":null,"heightTag":null,"building":"yes","updatedAt":"2018-11-15T05:42:58Z"},"geometry":{"type":"Polygon","coordinates":[[[126.7110658,37.4444675],[126.7110334,37.4443883],[126.7109943,37.4443984],[126.7109763,37.4443543],[126.7110917,37.4443245],[126.7111093,37.4443675],[126.7111214,37.4443644],[126.7111349,37.4443973],[126.7111151,37.4444024],[126.7111345,37.4444498],[126.7110658,37.4444675]]]}},{"type":"Feature","id":644705042,"properties":{"osmId":644705042,"name":"","height":null,"heightTag":null,"building":"yes","updatedAt":"2026-04-02T07:42:49Z"},"geometry":{"type":"Polygon","coordinates":[[[126.7110241,37.4446445],[126.7110258,37.4446314],[126.7110066,37.4446298],[126.7110089,37.4446121],[126.7109918,37.4446107],[126.7109973,37.4445681],[126.7110092,37.4445691],[126.7110132,37.4445375],[126.710985,37.4445352],[126.7109869,37.4445207],[126.7110058,37.4445222],[126.7110068,37.444514],[126.7110383,37.4445165],[126.7110408,37.4444974],[126.7111104,37.4445031],[126.7110998,37.4445854],[126.7110912,37.4445847],[126.7110884,37.4446072],[126.7110788,37.4446064],[126.7110734,37.4446484],[126.7110241,37.4446445]]]}},{"type":"Feature","id":644705043,"properties":{"osmId":644705043,"name":"","height":null,"heightTag":null,"building":"yes","updatedAt":"2026-04-02T07:42:49Z"},"geometry":{"type":"Polygon","coordinates":[[[126.7106834,37.4448002],[126.7106452,37.4447124],[126.7107779,37.444676],[126.7108161,37.4447638],[126.7106834,37.4448002]]]}},{"type":"Feature","id":644705044,"properties":{"osmId":644705044,"name":"인천흰돌교회","height":null,"heightTag":null,"building":"church","updatedAt":"2026-04-02T07:42:49Z"},"geometry":{"type":"Polygon","coordinates":[[[126.7109398,37.4451501],[126.7108496,37.4450455],[126.7108284,37.4449801],[126.7108071,37.4449851],[126.7107107,37.4448495],[126.7107116,37.4448418],[126.7109646,37.4447778],[126.7109726,37.4447806],[126.7110681,37.4450349],[126.7110672,37.4450455],[126.7109602,37.4451523],[126.7109398,37.4451501]]]}},{"type":"Feature","id":644705045,"properties":{"osmId":644705045,"name":"","height":null,"heightTag":null,"building":"yes","updatedAt":"2026-04-02T07:42:49Z"},"geometry":{"type":"Polygon","coordinates":[[[126.7105325,37.444461],[126.7105076,37.4443951],[126.7105859,37.4443765],[126.7105817,37.4443654],[126.7106447,37.4443504],[126.7106738,37.4444274],[126.7105325,37.444461]]]}},{"type":"Feature","id":644705046,"properties":{"osmId":644705046,"name":"","height":null,"heightTag":null,"building":"yes","updatedAt":"2026-04-02T07:42:49Z"},"geometry":{"type":"Polygon","coordinates":[[[126.7107359,37.4445551],[126.7107049,37.4444711],[126.7108204,37.4444443],[126.7108514,37.4445282],[126.7107359,37.4445551]]]}},{"type":"Feature","id":645230011,"properties":{"osmId":645230011,"name":"3","height":null,"heightTag":null,"building":"apartments","updatedAt":"2026-07-22T10:08:08Z"},"geometry":{"type":"Polygon","coordinates":[[[126.7108208,37.448203],[126.7108148,37.4481443],[126.7107286,37.4481498],[126.7107223,37.4480881],[126.7106325,37.4480938],[126.710564,37.4474165],[126.710726,37.4474062],[126.7107952,37.4480908],[126.7112149,37.4480641],[126.7112263,37.4481772],[126.7108208,37.448203]]]}},{"type":"Feature","id":645230012,"properties":{"osmId":645230012,"name":"2","height":null,"heightTag":null,"building":"apartments","updatedAt":"2026-07-22T10:08:08Z"},"geometry":{"type":"Polygon","coordinates":[[[126.7116946,37.4483999],[126.7116541,37.4478732],[126.7112275,37.4478939],[126.7112199,37.4477952],[126.7115739,37.4477781],[126.7115753,37.4477965],[126.7116581,37.4477925],[126.7116595,37.4478109],[126.7116971,37.4478091],[126.7116986,37.4478288],[126.7117459,37.4478265],[126.71175,37.4478804],[126.7117856,37.4478787],[126.7118252,37.4483936],[126.7116946,37.4483999]]]}},{"type":"Feature","id":656647002,"properties":{"osmId":656647002,"name":"","height":null,"heightTag":null,"building":"house","updatedAt":"2018-12-21T06:53:10Z"},"geometry":{"type":"Polygon","coordinates":[[[126.692837,37.4433361],[126.6928185,37.4433187],[126.6928069,37.4433288],[126.6927526,37.4432792],[126.6926276,37.4433729],[126.6927098,37.4434427],[126.692837,37.4433361]]]}},{"type":"Feature","id":668039377,"properties":{"osmId":668039377,"name":"","height":null,"heightTag":null,"building":"yes","updatedAt":"2019-02-03T11:24:56Z"},"geometry":{"type":"Polygon","coordinates":[[[126.6931431,37.4432916],[126.6930861,37.4432512],[126.6930992,37.4432053],[126.693167,37.4431564],[126.6932448,37.4432139],[126.6931431,37.4432916]]]}},{"type":"Feature","id":668039379,"properties":{"osmId":668039379,"name":"","height":null,"heightTag":null,"building":"school","updatedAt":"2019-02-03T11:24:56Z"},"geometry":{"type":"Polygon","coordinates":[[[126.6923174,37.4444525],[126.6921849,37.4443351],[126.6922589,37.4442794],[126.6922481,37.4442663],[126.6925762,37.4440208],[126.692721,37.4441431],[126.692396,37.4444085],[126.6923821,37.4444036],[126.6923174,37.4444525]]]}},{"type":"Feature","id":677348395,"properties":{"osmId":677348395,"name":"보인프라자","height":null,"heightTag":null,"building":"commercial","updatedAt":"2025-01-13T13:26:02Z"},"geometry":{"type":"Polygon","coordinates":[[[126.7099511,37.4609118],[126.7099704,37.4605907],[126.7095865,37.4605761],[126.7095672,37.4608974],[126.7099511,37.4609118]]]}},{"type":"Feature","id":901967484,"properties":{"osmId":901967484,"name":"","height":null,"heightTag":null,"building":"yes","updatedAt":"2021-01-30T13:18:14Z"},"geometry":{"type":"Polygon","coordinates":[[[126.6954112,37.4368105],[126.6956319,37.4368294],[126.6956756,37.4366432],[126.6954829,37.4366325],[126.6954112,37.4368105]]]}},{"type":"Feature","id":901967485,"properties":{"osmId":901967485,"name":"","height":null,"heightTag":null,"building":"yes","updatedAt":"2021-01-30T13:18:14Z"},"geometry":{"type":"Polygon","coordinates":[[[126.6959848,37.4357464],[126.696182,37.4357571],[126.6961507,37.4361094],[126.695931,37.4361023],[126.6959848,37.4357464]]]}},{"type":"Feature","id":901967490,"properties":{"osmId":901967490,"name":"","height":null,"heightTag":null,"building":"yes","updatedAt":"2021-01-30T13:18:14Z"},"geometry":{"type":"Polygon","coordinates":[[[126.6946485,37.4348634],[126.6947692,37.4348726],[126.6948439,37.4345121],[126.6947232,37.4345167],[126.6946485,37.4348634]]]}},{"type":"Feature","id":901967498,"properties":{"osmId":901967498,"name":"","height":null,"heightTag":null,"building":"yes","updatedAt":"2021-01-30T13:18:14Z"},"geometry":{"type":"Polygon","coordinates":[[[126.6929449,37.434959],[126.6932839,37.4349864],[126.6932092,37.4355065],[126.6928932,37.4354974],[126.6929449,37.434959]]]}},{"type":"Feature","id":917208452,"properties":{"osmId":917208452,"name":"104","height":77,"heightTag":"77","building":"apartments","updatedAt":"2026-07-24T09:15:32Z"},"geometry":{"type":"Polygon","coordinates":[[[126.7088233,37.4582073],[126.7088072,37.4580924],[126.7091291,37.4580924],[126.7092203,37.4580029],[126.7093222,37.4580626],[126.7092525,37.4581605],[126.7093115,37.4582499],[126.709172,37.458301],[126.7091237,37.4581946],[126.7088233,37.4582073]]]}},{"type":"Feature","id":917208453,"properties":{"osmId":917208453,"name":"105","height":69,"heightTag":"69","building":"apartments","updatedAt":"2026-07-24T09:15:32Z"},"geometry":{"type":"Polygon","coordinates":[[[126.7088609,37.4574962],[126.7088555,37.457377],[126.7091666,37.4573897],[126.7092417,37.4573003],[126.7093276,37.4573599],[126.7092632,37.4574323],[126.7093222,37.4575175],[126.7092256,37.4575601],[126.7091452,37.4574834],[126.7088609,37.4574962]]]}},{"type":"Feature","id":917208454,"properties":{"osmId":917208454,"name":"103","height":74,"heightTag":"74","building":"apartments","updatedAt":"2026-07-24T09:15:32Z"},"geometry":{"type":"Polygon","coordinates":[[[126.7087321,37.4588972],[126.7087428,37.4587992],[126.7090808,37.4588163],[126.7091666,37.4587183],[126.7092954,37.4587609],[126.7091881,37.4588674],[126.7092256,37.4589568],[126.7091344,37.4589781],[126.7090915,37.4589014],[126.7087321,37.4588972]]]}},{"type":"Feature","id":917208455,"properties":{"osmId":917208455,"name":"102","height":72,"heightTag":"72","building":"apartments","updatedAt":"2026-07-24T09:15:32Z"},"geometry":{"type":"Polygon","coordinates":[[[126.7088081,37.4594467],[126.7088152,37.459347],[126.7091895,37.4593639],[126.7092587,37.4592725],[126.7093735,37.4593273],[126.7093071,37.459415],[126.709378,37.4595158],[126.7092649,37.4595659],[126.7091933,37.4594641],[126.7088081,37.4594467]]]}},{"type":"Feature","id":917208456,"properties":{"osmId":917208456,"name":"101","height":69,"heightTag":"69","building":"apartments","updatedAt":"2026-07-24T09:15:32Z"},"geometry":{"type":"Polygon","coordinates":[[[126.7091939,37.4601688],[126.7087603,37.4601738],[126.7087586,37.460082],[126.7091922,37.460077],[126.7091939,37.4601688]]]}},{"type":"Feature","id":917208457,"properties":{"osmId":917208457,"name":"106","height":77,"heightTag":"77","building":"apartments","updatedAt":"2026-07-24T09:15:32Z"},"geometry":{"type":"Polygon","coordinates":[[[126.7095014,37.457652],[126.7095093,37.4575527],[126.7098468,37.4575697],[126.7098388,37.457669],[126.7095014,37.457652]]]}},{"type":"Feature","id":917208458,"properties":{"osmId":917208458,"name":"107","height":77,"heightTag":"77","building":"apartments","updatedAt":"2026-07-24T09:15:32Z"},"geometry":{"type":"Polygon","coordinates":[[[126.7094577,37.458428],[126.7094606,37.4583283],[126.7098011,37.4583345],[126.7097982,37.4584343],[126.7094577,37.458428]]]}},{"type":"Feature","id":917208459,"properties":{"osmId":917208459,"name":"108","height":77,"heightTag":"77","building":"apartments","updatedAt":"2026-07-24T09:15:32Z"},"geometry":{"type":"Polygon","coordinates":[[[126.7093874,37.459206],[126.7093928,37.4591125],[126.7097408,37.4591252],[126.7097354,37.4592187],[126.7093874,37.459206]]]}},{"type":"Feature","id":917208460,"properties":{"osmId":917208460,"name":"109","height":77,"heightTag":"77","building":"apartments","updatedAt":"2026-07-24T09:15:32Z"},"geometry":{"type":"Polygon","coordinates":[[[126.7093229,37.4601249],[126.7093318,37.4600246],[126.7096614,37.4600431],[126.7096525,37.4601434],[126.7093229,37.4601249]]]}},{"type":"Feature","id":917212904,"properties":{"osmId":917212904,"name":"110","height":74,"heightTag":"74","building":"apartments","updatedAt":"2026-07-24T09:15:32Z"},"geometry":{"type":"Polygon","coordinates":[[[126.7099333,37.4600839],[126.7097792,37.460167],[126.7096991,37.4600986],[126.7098223,37.459991],[126.7098162,37.4598736],[126.7100873,37.4598833],[126.7100812,37.4600154],[126.7101428,37.4601181],[126.710038,37.4601817],[126.7099333,37.4600839]]]}},{"type":"Feature","id":917212905,"properties":{"osmId":917212905,"name":"111","height":65,"heightTag":"65","building":"apartments","updatedAt":"2026-07-24T09:15:32Z"},"geometry":{"type":"Polygon","coordinates":[[[126.710001,37.459267],[126.7098655,37.4593698],[126.7098716,37.4592426],[126.709884,37.4591839],[126.7098778,37.4590861],[126.7101366,37.4590616],[126.7101428,37.4591937],[126.7102167,37.4593013],[126.7101551,37.4593649],[126.710001,37.459267]]]}},{"type":"Feature","id":917212906,"properties":{"osmId":917212906,"name":"112","height":68,"heightTag":"68","building":"apartments","updatedAt":"2026-07-24T09:15:32Z"},"geometry":{"type":"Polygon","coordinates":[[[126.7099148,37.4585529],[126.7099333,37.4584208],[126.7099394,37.4582643],[126.7102167,37.4582839],[126.7102044,37.4584306],[126.710266,37.4584893],[126.7101921,37.4585529],[126.7100565,37.4584746],[126.7099148,37.4585529]]]}},{"type":"Feature","id":917212907,"properties":{"osmId":917212907,"name":"113","height":66,"heightTag":"66","building":"apartments","updatedAt":"2026-07-24T09:15:32Z"},"geometry":{"type":"Polygon","coordinates":[[[126.7099271,37.4577898],[126.7098408,37.457736],[126.7100134,37.4575844],[126.7099826,37.4574376],[126.7102722,37.4574572],[126.7102352,37.4576039],[126.7103215,37.4576871],[126.7102229,37.4577654],[126.7100873,37.4576529],[126.7099271,37.4577898]]]}},{"type":"Feature","id":1094664208,"properties":{"osmId":1094664208,"name":"","height":65,"heightTag":"65","building":"apartments","updatedAt":"2026-07-23T13:33:54Z"},"geometry":{"type":"Polygon","coordinates":[[[126.7141983,37.4544302],[126.7141953,37.4543974],[126.7141792,37.4543958],[126.7141799,37.454349],[126.7142027,37.4543503],[126.7142003,37.4543197],[126.7141558,37.4543195],[126.7141571,37.4543368],[126.7140625,37.4543368],[126.7140629,37.4543056],[126.7140897,37.4543027],[126.7140853,37.454263],[126.7140444,37.4542588],[126.7140475,37.4542196],[126.7141494,37.454217],[126.7141782,37.4541962],[126.7141494,37.4541808],[126.7142158,37.4541339],[126.7142614,37.4541462],[126.7142835,37.4541366],[126.7144277,37.454226],[126.7143217,37.4543272],[126.7143304,37.4543453],[126.7143505,37.4543458],[126.7143559,37.4544241],[126.7141983,37.4544302]]]}},{"type":"Feature","id":1094664209,"properties":{"osmId":1094664209,"name":"센트럴시티그랑베르","height":80,"heightTag":"80","building":"apartments","updatedAt":"2026-07-20T15:28:45Z"},"geometry":{"type":"Polygon","coordinates":[[[126.7204535,37.4566497],[126.7209225,37.456622],[126.7209687,37.4565673],[126.7209957,37.4565815],[126.7210155,37.4565584],[126.721091,37.4566083],[126.7210794,37.4566261],[126.7210961,37.4566357],[126.721077,37.45666],[126.7211888,37.4567151],[126.7211364,37.4567705],[126.7210498,37.4567152],[126.7210395,37.4567258],[126.7209431,37.4566796],[126.7209024,37.456689],[126.7209057,37.4567199],[126.7207849,37.4567243],[126.7207856,37.4567051],[126.720678,37.4567144],[126.7206774,37.4567373],[126.7206187,37.456742],[126.7206174,37.4567191],[126.720464,37.4567321],[126.7204535,37.4566497]]]}},{"type":"Feature","id":1094664210,"properties":{"osmId":1094664210,"name":"구월뷰그리안","height":86,"heightTag":"86","building":"apartments","updatedAt":"2026-07-20T15:28:45Z"},"geometry":{"type":"Polygon","coordinates":[[[126.7204513,37.4562279],[126.7204656,37.4563413],[126.7211093,37.4562902],[126.721095,37.4561768],[126.7204513,37.4562279]]]}},{"type":"Feature","id":1094664660,"properties":{"osmId":1094664660,"name":"","height":99,"heightTag":"99","building":"apartments","updatedAt":"2026-07-23T13:33:54Z"},"geometry":{"type":"Polygon","coordinates":[[[126.7127757,37.4544403],[126.7127151,37.4543312],[126.712808,37.4543065],[126.7128268,37.45428],[126.7128073,37.454279],[126.7128591,37.4542121],[126.7128845,37.4542205],[126.7128942,37.4542014],[126.713082,37.4542683],[126.7130612,37.4542915],[126.7130759,37.4543028],[126.7130644,37.4543686],[126.71304,37.4543984],[126.7130774,37.4544488],[126.7129195,37.4544877],[126.7128739,37.4544298],[126.7127757,37.4544403]]]}},{"type":"Feature","id":1094664661,"properties":{"osmId":1094664661,"name":"","height":82,"heightTag":"82","building":"apartments","updatedAt":"2026-07-23T13:33:54Z"},"geometry":{"type":"Polygon","coordinates":[[[126.7132253,37.4551751],[126.7132378,37.4553112],[126.7132101,37.4553128],[126.7132138,37.4553531],[126.7132415,37.4553515],[126.7132475,37.455417],[126.7133789,37.4554094],[126.7133448,37.4550375],[126.7132133,37.4550451],[126.7132205,37.4551237],[126.7131933,37.4551252],[126.7131981,37.4551767],[126.7132253,37.4551751]]]}},{"type":"Feature","id":1094664662,"properties":{"osmId":1094664662,"name":"","height":105,"heightTag":"105","building":"apartments","updatedAt":"2026-07-23T13:33:54Z"},"geometry":{"type":"Polygon","coordinates":[[[126.713087,37.4547695],[126.713162,37.4547126],[126.7131624,37.454689],[126.7131474,37.4546864],[126.7131602,37.4546076],[126.7131817,37.4546067],[126.7131805,37.4545871],[126.7133868,37.4545751],[126.7133847,37.454601],[126.7134196,37.4545989],[126.7134298,37.4546908],[126.7135005,37.4547459],[126.7133921,37.4548301],[126.7132881,37.4547686],[126.7132093,37.4548374],[126.7131473,37.4547963],[126.7131368,37.4548049],[126.713087,37.4547695]]]}},{"type":"Feature","id":1094664663,"properties":{"osmId":1094664663,"name":"","height":96,"heightTag":"96","building":"apartments","updatedAt":"2026-07-23T13:33:54Z"},"geometry":{"type":"Polygon","coordinates":[[[126.7119505,37.454529],[126.711968,37.4544513],[126.7119152,37.4543593],[126.7119334,37.4543502],[126.7119203,37.4543335],[126.7120848,37.4542488],[126.7121073,37.4542667],[126.7121364,37.4542514],[126.7122017,37.4543278],[126.7123135,37.45435],[126.7122798,37.4544648],[126.7121257,37.4544504],[126.712099,37.454541],[126.7120196,37.4545291],[126.7120158,37.4545407],[126.7119505,37.454529]]]}},{"type":"Feature","id":1094664664,"properties":{"osmId":1094664664,"name":"","height":99,"heightTag":"99","building":"apartments","updatedAt":"2026-07-23T13:33:54Z"},"geometry":{"type":"Polygon","coordinates":[[[126.7116387,37.4548599],[126.7117012,37.4547984],[126.7117079,37.4547775],[126.7117107,37.4546976],[126.7117322,37.4546967],[126.7117309,37.454677],[126.7119264,37.4546656],[126.7119352,37.45469],[126.71197,37.4546877],[126.711981,37.4547796],[126.7120654,37.4548418],[126.7119662,37.4549295],[126.7118399,37.454858],[126.7117616,37.4549272],[126.7116993,37.4548863],[126.7116888,37.4548951],[126.7116387,37.4548599]]]}},{"type":"Feature","id":1094664665,"properties":{"osmId":1094664665,"name":"","height":105,"heightTag":"105","building":"apartments","updatedAt":"2026-07-23T13:33:54Z"},"geometry":{"type":"Polygon","coordinates":[[[126.7123637,37.4549649],[126.712428,37.4549048],[126.7124354,37.454884],[126.7124408,37.4548042],[126.7124622,37.4548037],[126.7124616,37.454784],[126.7126574,37.4547765],[126.7126654,37.454801],[126.7127003,37.4547994],[126.7127083,37.4548915],[126.7127908,37.4549554],[126.7126889,37.4550411],[126.7125648,37.4549671],[126.7124844,37.4550347],[126.7124233,37.4549926],[126.7124126,37.4550011],[126.7123637,37.4549649]]]}},{"type":"Feature","id":1094664666,"properties":{"osmId":1094664666,"name":"","height":82,"heightTag":"82","building":"apartments","updatedAt":"2026-07-23T13:33:54Z"},"geometry":{"type":"Polygon","coordinates":[[[126.7133528,37.4538985],[126.7133836,37.4542105],[126.7135183,37.4542021],[126.7134875,37.4538901],[126.7133528,37.4538985]]]}},{"type":"Feature","id":1257469571,"properties":{"osmId":1257469571,"name":"","height":null,"heightTag":null,"building":"school","updatedAt":"2024-03-04T13:56:21Z"},"geometry":{"type":"Polygon","coordinates":[[[126.7041032,37.4585551],[126.7032789,37.4585219],[126.7032556,37.4588861],[126.7040799,37.4589193],[126.7041032,37.4585551]]]}},{"type":"Feature","id":1257469572,"properties":{"osmId":1257469572,"name":"","height":null,"heightTag":null,"building":"apartments","updatedAt":"2024-03-04T13:56:21Z"},"geometry":{"type":"Polygon","coordinates":[[[126.7037196,37.4594163],[126.7037122,37.4595161],[126.7038182,37.4595211],[126.7038257,37.4594213],[126.7037196,37.4594163]]]}},{"type":"Feature","id":1259003690,"properties":{"osmId":1259003690,"name":"","height":null,"heightTag":null,"building":"school","updatedAt":"2026-04-02T07:42:49Z"},"geometry":{"type":"Polygon","coordinates":[[[126.7164771,37.4519197],[126.7165151,37.4519176],[126.7165054,37.4518107],[126.7165441,37.4517096],[126.7165061,37.4517119],[126.7164675,37.4518129],[126.7164771,37.4519197]]]}},{"type":"Feature","id":1259003691,"properties":{"osmId":1259003691,"name":"","height":null,"heightTag":null,"building":"school","updatedAt":"2026-04-02T07:42:49Z"},"geometry":{"type":"Polygon","coordinates":[[[126.7168454,37.4519988],[126.716812,37.4520007],[126.7168303,37.4522034],[126.7168636,37.4522015],[126.7168504,37.4520551],[126.7168454,37.4519988]]]}},{"type":"Feature","id":1259003694,"properties":{"osmId":1259003694,"name":"","height":null,"heightTag":null,"building":"school","updatedAt":"2026-04-02T07:42:49Z"},"geometry":{"type":"Polygon","coordinates":[[[126.7164917,37.4522226],[126.7165008,37.4523238],[126.7172813,37.4522795],[126.7172722,37.4521783],[126.7168636,37.4522015],[126.7168303,37.4522034],[126.7164917,37.4522226]]]}},{"type":"Feature","id":1259003695,"properties":{"osmId":1259003695,"name":"","height":null,"heightTag":null,"building":"school","updatedAt":"2026-04-02T07:42:49Z"},"geometry":{"type":"Polygon","coordinates":[[[126.7172499,37.4518759],[126.7169132,37.451895],[126.7169106,37.4518671],[126.7167995,37.4518734],[126.716802,37.4519013],[126.7165151,37.4519176],[126.7164771,37.4519197],[126.716486,37.4520192],[126.716812,37.4520007],[126.7168454,37.4519988],[126.7168504,37.4520551],[126.7170163,37.4520457],[126.7170112,37.4519894],[126.7172589,37.4519754],[126.7172499,37.4518759]]]}},{"type":"Feature","id":1259003696,"properties":{"osmId":1259003696,"name":"","height":null,"heightTag":null,"building":"school","updatedAt":"2026-04-02T07:42:49Z"},"geometry":{"type":"Polygon","coordinates":[[[126.7166948,37.4512337],[126.7164117,37.4512507],[126.7164559,37.4517149],[126.7165061,37.4517119],[126.7165441,37.4517096],[126.7167391,37.4516979],[126.7166948,37.4512337]]]}},{"type":"Feature","id":1259003701,"properties":{"osmId":1259003701,"name":"","height":null,"heightTag":null,"building":"school","updatedAt":"2026-04-02T07:42:49Z"},"geometry":{"type":"Polygon","coordinates":[[[126.7162214,37.4517714],[126.716351,37.451764],[126.7163095,37.4513041],[126.7161798,37.4513114],[126.7162214,37.4517714]]]}},{"type":"Feature","id":1259003702,"properties":{"osmId":1259003702,"name":"","height":null,"heightTag":null,"building":"school","updatedAt":"2026-04-02T07:42:49Z"},"geometry":{"type":"Polygon","coordinates":[[[126.7155474,37.4523969],[126.716333,37.4523335],[126.7163228,37.4522543],[126.7162746,37.4522582],[126.716273,37.4522456],[126.716025,37.4522656],[126.7160143,37.4521824],[126.7162632,37.4521623],[126.7162538,37.4520893],[126.7163069,37.452085],[126.7162955,37.4519957],[126.7162439,37.4519999],[126.7162417,37.4519824],[126.715502,37.4520421],[126.715516,37.4521517],[126.7155668,37.4521476],[126.7155859,37.4522967],[126.7155351,37.4523008],[126.7155474,37.4523969]]]}},{"type":"Feature","id":1364900388,"properties":{"osmId":1364900388,"name":"","height":79,"heightTag":"79","building":"apartments","updatedAt":"2026-07-24T09:15:32Z"},"geometry":{"type":"Polygon","coordinates":[[[126.7104756,37.4577642],[126.7104833,37.4576443],[126.711081,37.4576686],[126.7110735,37.457785],[126.7109759,37.457781],[126.7109734,37.457821],[126.710902,37.4578182],[126.7109048,37.4577746],[126.7106773,37.4577654],[126.7106741,37.4578156],[126.7105992,37.4578125],[126.710602,37.4577693],[126.7104756,37.4577642]]]}},{"type":"Feature","id":1364900389,"properties":{"osmId":1364900389,"name":"","height":79,"heightTag":"79","building":"apartments","updatedAt":"2026-07-24T09:15:32Z"},"geometry":{"type":"Polygon","coordinates":[[[126.7104044,37.4585694],[126.71041,37.4584615],[126.7109984,37.4584808],[126.7109926,37.4585926],[126.7108803,37.4585889],[126.7108779,37.4586365],[126.7108025,37.4586341],[126.7108051,37.4585851],[126.7105952,37.4585783],[126.7105928,37.4586244],[126.7105201,37.458622],[126.7105226,37.4585732],[126.7104044,37.4585694]]]}},{"type":"Feature","id":1364900390,"properties":{"osmId":1364900390,"name":"","height":79,"heightTag":"79","building":"apartments","updatedAt":"2026-07-24T09:15:32Z"},"geometry":{"type":"Polygon","coordinates":[[[126.7103562,37.459358],[126.7103634,37.4592555],[126.7109482,37.4592813],[126.7109406,37.4593899],[126.7108269,37.4593849],[126.7108244,37.4594204],[126.7107492,37.4594171],[126.7107518,37.4593789],[126.7105436,37.4593697],[126.7105408,37.4594106],[126.710472,37.4594076],[126.7104751,37.4593632],[126.7103562,37.459358]]]}},{"type":"Feature","id":1364900391,"properties":{"osmId":1364900391,"name":"","height":null,"heightTag":null,"building":"yes","updatedAt":"2025-03-06T02:19:25Z"},"geometry":{"type":"Polygon","coordinates":[[[126.7109778,37.4609804],[126.7110043,37.4606485],[126.7112269,37.4606597],[126.7112003,37.4609916],[126.7109778,37.4609804]]]}},{"type":"Feature","id":1364900392,"properties":{"osmId":1364900392,"name":"","height":79,"heightTag":"79","building":"apartments","updatedAt":"2026-07-24T09:15:32Z"},"geometry":{"type":"Polygon","coordinates":[[[126.7115604,37.4602634],[126.7115649,37.4601546],[126.7118704,37.4601624],[126.7118657,37.460279],[126.7117477,37.460276],[126.711746,37.4603178],[126.7116737,37.460316],[126.7116757,37.4602664],[126.7115604,37.4602634]]]}},{"type":"Feature","id":1364900394,"properties":{"osmId":1364900394,"name":"","height":77,"heightTag":"77","building":"apartments","updatedAt":"2026-07-24T09:15:32Z"},"geometry":{"type":"Polygon","coordinates":[[[126.7115558,37.4593854],[126.711561,37.4592663],[126.7119097,37.4592758],[126.7119046,37.4593957],[126.7117631,37.4593919],[126.7117613,37.4594327],[126.7116834,37.4594306],[126.7116852,37.4593889],[126.7115558,37.4593854]]]}},{"type":"Feature","id":1364900395,"properties":{"osmId":1364900395,"name":"","height":77,"heightTag":"77","building":"apartments","updatedAt":"2026-07-24T09:15:32Z"},"geometry":{"type":"Polygon","coordinates":[[[126.7116017,37.4586052],[126.7116116,37.4584839],[126.7119749,37.4585026],[126.7119647,37.4586274],[126.711827,37.4586204],[126.7118242,37.4586548],[126.7117504,37.458651],[126.7117535,37.458613],[126.7116017,37.4586052]]]}},{"type":"Feature","id":1364900396,"properties":{"osmId":1364900396,"name":"","height":79,"heightTag":"79","building":"apartments","updatedAt":"2026-07-24T09:15:32Z"},"geometry":{"type":"Polygon","coordinates":[[[126.7103047,37.4601638],[126.7103112,37.4600527],[126.7109032,37.4600747],[126.7108963,37.4601923],[126.7107856,37.4601882],[126.7107838,37.4602196],[126.7107042,37.4602166],[126.7107066,37.4601756],[126.7104869,37.4601675],[126.7104844,37.4602103],[126.7104183,37.4602079],[126.7104206,37.4601681],[126.7103047,37.4601638]]]}},{"type":"Feature","id":1364900511,"properties":{"osmId":1364900511,"name":"","height":36,"heightTag":"36","building":"apartments","updatedAt":"2026-07-21T15:12:43Z"},"geometry":{"type":"Polygon","coordinates":[[[126.7156652,37.4580699],[126.7156711,37.4579785],[126.7165513,37.4580145],[126.7165454,37.4581057],[126.7156652,37.4580699]]]}},{"type":"Feature","id":1541020087,"properties":{"osmId":1541020087,"name":"","height":39,"heightTag":"39","building":"apartments","updatedAt":"2026-07-20T15:18:39Z"},"geometry":{"type":"Polygon","coordinates":[[[126.7209415,37.4482055],[126.7207049,37.4482198],[126.7204952,37.4482325],[126.7205053,37.4483379],[126.7209517,37.4483109],[126.7209415,37.4482055]]]}},{"type":"Feature","id":1542857626,"properties":{"osmId":1542857626,"name":"","height":37,"heightTag":"37","building":"yes","updatedAt":"2026-07-22T10:13:43Z"},"geometry":{"type":"Polygon","coordinates":[[[126.7078894,37.4491787],[126.7082088,37.4493194],[126.7082718,37.4492293],[126.7079524,37.4490886],[126.7078894,37.4491787]]]}},{"type":"Feature","id":1542859408,"properties":{"osmId":1542859408,"name":"","height":51,"heightTag":"51","building":"apartments","updatedAt":"2026-07-22T10:26:49Z"},"geometry":{"type":"Polygon","coordinates":[[[126.7137148,37.4403987],[126.7140315,37.4404042],[126.714029,37.440496],[126.7137122,37.4404905],[126.7137148,37.4403987]]]}},{"type":"Feature","id":1542859409,"properties":{"osmId":1542859409,"name":"","height":54,"heightTag":"54","building":"apartments","updatedAt":"2026-07-22T10:26:49Z"},"geometry":{"type":"Polygon","coordinates":[[[126.7141944,37.4404056],[126.7145111,37.4404111],[126.7145086,37.4405029],[126.7141918,37.4404974],[126.7141944,37.4404056]]]}},{"type":"Feature","id":1542859410,"properties":{"osmId":1542859410,"name":"","height":79,"heightTag":"79","building":"apartments","updatedAt":"2026-07-22T10:26:49Z"},"geometry":{"type":"Polygon","coordinates":[[[126.7138171,37.4397024],[126.7140349,37.4395197],[126.7141189,37.4395828],[126.7139011,37.4397655],[126.7138171,37.4397024]]]}},{"type":"Feature","id":1542859411,"properties":{"osmId":1542859411,"name":"","height":82,"heightTag":"82","building":"apartments","updatedAt":"2026-07-22T10:26:49Z"},"geometry":{"type":"Polygon","coordinates":[[[126.7127918,37.4397219],[126.7130096,37.4395393],[126.7130936,37.4396024],[126.7128758,37.4397851],[126.7127918,37.4397219]]]}},{"type":"Feature","id":1542859412,"properties":{"osmId":1542859412,"name":"","height":60,"heightTag":"60","building":"apartments","updatedAt":"2026-07-22T10:26:49Z"},"geometry":{"type":"Polygon","coordinates":[[[126.7127795,37.4401277],[126.7129973,37.4399451],[126.7130813,37.4400082],[126.7128635,37.4401909],[126.7127795,37.4401277]]]}},{"type":"Feature","id":1542859413,"properties":{"osmId":1542859413,"name":"","height":82,"heightTag":"82","building":"apartments","updatedAt":"2026-07-22T10:26:49Z"},"geometry":{"type":"Polygon","coordinates":[[[126.7127579,37.4405947],[126.7129758,37.440412],[126.7130597,37.4404751],[126.7128419,37.4406578],[126.7127579,37.4405947]]]}},{"type":"Feature","id":1542860128,"properties":{"osmId":1542860128,"name":"","height":47,"heightTag":"47","building":"yes","updatedAt":"2026-07-22T10:30:39Z"},"geometry":{"type":"Polygon","coordinates":[[[126.7067237,37.4405724],[126.70698,37.4405768],[126.706969,37.440824],[126.7067485,37.4408153],[126.7067237,37.4405724]]]}},{"type":"Feature","id":1542860129,"properties":{"osmId":1542860129,"name":"","height":39,"heightTag":"39","building":"yes","updatedAt":"2026-07-22T10:30:39Z"},"geometry":{"type":"Polygon","coordinates":[[[126.709301,37.4424345],[126.7093067,37.4426517],[126.7095153,37.4426483],[126.7095097,37.4424311],[126.709301,37.4424345]]]}},{"type":"Feature","id":1542862367,"properties":{"osmId":1542862367,"name":"","height":29,"heightTag":"29","building":"apartments","updatedAt":"2026-07-22T10:45:18Z"},"geometry":{"type":"Polygon","coordinates":[[[126.7056435,37.4450001],[126.7056159,37.4448314],[126.7057377,37.4448189],[126.7057653,37.4449875],[126.7056435,37.4450001]]]}},{"type":"Feature","id":1542885245,"properties":{"osmId":1542885245,"name":"","height":28,"heightTag":"28","building":"apartments","updatedAt":"2026-07-22T12:34:30Z"},"geometry":{"type":"Polygon","coordinates":[[[126.705597,37.4493173],[126.7058072,37.4493082],[126.7058004,37.4492094],[126.7055902,37.4492185],[126.705597,37.4493173]]]}},{"type":"Feature","id":1542914324,"properties":{"osmId":1542914324,"name":"","height":42,"heightTag":"42","building":"apartments","updatedAt":"2026-07-22T12:49:44Z"},"geometry":{"type":"Polygon","coordinates":[[[126.6957378,37.4478162],[126.695647,37.4478873],[126.6957388,37.4479613],[126.6958296,37.4478902],[126.6957378,37.4478162]]]}},{"type":"Feature","id":1542914325,"properties":{"osmId":1542914325,"name":"","height":35,"heightTag":"35","building":"apartments","updatedAt":"2026-07-22T12:49:44Z"},"geometry":{"type":"Polygon","coordinates":[[[126.6955904,37.4499403],[126.6956176,37.4501852],[126.6957393,37.4501767],[126.695712,37.4499318],[126.6955904,37.4499403]]]}},{"type":"Feature","id":1542914326,"properties":{"osmId":1542914326,"name":"","height":42,"heightTag":"42","building":"apartments","updatedAt":"2026-07-22T12:49:44Z"},"geometry":{"type":"Polygon","coordinates":[[[126.6952425,37.4500213],[126.6954939,37.4500043],[126.6955104,37.4501583],[126.6952591,37.4501754],[126.6952425,37.4500213]]]}},{"type":"Feature","id":1542914327,"properties":{"osmId":1542914327,"name":"","height":28,"heightTag":"28","building":"apartments","updatedAt":"2026-07-22T12:49:44Z"},"geometry":{"type":"Polygon","coordinates":[[[126.6944156,37.4488726],[126.6944386,37.4490525],[126.6945335,37.4490449],[126.6945106,37.4488649],[126.6944156,37.4488726]]]}},{"type":"Feature","id":1542914328,"properties":{"osmId":1542914328,"name":"","height":31,"heightTag":"31","building":"apartments","updatedAt":"2026-07-22T12:49:44Z"},"geometry":{"type":"Polygon","coordinates":[[[126.6936519,37.4499081],[126.6936576,37.449989],[126.6934375,37.4499989],[126.6934317,37.449918],[126.6936519,37.4499081]]]}},{"type":"Feature","id":1542914421,"properties":{"osmId":1542914421,"name":"","height":35,"heightTag":"35","building":"apartments","updatedAt":"2026-07-22T12:51:09Z"},"geometry":{"type":"Polygon","coordinates":[[[126.6930621,37.4499932],[126.693112,37.4501745],[126.6930161,37.4501912],[126.6929661,37.4500098],[126.6930621,37.4499932]]]}},{"type":"Feature","id":1543174715,"properties":{"osmId":1543174715,"name":"","height":45,"heightTag":"45","building":"apartments","updatedAt":"2026-07-23T08:46:47Z"},"geometry":{"type":"Polygon","coordinates":[[[126.694931,37.4507843],[126.6952891,37.4507711],[126.6952807,37.450627],[126.6949226,37.4506401],[126.694931,37.4507843]]]}},{"type":"Feature","id":1543174716,"properties":{"osmId":1543174716,"name":"","height":43,"heightTag":"43","building":"apartments","updatedAt":"2026-07-23T08:46:47Z"},"geometry":{"type":"Polygon","coordinates":[[[126.6957602,37.4511474],[126.6960366,37.4511393],[126.6960321,37.4510411],[126.6957557,37.4510492],[126.6957602,37.4511474]]]}},{"type":"Feature","id":1543174717,"properties":{"osmId":1543174717,"name":"","height":31,"heightTag":"31","building":"yes","updatedAt":"2026-07-23T08:46:47Z"},"geometry":{"type":"Polygon","coordinates":[[[126.6978132,37.4507263],[126.6978224,37.4508533],[126.6980011,37.4508451],[126.6979919,37.4507181],[126.6978132,37.4507263]]]}},{"type":"Feature","id":1543174718,"properties":{"osmId":1543174718,"name":"","height":43,"heightTag":"43","building":"apartments","updatedAt":"2026-07-23T08:46:47Z"},"geometry":{"type":"Polygon","coordinates":[[[126.6987522,37.450518],[126.6989324,37.4505139],[126.6989286,37.4504069],[126.6987483,37.450411],[126.6987522,37.450518]]]}},{"type":"Feature","id":1543175343,"properties":{"osmId":1543175343,"name":"","height":43,"heightTag":"43","building":"apartments","updatedAt":"2026-07-23T08:49:58Z"},"geometry":{"type":"Polygon","coordinates":[[[126.6999221,37.4540888],[126.700102,37.4541634],[126.7000235,37.4542828],[126.6998436,37.4542083],[126.6999221,37.4540888]]]}},{"type":"Feature","id":1543175344,"properties":{"osmId":1543175344,"name":"","height":43,"heightTag":"43","building":"apartments","updatedAt":"2026-07-23T08:49:58Z"},"geometry":{"type":"Polygon","coordinates":[[[126.6995289,37.4541153],[126.6997089,37.4541898],[126.6996303,37.4543093],[126.6994504,37.4542347],[126.6995289,37.4541153]]]}},{"type":"Feature","id":1543175345,"properties":{"osmId":1543175345,"name":"","height":43,"heightTag":"43","building":"apartments","updatedAt":"2026-07-23T08:49:58Z"},"geometry":{"type":"Polygon","coordinates":[[[126.6993492,37.4537461],[126.6995291,37.4538206],[126.6994505,37.4539401],[126.6992706,37.4538655],[126.6993492,37.4537461]]]}},{"type":"Feature","id":1543184422,"properties":{"osmId":1543184422,"name":"","height":47,"heightTag":"47","building":"apartments","updatedAt":"2026-07-23T09:33:12Z"},"geometry":{"type":"Polygon","coordinates":[[[126.7033758,37.4515677],[126.7033274,37.4511832],[126.703513,37.4511685],[126.7035614,37.4515529],[126.7033758,37.4515677]]]}},{"type":"Feature","id":1543185852,"properties":{"osmId":1543185852,"name":"","height":45,"heightTag":"45","building":"apartments","updatedAt":"2026-07-23T09:44:13Z"},"geometry":{"type":"Polygon","coordinates":[[[126.703022,37.4528624],[126.7030547,37.4531334],[126.7033243,37.4531129],[126.7032916,37.4528419],[126.703022,37.4528624]]]}},{"type":"Feature","id":1543196459,"properties":{"osmId":1543196459,"name":"","height":44,"heightTag":"44","building":"apartments","updatedAt":"2026-07-23T10:32:21Z"},"geometry":{"type":"Polygon","coordinates":[[[126.706235,37.4504691],[126.7062712,37.4507227],[126.7059475,37.4507518],[126.7059113,37.4504982],[126.706235,37.4504691]]]}},{"type":"Feature","id":1543197014,"properties":{"osmId":1543197014,"name":"","height":63,"heightTag":"63","building":"yes","updatedAt":"2026-07-23T10:34:03Z"},"geometry":{"type":"Polygon","coordinates":[[[126.7070375,37.4503883],[126.7070802,37.450641],[126.7074968,37.4505967],[126.7074541,37.4503439],[126.7070375,37.4503883]]]}},{"type":"Feature","id":1543197015,"properties":{"osmId":1543197015,"name":"","height":52,"heightTag":"52","building":"yes","updatedAt":"2026-07-23T10:34:03Z"},"geometry":{"type":"Polygon","coordinates":[[[126.706588,37.4505123],[126.7066133,37.4506945],[126.7067776,37.4506802],[126.7067523,37.4504979],[126.706588,37.4505123]]]}},{"type":"Feature","id":1543198820,"properties":{"osmId":1543198820,"name":"","height":64,"heightTag":"64","building":"apartments","updatedAt":"2026-07-23T10:46:18Z"},"geometry":{"type":"Polygon","coordinates":[[[126.7059549,37.4519298],[126.7063991,37.451896],[126.7063699,37.4516541],[126.7059258,37.4516878],[126.7059549,37.4519298]]]}},{"type":"Feature","id":1543198821,"properties":{"osmId":1543198821,"name":"","height":44,"heightTag":"44","building":"apartments","updatedAt":"2026-07-23T10:46:18Z"},"geometry":{"type":"Polygon","coordinates":[[[126.7064111,37.4514588],[126.7064373,37.4516296],[126.7062283,37.4516498],[126.7062021,37.451479],[126.7064111,37.4514588]]]}},{"type":"Feature","id":1543198822,"properties":{"osmId":1543198822,"name":"","height":33,"heightTag":"33","building":"yes","updatedAt":"2026-07-23T10:46:18Z"},"geometry":{"type":"Polygon","coordinates":[[[126.7053844,37.4517407],[126.7052124,37.4517535],[126.7052231,37.4518439],[126.7053952,37.451831],[126.7053844,37.4517407]]]}},{"type":"Feature","id":1543198823,"properties":{"osmId":1543198823,"name":"","height":44,"heightTag":"44","building":"apartments","updatedAt":"2026-07-23T10:46:18Z"},"geometry":{"type":"Polygon","coordinates":[[[126.7053882,37.4517206],[126.7053623,37.4515469],[126.7051881,37.4515633],[126.705214,37.451737],[126.7053882,37.4517206]]]}},{"type":"Feature","id":1543200601,"properties":{"osmId":1543200601,"name":"","height":73,"heightTag":"73","building":"apartments","updatedAt":"2026-07-23T10:59:37Z"},"geometry":{"type":"Polygon","coordinates":[[[126.7052724,37.4523007],[126.7053337,37.4527582],[126.7051602,37.4527729],[126.7050988,37.4523154],[126.7052724,37.4523007]]]}},{"type":"Feature","id":1543220570,"properties":{"osmId":1543220570,"name":"","height":40,"heightTag":"40","building":"apartments","updatedAt":"2026-07-23T12:50:57Z"},"geometry":{"type":"Polygon","coordinates":[[[126.7091827,37.4506772],[126.709562,37.450657],[126.7095773,37.4508387],[126.709198,37.4508589],[126.7091827,37.4506772]]]}},{"type":"Feature","id":1543220571,"properties":{"osmId":1543220571,"name":"","height":33,"heightTag":"33","building":"apartments","updatedAt":"2026-07-23T12:50:57Z"},"geometry":{"type":"Polygon","coordinates":[[[126.7101104,37.4505279],[126.7101225,37.4507595],[126.710024,37.4507628],[126.710012,37.4505311],[126.7101104,37.4505279]]]}},{"type":"Feature","id":1543220572,"properties":{"osmId":1543220572,"name":"","height":29,"heightTag":"29","building":"yes","updatedAt":"2026-07-23T12:50:57Z"},"geometry":{"type":"Polygon","coordinates":[[[126.7105226,37.450728],[126.710694,37.4507242],[126.7106974,37.4508231],[126.710526,37.4508269],[126.7105226,37.450728]]]}},{"type":"Feature","id":1543220573,"properties":{"osmId":1543220573,"name":"","height":42,"heightTag":"42","building":"apartments","updatedAt":"2026-07-23T12:50:57Z"},"geometry":{"type":"Polygon","coordinates":[[[126.7138263,37.4506669],[126.7138373,37.4508402],[126.713955,37.4508355],[126.713944,37.4506622],[126.7138263,37.4506669]]]}},{"type":"Feature","id":1543220574,"properties":{"osmId":1543220574,"name":"","height":42,"heightTag":"42","building":"apartments","updatedAt":"2026-07-23T12:50:57Z"},"geometry":{"type":"Polygon","coordinates":[[[126.7140019,37.4506607],[126.714013,37.450834],[126.7141306,37.4508293],[126.7141196,37.450656],[126.7140019,37.4506607]]]}},{"type":"Feature","id":1543220575,"properties":{"osmId":1543220575,"name":"","height":37,"heightTag":"37","building":"yes","updatedAt":"2026-07-23T12:50:57Z"},"geometry":{"type":"Polygon","coordinates":[[[126.7094784,37.4528551],[126.7094609,37.4527171],[126.708787,37.4527709],[126.7088045,37.452909],[126.7094784,37.4528551]]]}},{"type":"Feature","id":1543220576,"properties":{"osmId":1543220576,"name":"","height":37,"heightTag":"37","building":"yes","updatedAt":"2026-07-23T12:50:57Z"},"geometry":{"type":"Polygon","coordinates":[[[126.7097978,37.4526447],[126.7098157,37.4528278],[126.7095552,37.4528438],[126.7095373,37.4526607],[126.7097978,37.4526447]]]}},{"type":"Feature","id":1543231575,"properties":{"osmId":1543231575,"name":"","height":67,"heightTag":"67","building":"apartments","updatedAt":"2026-07-23T13:33:54Z"},"geometry":{"type":"Polygon","coordinates":[[[126.7096384,37.4540202],[126.7096822,37.4544022],[126.7098562,37.4543896],[126.7098125,37.4540077],[126.7096384,37.4540202]]]}},{"type":"Feature","id":1543231576,"properties":{"osmId":1543231576,"name":"","height":65,"heightTag":"65","building":"apartments","updatedAt":"2026-07-23T13:33:54Z"},"geometry":{"type":"Polygon","coordinates":[[[126.7095466,37.4534289],[126.7095904,37.4538108],[126.7097644,37.4537983],[126.7097207,37.4534164],[126.7095466,37.4534289]]]}},{"type":"Feature","id":1543231577,"properties":{"osmId":1543231577,"name":"","height":65,"heightTag":"65","building":"apartments","updatedAt":"2026-07-23T13:33:54Z"},"geometry":{"type":"Polygon","coordinates":[[[126.7103525,37.4533529],[126.7103963,37.4537348],[126.7105703,37.4537223],[126.7105266,37.4533403],[126.7103525,37.4533529]]]}},{"type":"Feature","id":1543231578,"properties":{"osmId":1543231578,"name":"","height":67,"heightTag":"67","building":"apartments","updatedAt":"2026-07-23T13:33:54Z"},"geometry":{"type":"Polygon","coordinates":[[[126.7086421,37.4535375],[126.7086859,37.4539194],[126.7088599,37.4539069],[126.7088162,37.4535249],[126.7086421,37.4535375]]]}},{"type":"Feature","id":1543231579,"properties":{"osmId":1543231579,"name":"","height":65,"heightTag":"65","building":"apartments","updatedAt":"2026-07-23T13:33:54Z"},"geometry":{"type":"Polygon","coordinates":[[[126.7087171,37.4540699],[126.7087609,37.4544518],[126.7089349,37.4544393],[126.7088912,37.4540573],[126.7087171,37.4540699]]]}},{"type":"Feature","id":1543231580,"properties":{"osmId":1543231580,"name":"","height":62,"heightTag":"62","building":"apartments","updatedAt":"2026-07-23T13:33:54Z"},"geometry":{"type":"Polygon","coordinates":[[[126.7104129,37.4539444],[126.7104567,37.4543263],[126.7106307,37.4543138],[126.710587,37.4539318],[126.7104129,37.4539444]]]}},{"type":"Feature","id":1543231581,"properties":{"osmId":1543231581,"name":"","height":56,"heightTag":"56","building":"apartments","updatedAt":"2026-07-23T13:33:54Z"},"geometry":{"type":"Polygon","coordinates":[[[126.7100019,37.4547034],[126.7104826,37.4546653],[126.7104653,37.4545273],[126.7099845,37.4545653],[126.7100019,37.4547034]]]}},{"type":"Feature","id":1543231582,"properties":{"osmId":1543231582,"name":"","height":56,"heightTag":"56","building":"apartments","updatedAt":"2026-07-23T13:33:54Z"},"geometry":{"type":"Polygon","coordinates":[[[126.710796,37.4546263],[126.7112767,37.4545883],[126.7112594,37.4544503],[126.7107787,37.4544882],[126.710796,37.4546263]]]}},{"type":"Feature","id":1543231583,"properties":{"osmId":1543231583,"name":"","height":65,"heightTag":"65","building":"apartments","updatedAt":"2026-07-23T13:33:54Z"},"geometry":{"type":"Polygon","coordinates":[[[126.7105844,37.4538849],[126.7110651,37.4538468],[126.7110477,37.4537088],[126.710567,37.4537468],[126.7105844,37.4538849]]]}},{"type":"Feature","id":1543231584,"properties":{"osmId":1543231584,"name":"","height":67,"heightTag":"67","building":"apartments","updatedAt":"2026-07-23T13:33:54Z"},"geometry":{"type":"Polygon","coordinates":[[[126.7098533,37.4539627],[126.710334,37.4539247],[126.7103167,37.4537867],[126.709836,37.4538246],[126.7098533,37.4539627]]]}},{"type":"Feature","id":1543231585,"properties":{"osmId":1543231585,"name":"","height":65,"heightTag":"65","building":"apartments","updatedAt":"2026-07-23T13:33:54Z"},"geometry":{"type":"Polygon","coordinates":[[[126.7089356,37.4540328],[126.7094163,37.4539947],[126.709399,37.4538567],[126.7089182,37.4538947],[126.7089356,37.4540328]]]}},{"type":"Feature","id":1543231586,"properties":{"osmId":1543231586,"name":"","height":65,"heightTag":"65","building":"apartments","updatedAt":"2026-07-23T13:33:54Z"},"geometry":{"type":"Polygon","coordinates":[[[126.7084458,37.4533638],[126.7089265,37.4533257],[126.7089092,37.4531877],[126.7084285,37.4532257],[126.7084458,37.4533638]]]}},{"type":"Feature","id":1543231587,"properties":{"osmId":1543231587,"name":"","height":65,"heightTag":"65","building":"apartments","updatedAt":"2026-07-23T13:33:54Z"},"geometry":{"type":"Polygon","coordinates":[[[126.7089518,37.4533268],[126.7094325,37.4532887],[126.7094152,37.4531507],[126.7089345,37.4531887],[126.7089518,37.4533268]]]}},{"type":"Feature","id":1543231588,"properties":{"osmId":1543231588,"name":"","height":65,"heightTag":"65","building":"apartments","updatedAt":"2026-07-23T13:33:54Z"},"geometry":{"type":"Polygon","coordinates":[[[126.7094534,37.4532953],[126.7099341,37.4532573],[126.7099168,37.4531192],[126.709436,37.4531572],[126.7094534,37.4532953]]]}},{"type":"Feature","id":1543231589,"properties":{"osmId":1543231589,"name":"","height":65,"heightTag":"65","building":"apartments","updatedAt":"2026-07-23T13:33:54Z"},"geometry":{"type":"Polygon","coordinates":[[[126.7099714,37.4532563],[126.7104521,37.4532182],[126.7104348,37.4530802],[126.7099541,37.4531181],[126.7099714,37.4532563]]]}},{"type":"Feature","id":1543231590,"properties":{"osmId":1543231590,"name":"","height":65,"heightTag":"65","building":"apartments","updatedAt":"2026-07-23T13:33:54Z"},"geometry":{"type":"Polygon","coordinates":[[[126.7104886,37.4532027],[126.7109694,37.4531646],[126.710952,37.4530266],[126.7104713,37.4530646],[126.7104886,37.4532027]]]}},{"type":"Feature","id":1543231591,"properties":{"osmId":1543231591,"name":"","height":65,"heightTag":"65","building":"apartments","updatedAt":"2026-07-23T13:33:54Z"},"geometry":{"type":"Polygon","coordinates":[[[126.7110541,37.4531667],[126.7114,37.453141],[126.7113841,37.4530062],[126.7110382,37.4530318],[126.7110541,37.4531667]]]}},{"type":"Feature","id":1543231592,"properties":{"osmId":1543231592,"name":"","height":65,"heightTag":"65","building":"apartments","updatedAt":"2026-07-23T13:33:54Z"},"geometry":{"type":"Polygon","coordinates":[[[126.7119688,37.4530906],[126.7123147,37.4530649],[126.7122988,37.45293],[126.7119529,37.4529557],[126.7119688,37.4530906]]]}},{"type":"Feature","id":1543231593,"properties":{"osmId":1543231593,"name":"","height":65,"heightTag":"65","building":"apartments","updatedAt":"2026-07-23T13:33:54Z"},"geometry":{"type":"Polygon","coordinates":[[[126.7128239,37.4530321],[126.7131698,37.4530064],[126.7131539,37.4528716],[126.712808,37.4528972],[126.7128239,37.4530321]]]}},{"type":"Feature","id":1543231594,"properties":{"osmId":1543231594,"name":"","height":65,"heightTag":"65","building":"apartments","updatedAt":"2026-07-23T13:33:54Z"},"geometry":{"type":"Polygon","coordinates":[[[126.7138788,37.45295],[126.7142247,37.4529243],[126.7142088,37.4527895],[126.7138629,37.4528151],[126.7138788,37.45295]]]}},{"type":"Feature","id":1543231595,"properties":{"osmId":1543231595,"name":"","height":65,"heightTag":"65","building":"apartments","updatedAt":"2026-07-23T13:33:54Z"},"geometry":{"type":"Polygon","coordinates":[[[126.7140025,37.4536627],[126.7143484,37.453637],[126.7143325,37.4535022],[126.7139866,37.4535278],[126.7140025,37.4536627]]]}},{"type":"Feature","id":1543231596,"properties":{"osmId":1543231596,"name":"","height":65,"heightTag":"65","building":"apartments","updatedAt":"2026-07-23T13:33:54Z"},"geometry":{"type":"Polygon","coordinates":[[[126.7133274,37.4529809],[126.7136733,37.4529552],[126.7136574,37.4528203],[126.7133115,37.452846],[126.7133274,37.4529809]]]}},{"type":"Feature","id":1543231597,"properties":{"osmId":1543231597,"name":"","height":62,"heightTag":"62","building":"apartments","updatedAt":"2026-07-23T13:33:54Z"},"geometry":{"type":"Polygon","coordinates":[[[126.7123837,37.4530622],[126.7127296,37.4530366],[126.7127137,37.4529017],[126.7123678,37.4529273],[126.7123837,37.4530622]]]}},{"type":"Feature","id":1543231598,"properties":{"osmId":1543231598,"name":"","height":62,"heightTag":"62","building":"apartments","updatedAt":"2026-07-23T13:33:54Z"},"geometry":{"type":"Polygon","coordinates":[[[126.711486,37.4531212],[126.7118319,37.4530955],[126.711816,37.4529606],[126.7114701,37.4529863],[126.711486,37.4531212]]]}},{"type":"Feature","id":1543231599,"properties":{"osmId":1543231599,"name":"","height":50,"heightTag":"50","building":"apartments","updatedAt":"2026-07-23T13:33:54Z"},"geometry":{"type":"Polygon","coordinates":[[[126.7117934,37.4538395],[126.7121394,37.4538138],[126.7121235,37.4536789],[126.7117776,37.4537046],[126.7117934,37.4538395]]]}},{"type":"Feature","id":1543231600,"properties":{"osmId":1543231600,"name":"","height":50,"heightTag":"50","building":"apartments","updatedAt":"2026-07-23T13:33:54Z"},"geometry":{"type":"Polygon","coordinates":[[[126.7125887,37.4537665],[126.7129346,37.4537408],[126.7129187,37.453606],[126.7125728,37.4536316],[126.7125887,37.4537665]]]}},{"type":"Feature","id":1543231601,"properties":{"osmId":1543231601,"name":"","height":65,"heightTag":"65","building":"apartments","updatedAt":"2026-07-23T13:33:54Z"},"geometry":{"type":"Polygon","coordinates":[[[126.7135748,37.4536879],[126.7139207,37.4536623],[126.7139049,37.4535274],[126.7135589,37.453553],[126.7135748,37.4536879]]]}},{"type":"Feature","id":1543231602,"properties":{"osmId":1543231602,"name":"","height":76,"heightTag":"76","building":"apartments","updatedAt":"2026-07-23T13:33:54Z"},"geometry":{"type":"Polygon","coordinates":[[[126.7140591,37.4530952],[126.7140919,37.4533698],[126.7142618,37.453357],[126.714229,37.4530824],[126.7140591,37.4530952]]]}},{"type":"Feature","id":1543231603,"properties":{"osmId":1543231603,"name":"","height":70,"heightTag":"70","building":"apartments","updatedAt":"2026-07-23T13:33:54Z"},"geometry":{"type":"Polygon","coordinates":[[[126.7130482,37.4532018],[126.7130811,37.4534764],[126.7132509,37.4534636],[126.7132181,37.453189],[126.7130482,37.4532018]]]}},{"type":"Feature","id":1543231604,"properties":{"osmId":1543231604,"name":"","height":65,"heightTag":"65","building":"apartments","updatedAt":"2026-07-23T13:33:54Z"},"geometry":{"type":"Polygon","coordinates":[[[126.7121187,37.4532916],[126.7121515,37.4535662],[126.7123214,37.4535534],[126.7122886,37.4532788],[126.7121187,37.4532916]]]}},{"type":"Feature","id":1543231605,"properties":{"osmId":1543231605,"name":"","height":65,"heightTag":"65","building":"apartments","updatedAt":"2026-07-23T13:33:54Z"},"geometry":{"type":"Polygon","coordinates":[[[126.711281,37.4533702],[126.7113139,37.4536447],[126.7114837,37.4536319],[126.7114509,37.4533574],[126.711281,37.4533702]]]}},{"type":"Feature","id":1543231606,"properties":{"osmId":1543231606,"name":"","height":67,"heightTag":"67","building":"apartments","updatedAt":"2026-07-23T13:33:54Z"},"geometry":{"type":"Polygon","coordinates":[[[126.711327,37.4539257],[126.7113598,37.4542003],[126.7115296,37.4541875],[126.7114968,37.4539129],[126.711327,37.4539257]]]}},{"type":"Feature","id":1543231607,"properties":{"osmId":1543231607,"name":"","height":82,"heightTag":"82","building":"apartments","updatedAt":"2026-07-23T13:33:54Z"},"geometry":{"type":"Polygon","coordinates":[[[126.7119608,37.455169],[126.7120054,37.4554536],[126.7118497,37.455469],[126.7118051,37.4551844],[126.7119608,37.455169]]]}},{"type":"Feature","id":1543231608,"properties":{"osmId":1543231608,"name":"","height":70,"heightTag":"70","building":"apartments","updatedAt":"2026-07-23T13:33:54Z"},"geometry":{"type":"Polygon","coordinates":[[[126.7143734,37.4548907],[126.7144181,37.4551753],[126.7142623,37.4551907],[126.7142177,37.4549061],[126.7143734,37.4548907]]]}},{"type":"Feature","id":1543260112,"properties":{"osmId":1543260112,"name":"","height":139,"heightTag":"139","building":"apartments","updatedAt":"2026-07-23T15:24:52Z"},"geometry":{"type":"Polygon","coordinates":[[[126.7064079,37.4543169],[126.7061974,37.4545335],[126.7063314,37.4546156],[126.7064455,37.4544981],[126.7065763,37.4545782],[126.7066727,37.454479],[126.7064079,37.4543169]]]}},{"type":"Feature","id":1543260113,"properties":{"osmId":1543260113,"name":"","height":133,"heightTag":"133","building":"apartments","updatedAt":"2026-07-23T15:24:52Z"},"geometry":{"type":"Polygon","coordinates":[[[126.706472,37.4539934],[126.7062615,37.45421],[126.7063955,37.4542921],[126.7065097,37.4541746],[126.7066405,37.4542547],[126.7067369,37.4541555],[126.706472,37.4539934]]]}},{"type":"Feature","id":1543260114,"properties":{"osmId":1543260114,"name":"","height":84,"heightTag":"84","building":"apartments","updatedAt":"2026-07-23T15:24:52Z"},"geometry":{"type":"Polygon","coordinates":[[[126.7073833,37.4539787],[126.7078837,37.453934],[126.7079251,37.4542258],[126.7077528,37.4542412],[126.7077306,37.4540848],[126.7074026,37.4541141],[126.7073833,37.4539787]]]}},{"type":"Feature","id":1543260115,"properties":{"osmId":1543260115,"name":"","height":82,"heightTag":"82","building":"yes","updatedAt":"2026-07-23T15:24:52Z"},"geometry":{"type":"Polygon","coordinates":[[[126.7079192,37.4542562],[126.7074637,37.4542889],[126.7074874,37.4544977],[126.707943,37.454465],[126.7079192,37.4542562]]]}},{"type":"Feature","id":1543260116,"properties":{"osmId":1543260116,"name":"","height":99,"heightTag":"99","building":"apartments","updatedAt":"2026-07-23T15:24:52Z"},"geometry":{"type":"Polygon","coordinates":[[[126.7074419,37.4543662],[126.7069366,37.4544183],[126.7069531,37.454519],[126.7074584,37.4544668],[126.7074419,37.4543662]]]}},{"type":"Feature","id":1543261384,"properties":{"osmId":1543261384,"name":"","height":43,"heightTag":"43","building":"apartments","updatedAt":"2026-07-23T15:32:23Z"},"geometry":{"type":"Polygon","coordinates":[[[126.7035579,37.453585],[126.7033539,37.4535932],[126.7033406,37.4533854],[126.7035447,37.4533772],[126.7035579,37.453585]]]}},{"type":"Feature","id":1543263092,"properties":{"osmId":1543263092,"name":"","height":41,"heightTag":"41","building":"apartments","updatedAt":"2026-07-23T15:37:18Z"},"geometry":{"type":"Polygon","coordinates":[[[126.7033954,37.4545422],[126.703444,37.4549479],[126.7032997,37.4549588],[126.703251,37.4545531],[126.7033954,37.4545422]]]}},{"type":"Feature","id":1543263093,"properties":{"osmId":1543263093,"name":"","height":42,"heightTag":"42","building":"apartments","updatedAt":"2026-07-23T15:37:18Z"},"geometry":{"type":"Polygon","coordinates":[[[126.7034018,37.4542454],[126.7032161,37.4542555],[126.7032406,37.454538],[126.7033805,37.4545304],[126.7033687,37.4543939],[126.7034144,37.4543914],[126.7034018,37.4542454]]]}},{"type":"Feature","id":1543986370,"properties":{"osmId":1543986370,"name":"","height":41,"heightTag":"41","building":"apartments","updatedAt":"2026-07-24T08:23:13Z"},"geometry":{"type":"Polygon","coordinates":[[[126.7058049,37.4574413],[126.7066133,37.457471],[126.7066075,37.4575695],[126.7057992,37.4575399],[126.7058049,37.4574413]]]}},{"type":"Feature","id":1543986371,"properties":{"osmId":1543986371,"name":"","height":40,"heightTag":"40","building":"apartments","updatedAt":"2026-07-24T08:23:13Z"},"geometry":{"type":"Polygon","coordinates":[[[126.7058229,37.4570799],[126.7073372,37.4571673],[126.7073461,37.4570699],[126.7058318,37.4569824],[126.7058229,37.4570799]]]}},{"type":"Feature","id":1543999225,"properties":{"osmId":1543999225,"name":"","height":62,"heightTag":"62","building":"apartments","updatedAt":"2026-07-24T09:04:52Z"},"geometry":{"type":"Polygon","coordinates":[[[126.7057613,37.4599275],[126.7062526,37.4599451],[126.7062505,37.4600507],[126.7057592,37.4600331],[126.7057613,37.4599275]]]}},{"type":"Feature","id":1543999226,"properties":{"osmId":1543999226,"name":"","height":57,"heightTag":"57","building":"apartments","updatedAt":"2026-07-24T09:04:52Z"},"geometry":{"type":"Polygon","coordinates":[[[126.7063956,37.4599601],[126.7068869,37.4599778],[126.7068848,37.4600833],[126.7063935,37.4600657],[126.7063956,37.4599601]]]}},{"type":"Feature","id":1543999227,"properties":{"osmId":1543999227,"name":"","height":54,"heightTag":"54","building":"apartments","updatedAt":"2026-07-24T09:04:52Z"},"geometry":{"type":"Polygon","coordinates":[[[126.7073541,37.460043],[126.7078454,37.4600606],[126.7078433,37.4601662],[126.707352,37.4601486],[126.7073541,37.460043]]]}},{"type":"Feature","id":1543999228,"properties":{"osmId":1543999228,"name":"","height":65,"heightTag":"65","building":"apartments","updatedAt":"2026-07-24T09:04:52Z"},"geometry":{"type":"Polygon","coordinates":[[[126.7057123,37.4592269],[126.7062036,37.4592445],[126.7062015,37.4593501],[126.7057102,37.4593325],[126.7057123,37.4592269]]]}},{"type":"Feature","id":1543999229,"properties":{"osmId":1543999229,"name":"","height":68,"heightTag":"68","building":"apartments","updatedAt":"2026-07-24T09:04:52Z"},"geometry":{"type":"Polygon","coordinates":[[[126.7065442,37.4592445],[126.7070355,37.4592621],[126.7070335,37.4593677],[126.7065422,37.4593501],[126.7065442,37.4592445]]]}},{"type":"Feature","id":1543999230,"properties":{"osmId":1543999230,"name":"","height":65,"heightTag":"65","building":"apartments","updatedAt":"2026-07-24T09:04:52Z"},"geometry":{"type":"Polygon","coordinates":[[[126.707449,37.4592947],[126.7079403,37.4593123],[126.7079382,37.4594179],[126.7074469,37.4594003],[126.707449,37.4592947]]]}},{"type":"Feature","id":1543999231,"properties":{"osmId":1543999231,"name":"","height":65,"heightTag":"65","building":"apartments","updatedAt":"2026-07-24T09:04:52Z"},"geometry":{"type":"Polygon","coordinates":[[[126.7075977,37.4586192],[126.708089,37.4586368],[126.7080869,37.4587424],[126.7075956,37.4587248],[126.7075977,37.4586192]]]}},{"type":"Feature","id":1543999232,"properties":{"osmId":1543999232,"name":"","height":68,"heightTag":"68","building":"apartments","updatedAt":"2026-07-24T09:04:52Z"},"geometry":{"type":"Polygon","coordinates":[[[126.7066012,37.4585414],[126.7070925,37.458559],[126.7070904,37.4586646],[126.7065991,37.458647],[126.7066012,37.4585414]]]}},{"type":"Feature","id":1543999233,"properties":{"osmId":1543999233,"name":"","height":65,"heightTag":"65","building":"apartments","updatedAt":"2026-07-24T09:04:52Z"},"geometry":{"type":"Polygon","coordinates":[[[126.7076166,37.4579663],[126.7081079,37.457984],[126.7081059,37.4580895],[126.7076146,37.4580719],[126.7076166,37.4579663]]]}},{"type":"Feature","id":1543999234,"properties":{"osmId":1543999234,"name":"","height":48,"heightTag":"48","building":"apartments","updatedAt":"2026-07-24T09:04:52Z"},"geometry":{"type":"Polygon","coordinates":[[[126.7083739,37.4575738],[126.708342,37.4579634],[126.7082091,37.4579597],[126.7082409,37.4575701],[126.7083739,37.4575738]]]}},{"type":"Feature","id":1543999235,"properties":{"osmId":1543999235,"name":"","height":54,"heightTag":"54","building":"apartments","updatedAt":"2026-07-24T09:04:52Z"},"geometry":{"type":"Polygon","coordinates":[[[126.7083391,37.4581564],[126.7083072,37.458546],[126.7081743,37.4585423],[126.7082061,37.4581527],[126.7083391,37.4581564]]]}},{"type":"Feature","id":1543999236,"properties":{"osmId":1543999236,"name":"","height":54,"heightTag":"54","building":"apartments","updatedAt":"2026-07-24T09:04:52Z"},"geometry":{"type":"Polygon","coordinates":[[[126.7082284,37.458857],[126.7081965,37.4592466],[126.7080636,37.4592429],[126.7080954,37.4588533],[126.7082284,37.458857]]]}},{"type":"Feature","id":1543999237,"properties":{"osmId":1543999237,"name":"","height":48,"heightTag":"48","building":"apartments","updatedAt":"2026-07-24T09:04:52Z"},"geometry":{"type":"Polygon","coordinates":[[[126.7081904,37.4595024],[126.7081586,37.4598919],[126.7080256,37.4598882],[126.7080575,37.4594987],[126.7081904,37.4595024]]]}},{"type":"Feature","id":1543999238,"properties":{"osmId":1543999238,"name":"","height":68,"heightTag":"68","building":"apartments","updatedAt":"2026-07-24T09:04:52Z"},"geometry":{"type":"Polygon","coordinates":[[[126.7073742,37.4594722],[126.7073424,37.4598618],[126.7072095,37.4598581],[126.7072413,37.4594685],[126.7073742,37.4594722]]]}},{"type":"Feature","id":1543999239,"properties":{"osmId":1543999239,"name":"","height":68,"heightTag":"68","building":"apartments","updatedAt":"2026-07-24T09:04:52Z"},"geometry":{"type":"Polygon","coordinates":[[[126.706441,37.4594974],[126.7064092,37.4598869],[126.7062763,37.4598832],[126.7063081,37.4594936],[126.706441,37.4594974]]]}},{"type":"Feature","id":1543999240,"properties":{"osmId":1543999240,"name":"","height":68,"heightTag":"68","building":"apartments","updatedAt":"2026-07-24T09:04:52Z"},"geometry":{"type":"Polygon","coordinates":[[[126.70646,37.4587365],[126.7064282,37.4591261],[126.7062952,37.4591224],[126.7063271,37.4587328],[126.70646,37.4587365]]]}},{"type":"Feature","id":1543999241,"properties":{"osmId":1543999241,"name":"","height":68,"heightTag":"68","building":"apartments","updatedAt":"2026-07-24T09:04:52Z"},"geometry":{"type":"Polygon","coordinates":[[[126.7074248,37.4587214],[126.707393,37.459111],[126.7072601,37.4591073],[126.7072919,37.4587177],[126.7074248,37.4587214]]]}},{"type":"Feature","id":1543999242,"properties":{"osmId":1543999242,"name":"","height":68,"heightTag":"68","building":"apartments","updatedAt":"2026-07-24T09:04:52Z"},"geometry":{"type":"Polygon","coordinates":[[[126.707466,37.4581137],[126.7074341,37.4585033],[126.7073012,37.4584996],[126.707333,37.45811],[126.707466,37.4581137]]]}},{"type":"Feature","id":1544001044,"properties":{"osmId":1544001044,"name":"","height":69,"heightTag":"69","building":"apartments","updatedAt":"2026-07-24T09:15:32Z"},"geometry":{"type":"Polygon","coordinates":[[[126.7111508,37.4573298],[126.7113958,37.4573458],[126.7113755,37.4575423],[126.7111305,37.4575263],[126.7111508,37.4573298]]]}},{"type":"Feature","id":1544001045,"properties":{"osmId":1544001045,"name":"","height":68,"heightTag":"68","building":"apartments","updatedAt":"2026-07-24T09:15:32Z"},"geometry":{"type":"Polygon","coordinates":[[[126.711094,37.4581327],[126.711339,37.4581487],[126.7113186,37.4583452],[126.7110736,37.4583292],[126.711094,37.4581327]]]}},{"type":"Feature","id":1544001046,"properties":{"osmId":1544001046,"name":"","height":65,"heightTag":"65","building":"apartments","updatedAt":"2026-07-24T09:15:32Z"},"geometry":{"type":"Polygon","coordinates":[[[126.7109881,37.4589698],[126.7112331,37.4589858],[126.7112127,37.4591823],[126.7109677,37.4591663],[126.7109881,37.4589698]]]}},{"type":"Feature","id":1544001047,"properties":{"osmId":1544001047,"name":"","height":74,"heightTag":"74","building":"apartments","updatedAt":"2026-07-24T09:15:32Z"},"geometry":{"type":"Polygon","coordinates":[[[126.7109396,37.4597543],[126.7111845,37.4597703],[126.7111642,37.4599668],[126.7109192,37.4599508],[126.7109396,37.4597543]]]}},{"type":"Feature","id":1544001048,"properties":{"osmId":1544001048,"name":"","height":69,"heightTag":"69","building":"apartments","updatedAt":"2026-07-24T09:15:32Z"},"geometry":{"type":"Polygon","coordinates":[[[126.7119897,37.4581502],[126.7122346,37.4581662],[126.7122143,37.4583627],[126.7119693,37.4583467],[126.7119897,37.4581502]]]}},{"type":"Feature","id":1544001049,"properties":{"osmId":1544001049,"name":"","height":74,"heightTag":"74","building":"apartments","updatedAt":"2026-07-24T09:15:32Z"},"geometry":{"type":"Polygon","coordinates":[[[126.7120029,37.4587841],[126.7122479,37.4588002],[126.7122275,37.4589966],[126.7119825,37.4589807],[126.7120029,37.4587841]]]}},{"type":"Feature","id":1544001050,"properties":{"osmId":1544001050,"name":"","height":69,"heightTag":"69","building":"apartments","updatedAt":"2026-07-24T09:15:32Z"},"geometry":{"type":"Polygon","coordinates":[[[126.7119676,37.4595126],[126.7122126,37.4595286],[126.7121922,37.4597251],[126.7119472,37.4597091],[126.7119676,37.4595126]]]}},{"type":"Feature","id":1544001051,"properties":{"osmId":1544001051,"name":"","height":66,"heightTag":"66","building":"apartments","updatedAt":"2026-07-24T09:15:32Z"},"geometry":{"type":"Polygon","coordinates":[[[126.7120124,37.4602264],[126.7124127,37.4602498],[126.7124006,37.4603795],[126.7120004,37.4603561],[126.7120124,37.4602264]]]}},{"type":"Feature","id":1544003214,"properties":{"osmId":1544003214,"name":"","height":57,"heightTag":"57","building":"apartments","updatedAt":"2026-07-24T09:22:11Z"},"geometry":{"type":"Polygon","coordinates":[[[126.7133477,37.4576945],[126.713035,37.4574552],[126.7131212,37.4573843],[126.7134338,37.4576237],[126.7133477,37.4576945]]]}},{"type":"Feature","id":1544003215,"properties":{"osmId":1544003215,"name":"","height":99,"heightTag":"99","building":"apartments","updatedAt":"2026-07-24T09:22:11Z"},"geometry":{"type":"Polygon","coordinates":[[[126.7132683,37.4581722],[126.7129557,37.4579328],[126.7130418,37.4578619],[126.7133544,37.4581014],[126.7132683,37.4581722]]]}},{"type":"Feature","id":1544003216,"properties":{"osmId":1544003216,"name":"","height":99,"heightTag":"99","building":"apartments","updatedAt":"2026-07-24T09:22:11Z"},"geometry":{"type":"Polygon","coordinates":[[[126.7133536,37.4586298],[126.7130409,37.4583905],[126.7131271,37.4583196],[126.7134397,37.458559],[126.7133536,37.4586298]]]}},{"type":"Feature","id":1544003217,"properties":{"osmId":1544003217,"name":"","height":99,"heightTag":"99","building":"apartments","updatedAt":"2026-07-24T09:22:11Z"},"geometry":{"type":"Polygon","coordinates":[[[126.7133518,37.4593228],[126.7130391,37.4590834],[126.7131253,37.4590125],[126.7134379,37.4592519],[126.7133518,37.4593228]]]}},{"type":"Feature","id":1544003218,"properties":{"osmId":1544003218,"name":"","height":74,"heightTag":"74","building":"apartments","updatedAt":"2026-07-24T09:22:11Z"},"geometry":{"type":"Polygon","coordinates":[[[126.7132474,37.4599631],[126.7129347,37.4597237],[126.7130209,37.4596528],[126.7133335,37.4598922],[126.7132474,37.4599631]]]}},{"type":"Feature","id":1544003219,"properties":{"osmId":1544003219,"name":"","height":88,"heightTag":"88","building":"apartments","updatedAt":"2026-07-24T09:22:11Z"},"geometry":{"type":"Polygon","coordinates":[[[126.713918,37.4600635],[126.7136054,37.4598242],[126.7136915,37.4597533],[126.7140041,37.4599927],[126.713918,37.4600635]]]}},{"type":"Feature","id":1544003220,"properties":{"osmId":1544003220,"name":"","height":91,"heightTag":"91","building":"apartments","updatedAt":"2026-07-24T09:22:11Z"},"geometry":{"type":"Polygon","coordinates":[[[126.7139465,37.4594558],[126.7136338,37.4592165],[126.71372,37.4591456],[126.7140326,37.459385],[126.7139465,37.4594558]]]}},{"type":"Feature","id":1544003221,"properties":{"osmId":1544003221,"name":"","height":77,"heightTag":"77","building":"apartments","updatedAt":"2026-07-24T09:22:11Z"},"geometry":{"type":"Polygon","coordinates":[[[126.7140237,37.4586832],[126.7135903,37.4586605],[126.7135984,37.4585622],[126.7140319,37.4585849],[126.7140237,37.4586832]]]}},{"type":"Feature","id":1544003222,"properties":{"osmId":1544003222,"name":"","height":38,"heightTag":"38","building":"apartments","updatedAt":"2026-07-24T09:22:11Z"},"geometry":{"type":"Polygon","coordinates":[[[126.7140269,37.458073],[126.7135934,37.4580503],[126.7136016,37.4579521],[126.714035,37.4579747],[126.7140269,37.458073]]]}},{"type":"Feature","id":1544003223,"properties":{"osmId":1544003223,"name":"","height":60,"heightTag":"60","building":"apartments","updatedAt":"2026-07-24T09:22:11Z"},"geometry":{"type":"Polygon","coordinates":[[[126.7142855,37.4600562],[126.714049,37.4600422],[126.7140587,37.4599396],[126.7142952,37.4599536],[126.7142855,37.4600562]]]}},{"type":"Feature","id":1544003224,"properties":{"osmId":1544003224,"name":"","height":71,"heightTag":"71","building":"apartments","updatedAt":"2026-07-24T09:22:11Z"},"geometry":{"type":"Polygon","coordinates":[[[126.7141725,37.4592931],[126.7143333,37.4594315],[126.7142379,37.4595013],[126.7140772,37.4593628],[126.7141725,37.4592931]]]}},{"type":"Feature","id":1544079116,"properties":{"osmId":1544079116,"name":"","height":44,"heightTag":"44","building":"apartments","updatedAt":"2026-07-24T15:07:08Z"},"geometry":{"type":"Polygon","coordinates":[[[126.7076889,37.4606542],[126.7079813,37.4606759],[126.7079637,37.4608246],[126.7076713,37.460803],[126.7076889,37.4606542]]]}},{"type":"Feature","id":1545032893,"properties":{"osmId":1545032893,"name":"","height":45,"heightTag":"45","building":"apartments","updatedAt":"2026-07-27T09:29:52Z"},"geometry":{"type":"Polygon","coordinates":[[[126.6993711,37.4602405],[126.6988332,37.460407],[126.6988767,37.4604955],[126.6994146,37.460329],[126.6993711,37.4602405]]]}},{"type":"Feature","id":1545040870,"properties":{"osmId":1545040870,"name":"","height":80,"heightTag":"80","building":"apartments","updatedAt":"2026-07-27T10:13:33Z"},"geometry":{"type":"Polygon","coordinates":[[[126.6949364,37.4577654],[126.6947651,37.4579075],[126.6948503,37.4579722],[126.6950216,37.4578301],[126.6949364,37.4577654]]]}},{"type":"Feature","id":1545040871,"properties":{"osmId":1545040871,"name":"","height":80,"heightTag":"80","building":"apartments","updatedAt":"2026-07-27T10:13:33Z"},"geometry":{"type":"Polygon","coordinates":[[[126.6953353,37.4583292],[126.6951695,37.458183],[126.6950819,37.4582456],[126.6952476,37.4583918],[126.6953353,37.4583292]]]}},{"type":"Feature","id":1545040872,"properties":{"osmId":1545040872,"name":"","height":63,"heightTag":"63","building":"apartments","updatedAt":"2026-07-27T10:13:33Z"},"geometry":{"type":"Polygon","coordinates":[[[126.695494,37.4587451],[126.6953283,37.4585989],[126.6952406,37.4586615],[126.6954064,37.4588077],[126.695494,37.4587451]]]}},{"type":"Feature","id":1545040873,"properties":{"osmId":1545040873,"name":"","height":41,"heightTag":"41","building":"apartments","updatedAt":"2026-07-27T10:13:33Z"},"geometry":{"type":"Polygon","coordinates":[[[126.6959681,37.4591412],[126.6958024,37.458995],[126.6957147,37.4590576],[126.6958804,37.4592038],[126.6959681,37.4591412]]]}},{"type":"Feature","id":1545040874,"properties":{"osmId":1545040874,"name":"","height":80,"heightTag":"80","building":"apartments","updatedAt":"2026-07-27T10:13:33Z"},"geometry":{"type":"Polygon","coordinates":[[[126.6961382,37.4587145],[126.6959725,37.4585683],[126.6958848,37.4586309],[126.6960505,37.4587771],[126.6961382,37.4587145]]]}},{"type":"Feature","id":1545040875,"properties":{"osmId":1545040875,"name":"","height":77,"heightTag":"77","building":"apartments","updatedAt":"2026-07-27T10:13:33Z"},"geometry":{"type":"Polygon","coordinates":[[[126.6959885,37.4582374],[126.6958228,37.4580912],[126.6957351,37.4581538],[126.6959008,37.4583],[126.6959885,37.4582374]]]}},{"type":"Feature","id":1545040876,"properties":{"osmId":1545040876,"name":"","height":80,"heightTag":"80","building":"apartments","updatedAt":"2026-07-27T10:13:33Z"},"geometry":{"type":"Polygon","coordinates":[[[126.6958569,37.4578251],[126.6956912,37.4576789],[126.6956035,37.4577415],[126.6957693,37.4578877],[126.6958569,37.4578251]]]}},{"type":"Feature","id":1545040877,"properties":{"osmId":1545040877,"name":"","height":59,"heightTag":"59","building":"apartments","updatedAt":"2026-07-27T10:13:33Z"},"geometry":{"type":"Polygon","coordinates":[[[126.6960175,37.4577923],[126.6962637,37.4577701],[126.6962504,37.4576771],[126.6960042,37.4576993],[126.6960175,37.4577923]]]}},{"type":"Feature","id":1545040878,"properties":{"osmId":1545040878,"name":"","height":67,"heightTag":"67","building":"apartments","updatedAt":"2026-07-27T10:13:33Z"},"geometry":{"type":"Polygon","coordinates":[[[126.6961241,37.4582928],[126.6963703,37.4582706],[126.696357,37.4581776],[126.6961108,37.4581998],[126.6961241,37.4582928]]]}},{"type":"Feature","id":1545042374,"properties":{"osmId":1545042374,"name":"","height":null,"heightTag":null,"building":"apartments","updatedAt":"2026-07-27T10:16:45Z"},"geometry":{"type":"Polygon","coordinates":[[[126.6973717,37.4586273],[126.6966116,37.4587757],[126.696586,37.4586929],[126.697346,37.4585443],[126.6973717,37.4586273]]]}},{"type":"Feature","id":1545042375,"properties":{"osmId":1545042375,"name":"","height":null,"heightTag":null,"building":"apartments","updatedAt":"2026-07-27T10:16:45Z"},"geometry":{"type":"Polygon","coordinates":[[[126.6975869,37.4589904],[126.6968268,37.4591388],[126.6968011,37.459056],[126.6975611,37.4589075],[126.6975869,37.4589904]]]}},{"type":"Feature","id":1545042376,"properties":{"osmId":1545042376,"name":"","height":null,"heightTag":null,"building":"apartments","updatedAt":"2026-07-27T10:16:45Z"},"geometry":{"type":"Polygon","coordinates":[[[126.6979568,37.4593154],[126.6971967,37.4594638],[126.697171,37.459381],[126.6979311,37.4592325],[126.6979568,37.4593154]]]}},{"type":"Feature","id":1545042377,"properties":{"osmId":1545042377,"name":"","height":null,"heightTag":null,"building":"apartments","updatedAt":"2026-07-27T10:16:45Z"},"geometry":{"type":"Polygon","coordinates":[[[126.6979066,37.4597361],[126.6973426,37.4598462],[126.6973167,37.4597625],[126.6978807,37.4596525],[126.6979066,37.4597361]]]}},{"type":"Feature","id":1545042378,"properties":{"osmId":1545042378,"name":"","height":null,"heightTag":null,"building":"apartments","updatedAt":"2026-07-27T10:16:45Z"},"geometry":{"type":"Polygon","coordinates":[[[126.6962559,37.4592791],[126.6964699,37.4588505],[126.6965708,37.4588822],[126.6963567,37.4593108],[126.6962559,37.4592791]]]}},{"type":"Feature","id":1545042379,"properties":{"osmId":1545042379,"name":"","height":null,"heightTag":null,"building":"apartments","updatedAt":"2026-07-27T10:16:45Z"},"geometry":{"type":"Polygon","coordinates":[[[126.6975322,37.4605508],[126.6973385,37.4599445],[126.6974461,37.4599228],[126.6976399,37.4605292],[126.6975322,37.4605508]]]}},{"type":"Feature","id":1545967639,"properties":{"osmId":1545967639,"name":"","height":null,"heightTag":null,"building":"yes","updatedAt":"2026-07-30T10:20:14Z"},"geometry":{"type":"Polygon","coordinates":[[[126.7068072,37.453455],[126.7070484,37.4534353],[126.7070384,37.4533575],[126.7067971,37.4533772],[126.7068072,37.453455]]]}},{"type":"Feature","id":1554171615,"properties":{"osmId":1554171615,"name":"","height":null,"heightTag":null,"building":"yes","updatedAt":"2026-09-01T09:22:51Z"},"geometry":{"type":"Polygon","coordinates":[[[126.6996579,37.4423877],[126.6998779,37.4423664],[126.699732,37.4414186],[126.6995118,37.4414399],[126.6996579,37.4423877]]]}}]}